-- Migration generated using cmd/load_duty_stations
-- Duty stations file: /Users/patrick/Downloads/drive-download-20180920T181315Z-001/stations.xlsx
-- Transportation offices file: /Users/patrick/Downloads/drive-download-20180920T181315Z-001/offices.xlsx

INSERT into addresses (id, created_at, updated_at, street_address_1, street_address_2, city, state, postal_code, country) VALUES ('f3a24e3a-96ab-4546-83c5-d3f3c1afc2a3', now(), now(), '504A Holbrook Rd', '1st Floor Room 2', 'Fort Bliss', 'TX', '79916.0', 'United States');
INSERT into transportation_offices (id, shipping_office_id, name, address_id, latitude, longitude, gbloc, created_at, updated_at) VALUES ('d7edc325-6f24-40b6-8464-922276b6442b', NULL, 'Fort Bliss PPPO', 'f3a24e3a-96ab-4546-83c5-d3f3c1afc2a3', 0.0000, 0.0000, '', now(), now());
INSERT into office_phone_lines (id, transportation_office_id, number, label, is_dsn_number, type, created_at, updated_at) VALUES ('90be5d1b-66c1-43ff-b7d7-c27cfef9f06b', 'd7edc325-6f24-40b6-8464-922276b6442b', '(915) 568-6124', 'Customer Service', true, 'Voice', now(), now());
INSERT into office_emails (id, transportation_office_id, email, label, created_at, updated_at) VALUES ('88e0d4f8-61fb-4dcf-a900-319272b92247', 'd7edc325-6f24-40b6-8464-922276b6442b', 'usarmy.bliss.imcom-central.list.dol-transportation@mail.mil', 'Customer Service', now(), now());
INSERT into addresses (id, created_at, updated_at, street_address_1, city, state, postal_code, country) VALUES ('0bf3462f-16c3-4c17-b96f-e0b8f3922542', now(), now(), '', 'Fort Bliss', 'TX', '79916.0', 'United States');
INSERT into duty_stations (id, created_at, updated_at, name, affiliation, address_id, transportation_office_id) VALUES ('63f3783c-0300-4ab1-b545-88d3dd739866', now(), now(), 'Fort Bliss', 'ARMY', '0bf3462f-16c3-4c17-b96f-e0b8f3922542', 'd7edc325-6f24-40b6-8464-922276b6442b');

INSERT into addresses (id, created_at, updated_at, street_address_1, street_address_2, city, state, postal_code, country) VALUES ('e94f4cea-0bf0-4301-a68e-b3193f552b5d', now(), now(), '55 Pony Soldier Ave', 'Bldg. 253, Suite 2003A', 'Fort Stewart', 'GA', '31314.0', 'United States');
INSERT into transportation_offices (id, shipping_office_id, name, address_id, latitude, longitude, gbloc, created_at, updated_at) VALUES ('8b34fa25-352f-420d-9ad7-a11fde7b000b', NULL, 'Fort Stewart - Transportation Office', 'e94f4cea-0bf0-4301-a68e-b3193f552b5d', 0.0000, 0.0000, '', now(), now());
INSERT into office_phone_lines (id, transportation_office_id, number, label, is_dsn_number, type, created_at, updated_at) VALUES ('7549fcee-be9a-4053-8430-55874e1a01c6', '8b34fa25-352f-420d-9ad7-a11fde7b000b', '(912) 767-7971', 'Customer Service', true, 'Voice', now(), now());
INSERT into office_emails (id, transportation_office_id, email, label, created_at, updated_at) VALUES ('8e105336-9daf-412a-b453-f149528dbbe1', '8b34fa25-352f-420d-9ad7-a11fde7b000b', 'usarmy.stewart.usag.list.ima-sero@mail.mil', 'Customer Service', now(), now());
INSERT into addresses (id, created_at, updated_at, street_address_1, city, state, postal_code, country) VALUES ('e6c5e624-75f3-4956-83e3-a550611958e5', now(), now(), '', 'Fort Stewart', 'GA', '31314.0', 'United States');
INSERT into duty_stations (id, created_at, updated_at, name, affiliation, address_id, transportation_office_id) VALUES ('d677fca6-efc7-45ea-acb7-89f0f2d674e0', now(), now(), 'Fort Stewart', 'ARMY', 'e6c5e624-75f3-4956-83e3-a550611958e5', '8b34fa25-352f-420d-9ad7-a11fde7b000b');

INSERT into addresses (id, created_at, updated_at, street_address_1, street_address_2, city, state, postal_code, country) VALUES ('1d9f5dd3-3cdd-4e5b-9af3-08a58b965612', now(), now(), '730 Enterprise Blvd', 'Training Bldg, Wing 2, Room 5', 'NAS Lemoore', 'CA', '93246.0', 'United States');
INSERT into transportation_offices (id, shipping_office_id, name, address_id, latitude, longitude, gbloc, created_at, updated_at) VALUES ('21c5a2b0-b444-463e-815b-63479d0870ee', NULL, 'Personal Property Office', '1d9f5dd3-3cdd-4e5b-9af3-08a58b965612', 0.0000, 0.0000, '', now(), now());
INSERT into office_phone_lines (id, transportation_office_id, number, label, is_dsn_number, type, created_at, updated_at) VALUES ('e7492158-0742-47bd-b1ca-6efeec53e249', '21c5a2b0-b444-463e-815b-63479d0870ee', '(559) 998-3881', 'Customer Service', true, 'Voice', now(), now());
INSERT into addresses (id, created_at, updated_at, street_address_1, city, state, postal_code, country) VALUES ('cc714fa5-71bb-4603-87a9-cf447bc52496', now(), now(), '', 'Alameda', 'CA', '94501.0', 'United States');
INSERT into duty_stations (id, created_at, updated_at, name, affiliation, address_id, transportation_office_id) VALUES ('0518aedc-edba-4090-912a-02b3a05185aa', now(), now(), 'US Coast Guard Alameda', 'COAST_GUARD', 'cc714fa5-71bb-4603-87a9-cf447bc52496', '21c5a2b0-b444-463e-815b-63479d0870ee');

INSERT into addresses (id, created_at, updated_at, street_address_1, street_address_2, city, state, postal_code, country) VALUES ('07cd2e51-79fe-4700-b901-bbc5075d099b', now(), now(), '171 Haley Ave', 'Bldg 1286 Suite 229', 'Hunter Army Airfield', 'GA', '31406.0', 'United States');
INSERT into transportation_offices (id, shipping_office_id, name, address_id, latitude, longitude, gbloc, created_at, updated_at) VALUES ('6bc5bcb8-af38-4445-9242-21a3d189f095', NULL, 'Hunter Army Airfield - Transportation Office', '07cd2e51-79fe-4700-b901-bbc5075d099b', 0.0000, 0.0000, '', now(), now());
INSERT into office_phone_lines (id, transportation_office_id, number, label, is_dsn_number, type, created_at, updated_at) VALUES ('c6e9a046-eb24-46e0-b8a6-a396cda830b7', '6bc5bcb8-af38-4445-9242-21a3d189f095', '(912) 315-3828', 'Customer Service', true, 'Voice', now(), now());
INSERT into office_emails (id, transportation_office_id, email, label, created_at, updated_at) VALUES ('7151ca97-b5a1-47c9-ac2f-4bf4ba7b23d6', '6bc5bcb8-af38-4445-9242-21a3d189f095', 'usarmy.stewart.usag.list.ima-sero@mail.mil', 'Customer Service', now(), now());
INSERT into addresses (id, created_at, updated_at, street_address_1, city, state, postal_code, country) VALUES ('5a59d1cf-b011-403a-aba7-e378f10d4eaf', now(), now(), '', 'Hunter Army Airfield', 'GA', '31406.0', 'United States');
INSERT into duty_stations (id, created_at, updated_at, name, affiliation, address_id, transportation_office_id) VALUES ('4e2d59af-8732-47e2-b519-9187bcd931ca', now(), now(), 'Hunter Army Airfield', 'ARMY', '5a59d1cf-b011-403a-aba7-e378f10d4eaf', '6bc5bcb8-af38-4445-9242-21a3d189f095');

INSERT into addresses (id, created_at, updated_at, street_address_1, street_address_2, city, state, postal_code, country) VALUES ('29ef10d3-89d5-4ea1-a947-2165df0824fb', now(), now(), '46 Ashburn Dr', '2nd Floor', 'Carlisle', 'PA', '17013.0', 'United States');
INSERT into transportation_offices (id, shipping_office_id, name, address_id, latitude, longitude, gbloc, created_at, updated_at) VALUES ('cb85c144-2631-48f4-b508-5cacf264990d', NULL, 'CPPSO - Carlisle Barracks', '29ef10d3-89d5-4ea1-a947-2165df0824fb', 0.0000, 0.0000, '', now(), now());
INSERT into office_phone_lines (id, transportation_office_id, number, label, is_dsn_number, type, created_at, updated_at) VALUES ('62e543ae-f68b-45cc-932d-6d90a3da6b10', 'cb85c144-2631-48f4-b508-5cacf264990d', '(717) 245-4968', 'Customer Service', true, 'Voice', now(), now());
INSERT into office_emails (id, transportation_office_id, email, label, created_at, updated_at) VALUES ('eddb24cc-4f95-4fc5-b5dc-79a54db2a2d4', 'cb85c144-2631-48f4-b508-5cacf264990d', 'Usarmy.carlisle.imcom-atlantic.mbx.imne-clb-pwt@mail.mil', 'Customer Service', now(), now());
INSERT into addresses (id, created_at, updated_at, street_address_1, city, state, postal_code, country) VALUES ('893726e1-93a7-4bbc-a47e-afbe68f9cfcc', now(), now(), '', 'Carlisle', 'PA', '17013.0', 'United States');
INSERT into duty_stations (id, created_at, updated_at, name, affiliation, address_id, transportation_office_id) VALUES ('60b3d112-afe9-4276-9242-595032be8faa', now(), now(), 'US Army Garrison, Carlisle Barracks', 'ARMY', '893726e1-93a7-4bbc-a47e-afbe68f9cfcc', 'cb85c144-2631-48f4-b508-5cacf264990d');

INSERT into addresses (id, created_at, updated_at, street_address_1, city, state, postal_code, country) VALUES ('567c1d5d-2f8e-4816-a1a1-6d8d653861d3', now(), now(), '599 Tomales Rd', 'Petaluma', 'CA', '94952.0', 'United States');
INSERT into transportation_offices (id, shipping_office_id, name, address_id, latitude, longitude, gbloc, created_at, updated_at) VALUES ('0b0ed951-52e0-4f16-b868-7d6eaa496812', NULL, 'Personal Property Petaluma', '567c1d5d-2f8e-4816-a1a1-6d8d653861d3', 0.0000, 0.0000, '', now(), now());
INSERT into office_phone_lines (id, transportation_office_id, number, label, is_dsn_number, type, created_at, updated_at) VALUES ('b16e1438-8269-4b8a-99fd-84fd7f88f548', '0b0ed951-52e0-4f16-b868-7d6eaa496812', '(707) 765-7550', 'Customer Service', true, 'Voice', now(), now());
INSERT into office_emails (id, transportation_office_id, email, label, created_at, updated_at) VALUES ('2262dc13-8ea7-4622-a5b2-f9570af4cf35', '0b0ed951-52e0-4f16-b868-7d6eaa496812', 'D11-DG-M-TCPET-Transportation@uscg.mil', 'Customer Service', now(), now());
INSERT into addresses (id, created_at, updated_at, street_address_1, city, state, postal_code, country) VALUES ('ae4d2026-8200-4c02-9883-5e6c9efa00f7', now(), now(), '', 'Petaluma', 'CA', '94952.0', 'United States');
INSERT into duty_stations (id, created_at, updated_at, name, affiliation, address_id, transportation_office_id) VALUES ('bb54196c-e67f-44d3-b3fb-476d4ef99a48', now(), now(), 'US Coast Guard Petaluma', 'COAST_GUARD', 'ae4d2026-8200-4c02-9883-5e6c9efa00f7', '0b0ed951-52e0-4f16-b868-7d6eaa496812');

INSERT into addresses (id, created_at, updated_at, street_address_1, street_address_2, city, state, postal_code, country) VALUES ('95c13b32-ec86-4211-ac23-1d9960f6e46d', now(), now(), '9910 Tracy Loop', 'Bldg 766, 406th Army Field Support Battalion (AFSB)', 'Fort Belvoir', 'VA', '22060.0', 'United States');
INSERT into transportation_offices (id, shipping_office_id, name, address_id, latitude, longitude, gbloc, created_at, updated_at) VALUES ('0b121a60-64cc-49d9-8c02-e580c83b257f', NULL, 'PPPO Fort Belvoir / Logistics Readiness Center (LRC)', '95c13b32-ec86-4211-ac23-1d9960f6e46d', 0.0000, 0.0000, '', now(), now());
INSERT into office_phone_lines (id, transportation_office_id, number, label, is_dsn_number, type, created_at, updated_at) VALUES ('ae35b7e8-4e82-4ca1-b25a-ad8021699a88', '0b121a60-64cc-49d9-8c02-e580c83b257f', '(703) 805-5674', 'Customer Service', true, 'Voice', now(), now());
INSERT into office_emails (id, transportation_office_id, email, label, created_at, updated_at) VALUES ('ac87b6ec-e8ec-4b56-8623-e26da9329269', '0b121a60-64cc-49d9-8c02-e580c83b257f', 'usarmy.belvoir.mbx.outboundpcsing@mail.mil', 'Customer Service', now(), now());
INSERT into addresses (id, created_at, updated_at, street_address_1, city, state, postal_code, country) VALUES ('754d109b-8c22-432c-8e78-b04405e8beeb', now(), now(), '', 'Fort Belvoir', 'VA', '22060.0', 'United States');
INSERT into duty_stations (id, created_at, updated_at, name, affiliation, address_id, transportation_office_id) VALUES ('27d1371e-1607-420b-9962-c98904974f1b', now(), now(), 'Fort Belvoir', 'ARMY', '754d109b-8c22-432c-8e78-b04405e8beeb', '0b121a60-64cc-49d9-8c02-e580c83b257f');

INSERT into addresses (id, created_at, updated_at, street_address_1, street_address_2, city, state, postal_code, country) VALUES ('e83ecc69-554e-4737-ad52-a5c2e762e180', now(), now(), '9325 Gunston Rd', 'Ste N110 Bldg. 1466', 'Fort Belvoir', 'VA', '22060.0', 'United States');
INSERT into transportation_offices (id, shipping_office_id, name, address_id, latitude, longitude, gbloc, created_at, updated_at) VALUES ('07118a49-7b0b-430f-8e28-2d77586aa620', NULL, 'JPPSO-MA: Regional Customer Service Office', 'e83ecc69-554e-4737-ad52-a5c2e762e180', 0.0000, 0.0000, '', now(), now());
INSERT into office_phone_lines (id, transportation_office_id, number, label, is_dsn_number, type, created_at, updated_at) VALUES ('a2aa32ae-1d2a-44f0-b4f8-7c59e9501380', '07118a49-7b0b-430f-8e28-2d77586aa620', '(703) 806-4900', 'Customer Service', true, 'Voice', now(), now());
INSERT into office_emails (id, transportation_office_id, email, label, created_at, updated_at) VALUES ('d846f591-0925-4eef-9c4c-504bc2125276', '07118a49-7b0b-430f-8e28-2d77586aa620', 'usarmy.belvoir.imcom.mbx.jppsowa@mail.mil', 'Customer Service', now(), now());
INSERT into addresses (id, created_at, updated_at, street_address_1, city, state, postal_code, country) VALUES ('ba9019c6-9215-4580-b3ee-4399c6039e9b', now(), now(), '', 'Fort Belvoir', 'VA', '22060.0', 'United States');
INSERT into duty_stations (id, created_at, updated_at, name, affiliation, address_id, transportation_office_id) VALUES ('1687c87e-c7ac-45a5-b7c0-63fae84edcc6', now(), now(), 'Fort Belvoir', 'ARMY', 'ba9019c6-9215-4580-b3ee-4399c6039e9b', '07118a49-7b0b-430f-8e28-2d77586aa620');

INSERT into addresses (id, created_at, updated_at, street_address_1, city, state, postal_code, country) VALUES ('19d64e6a-daa3-4ba1-af74-2f2661bdbfce', now(), now(), '626 Swift Rd', 'West Point', 'NY', '10996.0', 'United States');
INSERT into transportation_offices (id, shipping_office_id, name, address_id, latitude, longitude, gbloc, created_at, updated_at) VALUES ('2b359be8-c688-4a57-b4f6-4c438791608e', NULL, 'West Point Military Academy ITO', '19d64e6a-daa3-4ba1-af74-2f2661bdbfce', 0.0000, 0.0000, '', now(), now());
INSERT into office_phone_lines (id, transportation_office_id, number, label, is_dsn_number, type, created_at, updated_at) VALUES ('939b1714-2057-4987-acd2-e53b7d8d3dd8', '2b359be8-c688-4a57-b4f6-4c438791608e', '(845) 938-4051', 'Customer Service', true, 'Voice', now(), now());
INSERT into office_emails (id, transportation_office_id, email, label, created_at, updated_at) VALUES ('b418ffe4-1494-4ca0-9eba-3c5c7af26857', '2b359be8-c688-4a57-b4f6-4c438791608e', 'usarmy.belvoir.imcom.mbx.jppsowa@mail.mil', 'Customer Service', now(), now());
INSERT into addresses (id, created_at, updated_at, street_address_1, city, state, postal_code, country) VALUES ('04499de0-a12b-4b3a-8d1b-d3f518ad00de', now(), now(), '', 'West Point', 'NY', '10996.0', 'United States');
INSERT into duty_stations (id, created_at, updated_at, name, affiliation, address_id, transportation_office_id) VALUES ('ada58ce6-aafc-4359-b4e6-637288a3bf89', now(), now(), 'West Point', 'ARMY', '04499de0-a12b-4b3a-8d1b-d3f518ad00de', '2b359be8-c688-4a57-b4f6-4c438791608e');

INSERT into addresses (id, created_at, updated_at, street_address_1, street_address_2, city, state, postal_code, country) VALUES ('57432c81-159e-4734-aa69-6ec4c9d1ea42', now(), now(), 'Custer Ave', 'Bldg. 215 Rm 133', 'Fort Riley', 'KS', '66442.0', 'United States');
INSERT into transportation_offices (id, shipping_office_id, name, address_id, latitude, longitude, gbloc, created_at, updated_at) VALUES ('0776d635-0392-49c4-9aec-4df356fc7f40', NULL, 'Fort Riley Transportation (KOAT)', '57432c81-159e-4734-aa69-6ec4c9d1ea42', 0.0000, 0.0000, '', now(), now());
INSERT into office_phone_lines (id, transportation_office_id, number, label, is_dsn_number, type, created_at, updated_at) VALUES ('403cfc7b-d33e-4bd0-9b87-d4c1d2a5c9ea', '0776d635-0392-49c4-9aec-4df356fc7f40', '(785) 239-6683', 'Customer Service', true, 'Voice', now(), now());
INSERT into office_emails (id, transportation_office_id, email, label, created_at, updated_at) VALUES ('a4519b2b-ecf2-4c9e-92c0-4bb25e930321', '0776d635-0392-49c4-9aec-4df356fc7f40', 'usarmy.riley.imcom.mbx.dol@mail.mil', 'Customer Service', now(), now());
INSERT into addresses (id, created_at, updated_at, street_address_1, city, state, postal_code, country) VALUES ('355d22e2-8893-4028-9c0e-5f8fa23edcbd', now(), now(), '', 'Fort Riley', 'KS', '66442.0', 'United States');
INSERT into duty_stations (id, created_at, updated_at, name, affiliation, address_id, transportation_office_id) VALUES ('f5edd9d7-4b19-48f9-94ba-db7d3f8250de', now(), now(), 'Fort Riley', 'ARMY', '355d22e2-8893-4028-9c0e-5f8fa23edcbd', '0776d635-0392-49c4-9aec-4df356fc7f40');

INSERT into addresses (id, created_at, updated_at, street_address_1, street_address_2, city, state, postal_code, country) VALUES ('fc6d9d81-85d3-4eb4-a5b9-e42d3d28fc02', now(), now(), '453 Novosel Street', 'Bldg. 5700 Room 270', 'Fort Rucker', 'AL', '36362.0', 'United States');
INSERT into transportation_offices (id, shipping_office_id, name, address_id, latitude, longitude, gbloc, created_at, updated_at) VALUES ('6667426d-92ba-4c71-b79a-480bd7a9234d', NULL, 'FORT RUCKER COUNSELING OFFICE', 'fc6d9d81-85d3-4eb4-a5b9-e42d3d28fc02', 0.0000, 0.0000, '', now(), now());
INSERT into office_phone_lines (id, transportation_office_id, number, label, is_dsn_number, type, created_at, updated_at) VALUES ('3d851d76-2011-496c-9987-2f7470ed4a6d', '6667426d-92ba-4c71-b79a-480bd7a9234d', '(334) 255-9842', 'Customer Service', true, 'Voice', now(), now());
INSERT into office_emails (id, transportation_office_id, email, label, created_at, updated_at) VALUES ('ab601df7-5c0e-42c1-9ba6-4f5f3079f1e6', '6667426d-92ba-4c71-b79a-480bd7a9234d', 'usarmy.rucker.avncoe.mbx.imse-rck-lgt@mail.mil', 'Customer Service', now(), now());
INSERT into addresses (id, created_at, updated_at, street_address_1, city, state, postal_code, country) VALUES ('847ece5e-991c-4770-bf7c-b58f9625f57f', now(), now(), '', 'Fort Rucker', 'AL', '36362.0', 'United States');
INSERT into duty_stations (id, created_at, updated_at, name, affiliation, address_id, transportation_office_id) VALUES ('a08ee61d-4d65-44c0-a1ce-872f0c5da2c1', now(), now(), 'Fort Rucker', 'ARMY', '847ece5e-991c-4770-bf7c-b58f9625f57f', '6667426d-92ba-4c71-b79a-480bd7a9234d');

INSERT into addresses (id, created_at, updated_at, street_address_1, street_address_2, city, state, postal_code, country) VALUES ('1cc29514-2e21-4a07-8101-fd364835c05f', now(), now(), '18010 TJ Mills', 'RM A104', 'Fort Hood', 'TX', '76544.0', 'United States');
INSERT into transportation_offices (id, shipping_office_id, name, address_id, latitude, longitude, gbloc, created_at, updated_at) VALUES ('53d07612-5b9b-4748-a8da-bee2254f9764', NULL, 'PPPO Hood', '1cc29514-2e21-4a07-8101-fd364835c05f', 0.0000, 0.0000, '', now(), now());
INSERT into office_phone_lines (id, transportation_office_id, number, label, is_dsn_number, type, created_at, updated_at) VALUES ('93a6dd58-e1f7-43e3-ac06-1250d61dc4f3', '53d07612-5b9b-4748-a8da-bee2254f9764', '(254) 287-2200', 'Customer Service', true, 'Voice', now(), now());
INSERT into office_emails (id, transportation_office_id, email, label, created_at, updated_at) VALUES ('23261091-2d0b-4068-8e62-3d4c8f00ec2d', '53d07612-5b9b-4748-a8da-bee2254f9764', 'usarmy.hood.usag.mbx.dol-ppopns@mail.mil', 'Customer Service', now(), now());
INSERT into addresses (id, created_at, updated_at, street_address_1, city, state, postal_code, country) VALUES ('93d409e2-1c9b-47af-ae4c-866780e91577', now(), now(), '', 'Fort Hood', 'TX', '76544.0', 'United States');
INSERT into duty_stations (id, created_at, updated_at, name, affiliation, address_id, transportation_office_id) VALUES ('af1e0b11-5057-42ea-a7e0-90e650f5fe83', now(), now(), 'Fort Hood', 'ARMY', '93d409e2-1c9b-47af-ae4c-866780e91577', '53d07612-5b9b-4748-a8da-bee2254f9764');

INSERT into addresses (id, created_at, updated_at, street_address_1, street_address_2, city, state, postal_code, country) VALUES ('1d5ceb07-7df6-4b12-bdac-58fc44181f36', now(), now(), '549 Kearny Ave', 'Building 248', 'Fort Leavenworth', 'KS', '66048.0', 'United States');
INSERT into transportation_offices (id, shipping_office_id, name, address_id, latitude, longitude, gbloc, created_at, updated_at) VALUES ('84dfaf25-839c-4de4-86b6-757ea33f9e51', NULL, 'PPPO Fort Leavenworth', '1d5ceb07-7df6-4b12-bdac-58fc44181f36', 0.0000, 0.0000, '', now(), now());
INSERT into office_phone_lines (id, transportation_office_id, number, label, is_dsn_number, type, created_at, updated_at) VALUES ('69eadd84-6fc3-4aa7-822c-b946b4aeacbb', '84dfaf25-839c-4de4-86b6-757ea33f9e51', '(913) 684-5656', 'Customer Service', true, 'Voice', now(), now());
INSERT into office_emails (id, transportation_office_id, email, label, created_at, updated_at) VALUES ('6ae6908a-c0e3-4c32-87fe-401c0783a142', '84dfaf25-839c-4de4-86b6-757ea33f9e51', 'usarmy.leavenworth.imcom-central.mbx.ppso@mail.mil', 'Customer Service', now(), now());
INSERT into addresses (id, created_at, updated_at, street_address_1, city, state, postal_code, country) VALUES ('5e55de5d-fe4d-4c68-823b-95545b7dac31', now(), now(), '', 'Fort Leavenworth', 'KS', '66048.0', 'United States');
INSERT into duty_stations (id, created_at, updated_at, name, affiliation, address_id, transportation_office_id) VALUES ('87cea1c3-8880-44c6-98b7-78c988387d05', now(), now(), 'Fort Leavenworth', 'ARMY', '5e55de5d-fe4d-4c68-823b-95545b7dac31', '84dfaf25-839c-4de4-86b6-757ea33f9e51');

INSERT into addresses (id, created_at, updated_at, street_address_1, street_address_2, city, state, postal_code, country) VALUES ('0b8cef8c-975a-41c6-acd9-c6b586c7e776', now(), now(), '140 Replacement Ave', 'Building 470, Suite 1222', 'Fort Leonard Wood', 'MO', '65473.0', 'United States');
INSERT into transportation_offices (id, shipping_office_id, name, address_id, latitude, longitude, gbloc, created_at, updated_at) VALUES ('14151cd0-ab6b-4030-bb5a-e1007b477470', NULL, 'Fort Leonard Wood, Personal Property Processing Office', '0b8cef8c-975a-41c6-acd9-c6b586c7e776', 0.0000, 0.0000, '', now(), now());
INSERT into office_phone_lines (id, transportation_office_id, number, label, is_dsn_number, type, created_at, updated_at) VALUES ('bf3467b2-2cfb-4f2d-8d4e-7c8916d12624', '14151cd0-ab6b-4030-bb5a-e1007b477470', '(573) 596-0077', 'Customer Service', true, 'Voice', now(), now());
INSERT into office_emails (id, transportation_office_id, email, label, created_at, updated_at) VALUES ('72052583-2c6e-4d5c-9b0c-e07c50c26713', '14151cd0-ab6b-4030-bb5a-e1007b477470', 'usarmy.leonardwood.usag.mbx.dolhhg@mail.mil', 'Customer Service', now(), now());
INSERT into addresses (id, created_at, updated_at, street_address_1, city, state, postal_code, country) VALUES ('865cf066-a002-43e8-92cb-d806482ef961', now(), now(), '', 'Fort Leonard Wood', 'MO', '65473.0', 'United States');
INSERT into duty_stations (id, created_at, updated_at, name, affiliation, address_id, transportation_office_id) VALUES ('5947b9f5-1524-48f3-a150-5efa4d8b67b6', now(), now(), 'Fort Leonard Wood', 'ARMY', '865cf066-a002-43e8-92cb-d806482ef961', '14151cd0-ab6b-4030-bb5a-e1007b477470');

INSERT into addresses (id, created_at, updated_at, street_address_1, street_address_2, city, state, postal_code, country) VALUES ('ad3d59ac-134a-47aa-ae47-dfff7f4e5f82', now(), now(), 'Spears St', 'Bldg 328 2nd Floor', 'Yuma', 'AZ', '85369.0', 'United States');
INSERT into transportation_offices (id, shipping_office_id, name, address_id, latitude, longitude, gbloc, created_at, updated_at) VALUES ('1b5f221a-6239-4475-8b31-42a8edf4ad15', NULL, 'DMO MCAS Yuma AZ', 'ad3d59ac-134a-47aa-ae47-dfff7f4e5f82', 0.0000, 0.0000, '', now(), now());
INSERT into office_phone_lines (id, transportation_office_id, number, label, is_dsn_number, type, created_at, updated_at) VALUES ('bd92ad08-d1d0-4194-9731-efc3fe0175c2', '1b5f221a-6239-4475-8b31-42a8edf4ad15', '(918) 269-6652', 'Customer Service', true, 'Voice', now(), now());
INSERT into office_emails (id, transportation_office_id, email, label, created_at, updated_at) VALUES ('8ffa86b9-2738-47c7-b031-b7e788f7a404', '1b5f221a-6239-4475-8b31-42a8edf4ad15', 'DMO_Yuma@usmc.mil', 'Customer Service', now(), now());
INSERT into addresses (id, created_at, updated_at, street_address_1, city, state, postal_code, country) VALUES ('2e109ddf-1414-45d3-b781-85126b67bf1e', now(), now(), '', 'Yuma', 'AZ', '85369.0', 'United States');
INSERT into duty_stations (id, created_at, updated_at, name, affiliation, address_id, transportation_office_id) VALUES ('4d6ad600-0d59-4f46-8ddd-9abd958c0875', now(), now(), 'Marine Air Station Yuma', 'MARINES', '2e109ddf-1414-45d3-b781-85126b67bf1e', '1b5f221a-6239-4475-8b31-42a8edf4ad15');

INSERT into addresses (id, created_at, updated_at, street_address_1, city, state, postal_code, country) VALUES ('663e2552-96d8-48fa-8a28-6c0d74a22bed', now(), now(), '1300 Stedman St', 'Ketchikan', 'AK', '99901.0', 'United States');
INSERT into transportation_offices (id, shipping_office_id, name, address_id, latitude, longitude, gbloc, created_at, updated_at) VALUES ('e4f20c8d-491a-4e1d-abda-236c7546138c', NULL, 'Coast Guard Base Ketchikan', '663e2552-96d8-48fa-8a28-6c0d74a22bed', 0.0000, 0.0000, '', now(), now());
INSERT into office_phone_lines (id, transportation_office_id, number, label, is_dsn_number, type, created_at, updated_at) VALUES ('01f2322e-21a4-4839-80b5-2bdd956a50e8', 'e4f20c8d-491a-4e1d-abda-236c7546138c', '(907) 228-6433', 'Customer Service', true, 'Voice', now(), now());
INSERT into office_emails (id, transportation_office_id, email, label, created_at, updated_at) VALUES ('7ae6260b-e611-4ac8-8bf5-e80489ca6ec4', 'e4f20c8d-491a-4e1d-abda-236c7546138c', 'd17-smb-trans@uscg.mil', 'Customer Service', now(), now());
INSERT into addresses (id, created_at, updated_at, street_address_1, city, state, postal_code, country) VALUES ('67c141b3-339f-4bf3-a215-ce7cb6fcece8', now(), now(), '', 'Ketchikan', 'AK', '99901.0', 'United States');
INSERT into duty_stations (id, created_at, updated_at, name, affiliation, address_id, transportation_office_id) VALUES ('b57734af-479f-49b3-92b6-2aa4479e1a78', now(), now(), 'US Coast Guard Ketchikan', 'COAST_GUARD', '67c141b3-339f-4bf3-a215-ce7cb6fcece8', 'e4f20c8d-491a-4e1d-abda-236c7546138c');

INSERT into addresses (id, created_at, updated_at, street_address_1, street_address_2, city, state, postal_code, country) VALUES ('c3a6a1bd-0e53-4451-8792-b1872c4e239e', now(), now(), 'Cape Sarachief Dr', 'Bldg N-38', 'Kodiak', 'AK', '99619.0', 'United States');
INSERT into transportation_offices (id, shipping_office_id, name, address_id, latitude, longitude, gbloc, created_at, updated_at) VALUES ('ce95ef51-55cb-498f-b5d1-d27d1102a05f', NULL, 'CG BSU, KODIAK, AK', 'c3a6a1bd-0e53-4451-8792-b1872c4e239e', 0.0000, 0.0000, '', now(), now());
INSERT into office_phone_lines (id, transportation_office_id, number, label, is_dsn_number, type, created_at, updated_at) VALUES ('d6b1f1d2-1df2-48fa-a33e-f346c04e8332', 'ce95ef51-55cb-498f-b5d1-d27d1102a05f', '(907) 487-5170 ext 6661', 'Customer Service', true, 'Voice', now(), now());
INSERT into office_emails (id, transportation_office_id, email, label, created_at, updated_at) VALUES ('a1f70e18-8f0c-4f19-acc3-f51af34d2919', 'ce95ef51-55cb-498f-b5d1-d27d1102a05f', 'd-17-pf-kodiaktransportation@uscg.mil', 'Customer Service', now(), now());
INSERT into addresses (id, created_at, updated_at, street_address_1, city, state, postal_code, country) VALUES ('50e2fcac-8a2a-4be5-8e05-4a35abc9a039', now(), now(), '', 'Kodiak', 'AK', '99619.0', 'United States');
INSERT into duty_stations (id, created_at, updated_at, name, affiliation, address_id, transportation_office_id) VALUES ('87e54d88-b816-43d0-b538-6b6c5b2018ac', now(), now(), 'US Coast Guard Kodiak', 'COAST_GUARD', '50e2fcac-8a2a-4be5-8e05-4a35abc9a039', 'ce95ef51-55cb-498f-b5d1-d27d1102a05f');

INSERT into addresses (id, created_at, updated_at, street_address_1, street_address_2, city, state, postal_code, country) VALUES ('296865be-b4b0-4b54-bd22-8c62d88c0b89', now(), now(), '114 White Ave', 'Room 114', 'Fort Hamilton', 'NY', '11252.0', 'United States');
INSERT into transportation_offices (id, shipping_office_id, name, address_id, latitude, longitude, gbloc, created_at, updated_at) VALUES ('07a446c7-7919-410c-9d2a-e6cfae6df459', NULL, 'PPPO Fort Hamilton', '296865be-b4b0-4b54-bd22-8c62d88c0b89', 0.0000, 0.0000, '', now(), now());
INSERT into office_phone_lines (id, transportation_office_id, number, label, is_dsn_number, type, created_at, updated_at) VALUES ('9c46250d-0c6a-4330-8c9c-542869322266', '07a446c7-7919-410c-9d2a-e6cfae6df459', '(718) 630-4311', 'Customer Service', true, 'Voice', now(), now());
INSERT into office_emails (id, transportation_office_id, email, label, created_at, updated_at) VALUES ('ef48274d-cbae-406f-b202-04ea41f81965', '07a446c7-7919-410c-9d2a-e6cfae6df459', 'usarmy.hamilton.usag.mbx.ppso-org-box@mailmil', 'Customer Service', now(), now());
INSERT into addresses (id, created_at, updated_at, street_address_1, city, state, postal_code, country) VALUES ('a83d0f53-3a23-4b71-941c-5ea9ab43235e', now(), now(), '', 'Fort Hamilton', 'NY', '11252.0', 'United States');
INSERT into duty_stations (id, created_at, updated_at, name, affiliation, address_id, transportation_office_id) VALUES ('47003167-c190-419d-a540-8ef46bc729dd', now(), now(), 'Fort Hamilton', 'ARMY', 'a83d0f53-3a23-4b71-941c-5ea9ab43235e', '07a446c7-7919-410c-9d2a-e6cfae6df459');

INSERT into addresses (id, created_at, updated_at, street_address_1, city, state, postal_code, country) VALUES ('40b0957b-a3b6-44e2-9dad-9c00faf94357', now(), now(), '3433 Snooper Rd', 'Redstone Arsenal', 'AL', '35898.0', 'United States');
INSERT into transportation_offices (id, shipping_office_id, name, address_id, latitude, longitude, gbloc, created_at, updated_at) VALUES ('7f95ef5c-77c4-4fa5-bb27-920f512ea3a2', NULL, 'LRC, Installation Transportation Office', '40b0957b-a3b6-44e2-9dad-9c00faf94357', 0.0000, 0.0000, '', now(), now());
INSERT into office_phone_lines (id, transportation_office_id, number, label, is_dsn_number, type, created_at, updated_at) VALUES ('a1e2e716-bc87-477c-8a9d-0bb9cb83a6f6', '7f95ef5c-77c4-4fa5-bb27-920f512ea3a2', '(256) 876-5161', 'Customer Service', true, 'Voice', now(), now());
INSERT into office_emails (id, transportation_office_id, email, label, created_at, updated_at) VALUES ('93906e1e-e93b-44aa-b3c9-47a42202ba3d', '7f95ef5c-77c4-4fa5-bb27-920f512ea3a2', 'usarmy.redstone.asc.mbx.ppcig@mail.mil', 'Customer Service', now(), now());
INSERT into addresses (id, created_at, updated_at, street_address_1, city, state, postal_code, country) VALUES ('dab4bea5-8d23-48cb-a5d2-e296ca0223b7', now(), now(), '', 'Redstone Arsenal', 'AL', '35898.0', 'United States');
INSERT into duty_stations (id, created_at, updated_at, name, affiliation, address_id, transportation_office_id) VALUES ('0581a670-b254-41a2-8629-b8cb75ef1380', now(), now(), 'Redstone Arsenal', 'ARMY', 'dab4bea5-8d23-48cb-a5d2-e296ca0223b7', '7f95ef5c-77c4-4fa5-bb27-920f512ea3a2');

INSERT into addresses (id, created_at, updated_at, street_address_1, city, state, postal_code, country) VALUES ('7487873a-1ad3-4f97-a9d4-3a30d82018be', now(), now(), '3159 Herbert Rd', 'Buzzards Bay', 'MA', '2542.0', 'United States');
INSERT into transportation_offices (id, shipping_office_id, name, address_id, latitude, longitude, gbloc, created_at, updated_at) VALUES ('7aab7c76-63b0-4849-a7aa-cc559c9d72ad', NULL, 'Base Cape Cod', '7487873a-1ad3-4f97-a9d4-3a30d82018be', 0.0000, 0.0000, '', now(), now());
INSERT into office_phone_lines (id, transportation_office_id, number, label, is_dsn_number, type, created_at, updated_at) VALUES ('901e2aa5-92ff-4dde-86c9-a0e970a50f7e', '7aab7c76-63b0-4849-a7aa-cc559c9d72ad', '(508) 968-6312', 'Customer Service', true, 'Voice', now(), now());
INSERT into office_emails (id, transportation_office_id, email, label, created_at, updated_at) VALUES ('a6fe43f8-ebde-4aca-bd3a-c9b6abef503d', '7aab7c76-63b0-4849-a7aa-cc559c9d72ad', 'DO1-DG-BaseCapeCod-AdminDept@uscg.mil', 'Customer Service', now(), now());
INSERT into addresses (id, created_at, updated_at, street_address_1, city, state, postal_code, country) VALUES ('60beb6cf-c5fe-4b1a-a315-9c8948a0d9d0', now(), now(), '', 'Buzzards Bay', 'MA', '2542.0', 'United States');
INSERT into duty_stations (id, created_at, updated_at, name, affiliation, address_id, transportation_office_id) VALUES ('012c213c-9dec-4ad9-8741-5c64c1b21095', now(), now(), 'US Coast Guard Buzzards Bay', 'COAST_GUARD', '60beb6cf-c5fe-4b1a-a315-9c8948a0d9d0', '7aab7c76-63b0-4849-a7aa-cc559c9d72ad');

INSERT into addresses (id, created_at, updated_at, street_address_1, street_address_2, city, state, postal_code, country) VALUES ('e55e175d-d2dc-4536-aa44-2bd98c3b1358', now(), now(), '1712 Private Bolio Rd', 'Building 517', 'Monterey', 'CA', '93944.0', 'United States');
INSERT into transportation_offices (id, shipping_office_id, name, address_id, latitude, longitude, gbloc, created_at, updated_at) VALUES ('7901b593-8448-45d5-bb9f-0ce6fda34453', NULL, 'Presidio of Monterey', 'e55e175d-d2dc-4536-aa44-2bd98c3b1358', 0.0000, 0.0000, '', now(), now());
INSERT into office_phone_lines (id, transportation_office_id, number, label, is_dsn_number, type, created_at, updated_at) VALUES ('54fcec8b-f59c-45d0-82ac-e9ea9b5860cc', '7901b593-8448-45d5-bb9f-0ce6fda34453', '(831) 242-6442', 'Customer Service', true, 'Voice', now(), now());
INSERT into office_emails (id, transportation_office_id, email, label, created_at, updated_at) VALUES ('98fffb3f-a2e9-40ed-9a50-a38ea3444433', '7901b593-8448-45d5-bb9f-0ce6fda34453', 'usarmy.pom.106-sig-bde.list.pres-msgto@mail.mil', 'Customer Service', now(), now());
INSERT into addresses (id, created_at, updated_at, street_address_1, city, state, postal_code, country) VALUES ('f26c5d88-a7c1-4636-a89c-e9f38d978e2b', now(), now(), '', 'Monterey', 'CA', '93944.0', 'United States');
INSERT into duty_stations (id, created_at, updated_at, name, affiliation, address_id, transportation_office_id) VALUES ('ad7e8d66-d419-4de2-a5e7-a02bbe737564', now(), now(), 'Monterey', 'ARMY', 'f26c5d88-a7c1-4636-a89c-e9f38d978e2b', '7901b593-8448-45d5-bb9f-0ce6fda34453');

INSERT into addresses (id, created_at, updated_at, street_address_1, street_address_2, city, state, postal_code, country) VALUES ('c41b8319-7ff6-4837-be54-38ed8ed78da3', now(), now(), '6501 E. 11 Mile Rd', 'Mailstop 180', 'Warren', 'MI', '48397.0', 'United States');
INSERT into transportation_offices (id, shipping_office_id, name, address_id, latitude, longitude, gbloc, created_at, updated_at) VALUES ('a8492058-8369-4af9-b6ac-14929b2597d0', NULL, 'Army Sustainment Command DTA Warren MI', 'c41b8319-7ff6-4837-be54-38ed8ed78da3', 0.0000, 0.0000, '', now(), now());
INSERT into office_phone_lines (id, transportation_office_id, number, label, is_dsn_number, type, created_at, updated_at) VALUES ('25b9e132-e0d0-4955-b9cd-6c43d2895252', 'a8492058-8369-4af9-b6ac-14929b2597d0', '(586) 282-7764', 'Customer Service', true, 'Voice', now(), now());
INSERT into office_emails (id, transportation_office_id, email, label, created_at, updated_at) VALUES ('d10e02d8-8b26-4c0c-9e0c-3e9c10318519', 'a8492058-8369-4af9-b6ac-14929b2597d0', 'usarmy.detroit.asc.mbx.log-readiness-ctr-personal-property-svcs@mail.mil', 'Customer Service', now(), now());
INSERT into addresses (id, created_at, updated_at, street_address_1, city, state, postal_code, country) VALUES ('816008a5-dde5-4b76-b4f6-bf932c926bc8', now(), now(), '', 'Warren', 'MI', '48397.0', 'United States');
INSERT into duty_stations (id, created_at, updated_at, name, affiliation, address_id, transportation_office_id) VALUES ('9c2ec5fa-4468-4b79-807e-3cf27aa10650', now(), now(), 'Warren', 'AIR_FORCE', '816008a5-dde5-4b76-b4f6-bf932c926bc8', 'a8492058-8369-4af9-b6ac-14929b2597d0');

INSERT into addresses (id, created_at, updated_at, street_address_1, street_address_2, city, state, postal_code, country) VALUES ('9cd55a81-2159-4cca-84e9-cfe25a7f826a', now(), now(), '1000 Quality Cir', 'Bldg 36', 'Goose Creek', 'SC', '29445.0', 'United States');
INSERT into transportation_offices (id, shipping_office_id, name, address_id, latitude, longitude, gbloc, created_at, updated_at) VALUES ('6c88f7c6-08dd-436f-9c61-275e86880e89', NULL, 'Joint Base Charleston', '9cd55a81-2159-4cca-84e9-cfe25a7f826a', 0.0000, 0.0000, '', now(), now());
INSERT into office_phone_lines (id, transportation_office_id, number, label, is_dsn_number, type, created_at, updated_at) VALUES ('9e91b031-c0c1-42d3-8758-10732095b9c9', '6c88f7c6-08dd-436f-9c61-275e86880e89', '(843) 794-7577', 'Customer Service', true, 'Voice', now(), now());
INSERT into office_phone_lines (id, transportation_office_id, number, label, is_dsn_number, type, created_at, updated_at) VALUES ('6a0bff48-b3a5-4536-9924-efe1d807b44d', '6c88f7c6-08dd-436f-9c61-275e86880e89', '(843) 794-7575', 'Customer Service', true, 'Voice', now(), now());
INSERT into office_emails (id, transportation_office_id, email, label, created_at, updated_at) VALUES ('bfa4a07c-8bf5-48e3-a10f-6ce5e31fac25', '6c88f7c6-08dd-436f-9c61-275e86880e89', '437aps.trot.nwspersonalpropert@us.af.mil', 'Customer Service', now(), now());
INSERT into addresses (id, created_at, updated_at, street_address_1, city, state, postal_code, country) VALUES ('749d905b-47fc-4d3a-8d62-b0dc2d04dd30', now(), now(), '', 'Goose Creek', 'SC', '29445.0', 'United States');
INSERT into duty_stations (id, created_at, updated_at, name, affiliation, address_id, transportation_office_id) VALUES ('1784893b-782f-4a63-91fa-274160565b95', now(), now(), 'Joint Base Charleston', 'AIR_FORCE', '749d905b-47fc-4d3a-8d62-b0dc2d04dd30', '6c88f7c6-08dd-436f-9c61-275e86880e89');

INSERT into addresses (id, created_at, updated_at, street_address_1, city, state, postal_code, country) VALUES ('974916b1-8e70-4af6-8467-198e2af7eaf3', now(), now(), '1280 Humphreys St', 'Seymour Johnson AFB', 'NC', '27531.0', 'United States');
INSERT into transportation_offices (id, shipping_office_id, name, address_id, latitude, longitude, gbloc, created_at, updated_at) VALUES ('0adf7209-9bcc-4e15-9901-4f7179ee6709', NULL, 'Seymour Johnson AFB', '974916b1-8e70-4af6-8467-198e2af7eaf3', 0.0000, 0.0000, '', now(), now());
INSERT into office_phone_lines (id, transportation_office_id, number, label, is_dsn_number, type, created_at, updated_at) VALUES ('063d1279-5b9e-47a2-8cf2-6dd858610cca', '0adf7209-9bcc-4e15-9901-4f7179ee6709', '(919) 722-1074', 'Customer Service', true, 'Voice', now(), now());
INSERT into office_phone_lines (id, transportation_office_id, number, label, is_dsn_number, type, created_at, updated_at) VALUES ('9b83cd75-a721-41df-85f4-67275de276e6', '0adf7209-9bcc-4e15-9901-4f7179ee6709', '(919) 722-5458', 'Customer Service', true, 'Voice', now(), now());
INSERT into office_emails (id, transportation_office_id, email, label, created_at, updated_at) VALUES ('a5880c2a-d1dc-4636-845a-318b07c7c9ba', '0adf7209-9bcc-4e15-9901-4f7179ee6709', '4LRS.TMO@us.af.mil', 'Customer Service', now(), now());
INSERT into addresses (id, created_at, updated_at, street_address_1, city, state, postal_code, country) VALUES ('b0dd0d4c-b5e4-40f4-9e2a-0150ee71326a', now(), now(), '', 'Seymour Johnson AFB', 'NC', '27531.0', 'United States');
INSERT into duty_stations (id, created_at, updated_at, name, affiliation, address_id, transportation_office_id) VALUES ('cd6b2851-0b7c-4f3d-a215-5104481a7701', now(), now(), 'Seymour Johnson AFB', 'AIR_FORCE', 'b0dd0d4c-b5e4-40f4-9e2a-0150ee71326a', '0adf7209-9bcc-4e15-9901-4f7179ee6709');

INSERT into addresses (id, created_at, updated_at, street_address_1, street_address_2, city, state, postal_code, country) VALUES ('b6e231a6-1d85-49e8-b82e-232c0aa72c84', now(), now(), '17852 16th St', 'Bld 25216', 'Beale Air Force Base', 'CA', '95903.0', 'United States');
INSERT into transportation_offices (id, shipping_office_id, name, address_id, latitude, longitude, gbloc, created_at, updated_at) VALUES ('0331b443-46b3-49d4-b01e-4b2976102db7', NULL, 'Beale AFB', 'b6e231a6-1d85-49e8-b82e-232c0aa72c84', 0.0000, 0.0000, '', now(), now());
INSERT into office_phone_lines (id, transportation_office_id, number, label, is_dsn_number, type, created_at, updated_at) VALUES ('d829397c-1166-4412-add3-e43905e4f43f', '0331b443-46b3-49d4-b01e-4b2976102db7', '(530) 634-2936', 'Customer Service', true, 'Voice', now(), now());
INSERT into office_phone_lines (id, transportation_office_id, number, label, is_dsn_number, type, created_at, updated_at) VALUES ('ae65c782-aaad-4729-bf2b-7119b93a96bc', '0331b443-46b3-49d4-b01e-4b2976102db7', '(530) 634-5191', 'Customer Service', true, 'Voice', now(), now());
INSERT into office_emails (id, transportation_office_id, email, label, created_at, updated_at) VALUES ('e9f13725-4d77-44f8-9cbf-6ff1f501217c', '0331b443-46b3-49d4-b01e-4b2976102db7', 'personalproperty@us.af.mil', 'Customer Service', now(), now());
INSERT into addresses (id, created_at, updated_at, street_address_1, city, state, postal_code, country) VALUES ('0a7958b5-9193-4249-a07c-be8a8e7a594d', now(), now(), '', 'Beale Air Force Base', 'CA', '95903.0', 'United States');
INSERT into duty_stations (id, created_at, updated_at, name, affiliation, address_id, transportation_office_id) VALUES ('32cd08df-fc35-4aa7-b249-7cd15deefb57', now(), now(), 'Beale Air Force Base', 'AIR_FORCE', '0a7958b5-9193-4249-a07c-be8a8e7a594d', '0331b443-46b3-49d4-b01e-4b2976102db7');

INSERT into addresses (id, created_at, updated_at, street_address_1, street_address_2, city, state, postal_code, country) VALUES ('b3d1c863-285b-4a64-93f2-ce1800dc44eb', now(), now(), '337 Chamberlain Ave', 'Bldg 33720 Room 111A', 'Fort Gordon', 'GA', '30905.0', 'United States');
INSERT into transportation_offices (id, shipping_office_id, name, address_id, latitude, longitude, gbloc, created_at, updated_at) VALUES ('005ce1c4-e0fa-4d64-b13e-e8e7360e1e86', NULL, 'Fort Gordon Transportation Office', 'b3d1c863-285b-4a64-93f2-ce1800dc44eb', 0.0000, 0.0000, '', now(), now());
INSERT into office_phone_lines (id, transportation_office_id, number, label, is_dsn_number, type, created_at, updated_at) VALUES ('c6b8c12e-3d2a-4295-ac1d-a21aff6858c5', '005ce1c4-e0fa-4d64-b13e-e8e7360e1e86', '(706) 791-4184', 'Customer Service', true, 'Voice', now(), now());
INSERT into office_emails (id, transportation_office_id, email, label, created_at, updated_at) VALUES ('5a92c0fe-ff6a-450c-b7d9-d8460238531b', '005ce1c4-e0fa-4d64-b13e-e8e7360e1e86', 'usarmy.gordon.imcom.mbx.akima-transportation@mail.mil', 'Customer Service', now(), now());
INSERT into addresses (id, created_at, updated_at, street_address_1, city, state, postal_code, country) VALUES ('cf13b5df-e6bb-4f23-8d9f-4ece6c48aac5', now(), now(), '', 'Fort Gordon', 'GA', '30905.0', 'United States');
INSERT into duty_stations (id, created_at, updated_at, name, affiliation, address_id, transportation_office_id) VALUES ('90c0a60e-2328-4771-997b-417469b8e6d2', now(), now(), 'Fort Gordon', 'ARMY', 'cf13b5df-e6bb-4f23-8d9f-4ece6c48aac5', '005ce1c4-e0fa-4d64-b13e-e8e7360e1e86');

INSERT into addresses (id, created_at, updated_at, street_address_1, street_address_2, city, state, postal_code, country) VALUES ('523f2271-51ae-4c4b-ba89-354a1103a5d2', now(), now(), '400 South Gate 35', 'Bldg 2045, Rm 133', 'Fairchild AFB', 'WA', '99011.0', 'United States');
INSERT into transportation_offices (id, shipping_office_id, name, address_id, latitude, longitude, gbloc, created_at, updated_at) VALUES ('7526d6e0-88ca-4bea-80e8-926b8272587a', NULL, 'Fairchild AFB', '523f2271-51ae-4c4b-ba89-354a1103a5d2', 0.0000, 0.0000, '', now(), now());
INSERT into office_phone_lines (id, transportation_office_id, number, label, is_dsn_number, type, created_at, updated_at) VALUES ('65d51308-34d2-4a04-a7b4-56f7541de098', '7526d6e0-88ca-4bea-80e8-926b8272587a', '(509) 247-5815', 'Customer Service', true, 'Voice', now(), now());
INSERT into office_emails (id, transportation_office_id, email, label, created_at, updated_at) VALUES ('36d0ef8a-d2dd-437c-8047-8d6947076055', '7526d6e0-88ca-4bea-80e8-926b8272587a', '92lrs.lgrdf@us.af.mil', 'Customer Service', now(), now());
INSERT into addresses (id, created_at, updated_at, street_address_1, city, state, postal_code, country) VALUES ('9b652c7d-d180-497d-b713-22a5b08e628d', now(), now(), '', 'Fairchild AFB', 'WA', '99011.0', 'United States');
INSERT into duty_stations (id, created_at, updated_at, name, affiliation, address_id, transportation_office_id) VALUES ('4d0edeb6-7d4d-4ee2-b9ac-031321d40456', now(), now(), 'Fairchild AFB', 'AIR_FORCE', '9b652c7d-d180-497d-b713-22a5b08e628d', '7526d6e0-88ca-4bea-80e8-926b8272587a');

INSERT into addresses (id, created_at, updated_at, street_address_1, street_address_2, city, state, postal_code, country) VALUES ('5031b2d2-db0d-4c1f-9571-71b78ab79fff', now(), now(), '4700 Mow-Way Rd', 'Room 110', 'Fort Sill', 'OK', '73503.0', 'United States');
INSERT into transportation_offices (id, shipping_office_id, name, address_id, latitude, longitude, gbloc, created_at, updated_at) VALUES ('ac9cd7d2-d171-40a4-b569-546b43bdf3ce', NULL, 'Personal Property Shipping Office Fort Sill', '5031b2d2-db0d-4c1f-9571-71b78ab79fff', 0.0000, 0.0000, '', now(), now());
INSERT into office_phone_lines (id, transportation_office_id, number, label, is_dsn_number, type, created_at, updated_at) VALUES ('014feb4d-40a9-4f2e-b295-5441abb7f9a6', 'ac9cd7d2-d171-40a4-b569-546b43bdf3ce', '(580) 442-3107', 'Customer Service', true, 'Voice', now(), now());
INSERT into office_emails (id, transportation_office_id, email, label, created_at, updated_at) VALUES ('e01c8b5d-4e97-4411-a2b2-234b077c5ca1', 'ac9cd7d2-d171-40a4-b569-546b43bdf3ce', 'nicole.l.wood6.ctr@mail.mil', 'Customer Service', now(), now());
INSERT into addresses (id, created_at, updated_at, street_address_1, city, state, postal_code, country) VALUES ('a23c9903-d408-41ae-a9ba-f2f81286ada3', now(), now(), '', 'Fort Sill', 'OK', '73503.0', 'United States');
INSERT into duty_stations (id, created_at, updated_at, name, affiliation, address_id, transportation_office_id) VALUES ('31bcf166-766d-42ad-8957-be014d1240e3', now(), now(), 'Fort Sill', 'ARMY', 'a23c9903-d408-41ae-a9ba-f2f81286ada3', 'ac9cd7d2-d171-40a4-b569-546b43bdf3ce');

INSERT into addresses (id, created_at, updated_at, street_address_1, city, state, postal_code, country) VALUES ('6b493e49-7c7c-415e-abbd-a27fe3f6f655', now(), now(), '226 Steen Blvd', 'Grand Forks Air Force Base', 'ND', '58205.0', 'United States');
INSERT into transportation_offices (id, shipping_office_id, name, address_id, latitude, longitude, gbloc, created_at, updated_at) VALUES ('5e276299-af9d-4a92-bc47-f93fe841997c', NULL, 'Grand Forks', '6b493e49-7c7c-415e-abbd-a27fe3f6f655', 0.0000, 0.0000, '', now(), now());
INSERT into office_phone_lines (id, transportation_office_id, number, label, is_dsn_number, type, created_at, updated_at) VALUES ('597f26a6-6a9f-475f-a495-85185ee71e05', '5e276299-af9d-4a92-bc47-f93fe841997c', '(701) 747-3457', 'Customer Service', true, 'Voice', now(), now());
INSERT into office_emails (id, transportation_office_id, email, label, created_at, updated_at) VALUES ('a66d79ed-378f-4fa6-af52-bdf0eff74e89', '5e276299-af9d-4a92-bc47-f93fe841997c', '319LRS.LGRTTMO@us.af.mil', 'Customer Service', now(), now());
INSERT into addresses (id, created_at, updated_at, street_address_1, city, state, postal_code, country) VALUES ('88132916-c99f-41d3-9053-fc658f394626', now(), now(), '', 'Grand Forks Air Force Base', 'ND', '58205.0', 'United States');
INSERT into duty_stations (id, created_at, updated_at, name, affiliation, address_id, transportation_office_id) VALUES ('b55cd6db-2140-4d02-9191-4592a1e46980', now(), now(), 'Grand Forks Air Force Base', 'AIR_FORCE', '88132916-c99f-41d3-9053-fc658f394626', '5e276299-af9d-4a92-bc47-f93fe841997c');

INSERT into addresses (id, created_at, updated_at, street_address_1, street_address_2, city, state, postal_code, country) VALUES ('fefdd9bb-f4cc-4002-905f-88988aa0566c', now(), now(), '53155 Kansas St', 'Suite 103', 'McConnell Air Force Base', 'KS', '67221.0', 'United States');
INSERT into transportation_offices (id, shipping_office_id, name, address_id, latitude, longitude, gbloc, created_at, updated_at) VALUES ('feeadf44-f0f3-415b-ad66-95d51a5efe42', NULL, 'McConnell AFB', 'fefdd9bb-f4cc-4002-905f-88988aa0566c', 0.0000, 0.0000, '', now(), now());
INSERT into office_phone_lines (id, transportation_office_id, number, label, is_dsn_number, type, created_at, updated_at) VALUES ('22e2d961-0ab5-49a4-baa5-ece32a40e4e7', 'feeadf44-f0f3-415b-ad66-95d51a5efe42', '(316) 759-5914', 'Customer Service', true, 'Voice', now(), now());
INSERT into office_emails (id, transportation_office_id, email, label, created_at, updated_at) VALUES ('808bafb7-d284-4d43-b205-520769862732', 'feeadf44-f0f3-415b-ad66-95d51a5efe42', '22.lrs.lgrt@us.af.mil', 'Customer Service', now(), now());
INSERT into addresses (id, created_at, updated_at, street_address_1, city, state, postal_code, country) VALUES ('e3666bda-6f0a-4294-918c-a2f21e2b0b20', now(), now(), '', 'McConnell Air Force Base', 'KS', '67221.0', 'United States');
INSERT into duty_stations (id, created_at, updated_at, name, affiliation, address_id, transportation_office_id) VALUES ('ff3d1396-d3c3-4c72-9864-b53e377957fa', now(), now(), 'McConnell Air Force Base', 'AIR_FORCE', 'e3666bda-6f0a-4294-918c-a2f21e2b0b20', 'feeadf44-f0f3-415b-ad66-95d51a5efe42');

INSERT into addresses (id, created_at, updated_at, street_address_1, city, state, postal_code, country) VALUES ('d4dbdd8c-dc87-4974-8cbf-f9f82ec550ea', now(), now(), '100 Col Joe Jackson Blvd', 'Joint Base Lewis-McChord', 'WA', '98438.0', 'United States');
INSERT into transportation_offices (id, shipping_office_id, name, address_id, latitude, longitude, gbloc, created_at, updated_at) VALUES ('054eda98-c206-4677-9e72-75e5b45b493f', NULL, 'Traffic Management Office - McChord', 'd4dbdd8c-dc87-4974-8cbf-f9f82ec550ea', 0.0000, 0.0000, '', now(), now());
INSERT into office_phone_lines (id, transportation_office_id, number, label, is_dsn_number, type, created_at, updated_at) VALUES ('50174563-c2c8-4673-96b8-f24d374c27c5', '054eda98-c206-4677-9e72-75e5b45b493f', '(253) 982-2585', 'Customer Service', true, 'Voice', now(), now());
INSERT into office_emails (id, transportation_office_id, email, label, created_at, updated_at) VALUES ('c91ea393-0f55-4948-9061-a6a740a7bc51', '054eda98-c206-4677-9e72-75e5b45b493f', '627lrs.tmo@us.af.mil', 'Customer Service', now(), now());
INSERT into addresses (id, created_at, updated_at, street_address_1, city, state, postal_code, country) VALUES ('fa3a2751-db1a-4894-b8fa-1a121f09391b', now(), now(), '', 'Joint Base Lewis-McChord', 'WA', '98438.0', 'United States');
INSERT into duty_stations (id, created_at, updated_at, name, affiliation, address_id, transportation_office_id) VALUES ('96a4c182-9516-4f42-8d8c-acb79ba033c3', now(), now(), 'Joint Base Lewis-McChord', 'AIR_FORCE', 'fa3a2751-db1a-4894-b8fa-1a121f09391b', '054eda98-c206-4677-9e72-75e5b45b493f');

INSERT into addresses (id, created_at, updated_at, street_address_1, city, state, postal_code, country) VALUES ('0d41e3a4-26fe-40ce-9d55-62fe208173a1', now(), now(), '2150 Liggett Ave', 'Joint Base Lewis-McChord', 'WA', '98433.0', 'United States');
INSERT into transportation_offices (id, shipping_office_id, name, address_id, latitude, longitude, gbloc, created_at, updated_at) VALUES ('790ff123-625a-44a1-a80c-af177f411520', NULL, 'Personal Property Processing Office Lewis', '0d41e3a4-26fe-40ce-9d55-62fe208173a1', 0.0000, 0.0000, '', now(), now());
INSERT into office_phone_lines (id, transportation_office_id, number, label, is_dsn_number, type, created_at, updated_at) VALUES ('000a4e7d-766c-4723-b533-d68088a7e9c9', '790ff123-625a-44a1-a80c-af177f411520', '(253) 477-5446', 'Customer Service', true, 'Voice', now(), now());
INSERT into office_emails (id, transportation_office_id, email, label, created_at, updated_at) VALUES ('9959498c-5ed0-431d-b0ff-a8a4fae41c40', '790ff123-625a-44a1-a80c-af177f411520', 'usarmy.jblm.404-afsb-lrc.mbx.pppo-lewis@mail.mil', 'Customer Service', now(), now());
INSERT into addresses (id, created_at, updated_at, street_address_1, city, state, postal_code, country) VALUES ('149b0c1e-ef48-4d2c-a696-919c56156457', now(), now(), '', 'Joint Base Lewis-McChord', 'WA', '98433.0', 'United States');
INSERT into duty_stations (id, created_at, updated_at, name, affiliation, address_id, transportation_office_id) VALUES ('1a4aa3b9-55e2-40d5-a3d8-923a7f441064', now(), now(), 'Joint Base Lewis-McChord', 'ARMY', '149b0c1e-ef48-4d2c-a696-919c56156457', '790ff123-625a-44a1-a80c-af177f411520');

INSERT into addresses (id, created_at, updated_at, street_address_1, street_address_2, city, state, postal_code, country) VALUES ('1f5fa263-561b-429f-9fa1-5f8dbb7c183b', now(), now(), '1060 Gaffney Blvd', '#7000', 'Fort Wainwright', 'AK', '99703.0', 'United States');
INSERT into transportation_offices (id, shipping_office_id, name, address_id, latitude, longitude, gbloc, created_at, updated_at) VALUES ('6fe5fe94-f1fe-48d9-8877-6cb2f4e930e3', NULL, 'Personal Property Processing Office Fort Wainwright, AK', '1f5fa263-561b-429f-9fa1-5f8dbb7c183b', 0.0000, 0.0000, '', now(), now());
INSERT into office_phone_lines (id, transportation_office_id, number, label, is_dsn_number, type, created_at, updated_at) VALUES ('e7a8bd6b-b75a-4881-8cbf-25149d9eb700', '6fe5fe94-f1fe-48d9-8877-6cb2f4e930e3', '(907) 353-1123', 'Customer Service', true, 'Voice', now(), now());
INSERT into office_emails (id, transportation_office_id, email, label, created_at, updated_at) VALUES ('94c155a1-a873-4c33-b752-17a74f57c818', '6fe5fe94-f1fe-48d9-8877-6cb2f4e930e3', 'Jeffery.a.johnson88.civ@mail.mil', 'Customer Service', now(), now());
INSERT into addresses (id, created_at, updated_at, street_address_1, city, state, postal_code, country) VALUES ('94be2ef8-b239-4ace-a522-2da1e0f740ab', now(), now(), '', 'Fort Wainwright', 'AK', '99703.0', 'United States');
INSERT into duty_stations (id, created_at, updated_at, name, affiliation, address_id, transportation_office_id) VALUES ('b0e351c3-f3db-4c1a-b7ae-dd541767fdc2', now(), now(), 'Fort Wainwright', 'ARMY', '94be2ef8-b239-4ace-a522-2da1e0f740ab', '6fe5fe94-f1fe-48d9-8877-6cb2f4e930e3');

INSERT into addresses (id, created_at, updated_at, street_address_1, city, state, postal_code, country) VALUES ('e1ddc774-b45d-46c4-b750-4e438223a64f', now(), now(), '215 Drum Rd', 'Staten Island', 'NY', '10305.0', 'United States');
INSERT into transportation_offices (id, shipping_office_id, name, address_id, latitude, longitude, gbloc, created_at, updated_at) VALUES ('abd10112-512e-41d2-a59e-2babb6d8866d', NULL, 'USCG', 'e1ddc774-b45d-46c4-b750-4e438223a64f', 0.0000, 0.0000, '', now(), now());
INSERT into office_phone_lines (id, transportation_office_id, number, label, is_dsn_number, type, created_at, updated_at) VALUES ('f7d1eb8c-6c79-45b5-a708-c7bce7d864a3', 'abd10112-512e-41d2-a59e-2babb6d8866d', '(718) 354-4400', 'Customer Service', true, 'Voice', now(), now());
INSERT into office_emails (id, transportation_office_id, email, label, created_at, updated_at) VALUES ('40ed4f47-d190-4bd0-b79f-f3086d02f2ee', 'abd10112-512e-41d2-a59e-2babb6d8866d', 'd01-SG-SecNY-Housing@uscg.mil', 'Customer Service', now(), now());
INSERT into addresses (id, created_at, updated_at, street_address_1, city, state, postal_code, country) VALUES ('92c1c3ea-49ce-4539-b128-4e731fbf1f9d', now(), now(), '', 'Staten Island', 'NY', '10305.0', 'United States');
INSERT into duty_stations (id, created_at, updated_at, name, affiliation, address_id, transportation_office_id) VALUES ('e1c6f1ab-be18-46c7-a5aa-ef366c89b7ea', now(), now(), 'US Coast Guard Staten Island', 'COAST_GUARD', '92c1c3ea-49ce-4539-b128-4e731fbf1f9d', 'abd10112-512e-41d2-a59e-2babb6d8866d');

INSERT into addresses (id, created_at, updated_at, street_address_1, street_address_2, city, state, postal_code, country) VALUES ('08199ed7-c242-4ac7-8afd-917e006481eb', now(), now(), 'First Ave', 'Building 601', 'Fort Greely', 'AK', '99731.0', 'United States');
INSERT into transportation_offices (id, shipping_office_id, name, address_id, latitude, longitude, gbloc, created_at, updated_at) VALUES ('c21a8f17-2cb9-479a-aeb1-0a722fb08d84', NULL, 'Personal Property Processing Office Fort Greely, AK', '08199ed7-c242-4ac7-8afd-917e006481eb', 0.0000, 0.0000, '', now(), now());
INSERT into office_phone_lines (id, transportation_office_id, number, label, is_dsn_number, type, created_at, updated_at) VALUES ('2f59d3fd-2c00-46d4-a5e3-5dcccfc5a917', 'c21a8f17-2cb9-479a-aeb1-0a722fb08d84', '(907) 873-4201', 'Customer Service', true, 'Voice', now(), now());
INSERT into office_emails (id, transportation_office_id, email, label, created_at, updated_at) VALUES ('11515994-6f3b-47f6-b7e1-3fd89665534f', 'c21a8f17-2cb9-479a-aeb1-0a722fb08d84', 'dana.t.dillon3.civ@mail.mil', 'Customer Service', now(), now());
INSERT into addresses (id, created_at, updated_at, street_address_1, city, state, postal_code, country) VALUES ('e80731aa-cfe8-4b0f-860b-b1e9585884d2', now(), now(), '', 'Fort Greely', 'AK', '99731.0', 'United States');
INSERT into duty_stations (id, created_at, updated_at, name, affiliation, address_id, transportation_office_id) VALUES ('593d77d4-bade-4926-a7f6-0513dfe00644', now(), now(), 'Fort Greely', 'ARMY', 'e80731aa-cfe8-4b0f-860b-b1e9585884d2', 'c21a8f17-2cb9-479a-aeb1-0a722fb08d84');

INSERT into addresses (id, created_at, updated_at, street_address_1, street_address_2, city, state, postal_code, country) VALUES ('9db6eef2-946a-4bdb-b471-db2c6eb13bd5', now(), now(), '6650 Meloy Hall', 'Building 6, Room 105', 'Fort Benning', 'GA', '31905.0', 'United States');
INSERT into transportation_offices (id, shipping_office_id, name, address_id, latitude, longitude, gbloc, created_at, updated_at) VALUES ('66272355-5352-495e-ae59-6c9f4ffb57a4', NULL, 'PPPO Fort Benning, GA', '9db6eef2-946a-4bdb-b471-db2c6eb13bd5', 0.0000, 0.0000, '', now(), now());
INSERT into office_phone_lines (id, transportation_office_id, number, label, is_dsn_number, type, created_at, updated_at) VALUES ('d68aaca2-4f2b-4927-a8cf-d72a30fa768e', '66272355-5352-495e-ae59-6c9f4ffb57a4', '(706) 545-4900', 'Customer Service', true, 'Voice', now(), now());
INSERT into office_emails (id, transportation_office_id, email, label, created_at, updated_at) VALUES ('b0911265-be53-4c26-a6ab-38088a0b974b', '66272355-5352-495e-ae59-6c9f4ffb57a4', 'usarmy.benning.imcom.mbx.dol-trans@mail.mil', 'Customer Service', now(), now());
INSERT into addresses (id, created_at, updated_at, street_address_1, city, state, postal_code, country) VALUES ('8b583881-302d-440f-8bc9-d645407b2738', now(), now(), '', 'Fort Benning', 'GA', '31905.0', 'United States');
INSERT into duty_stations (id, created_at, updated_at, name, affiliation, address_id, transportation_office_id) VALUES ('94929d3a-3b62-48d8-a998-57584589543a', now(), now(), 'Fort Benning', 'ARMY', '8b583881-302d-440f-8bc9-d645407b2738', '66272355-5352-495e-ae59-6c9f4ffb57a4');

INSERT into addresses (id, created_at, updated_at, street_address_1, street_address_2, city, state, postal_code, country) VALUES ('c3c5d19c-0743-443b-a59c-13f9b6cc04be', now(), now(), '10720 Belvedere Blvd', 'Rm #A2-42', 'Fort Drum', 'NY', '13602.0', 'United States');
INSERT into transportation_offices (id, shipping_office_id, name, address_id, latitude, longitude, gbloc, created_at, updated_at) VALUES ('5cac8c1a-9368-4780-a7ce-95514b78fb48', NULL, 'Fort Drum Personal Property Shipping Office', 'c3c5d19c-0743-443b-a59c-13f9b6cc04be', 0.0000, 0.0000, '', now(), now());
INSERT into office_phone_lines (id, transportation_office_id, number, label, is_dsn_number, type, created_at, updated_at) VALUES ('916a0534-ccc3-4ef7-9388-e3e28727eb4c', '5cac8c1a-9368-4780-a7ce-95514b78fb48', '(315) 772-7776', 'Customer Service', true, 'Voice', now(), now());
INSERT into office_emails (id, transportation_office_id, email, label, created_at, updated_at) VALUES ('162b7ee6-0a28-4ac5-a976-b078bc9bab83', '5cac8c1a-9368-4780-a7ce-95514b78fb48', 'usarmy.drum.406-afsb-lrc.mbx.dol-hhg-qc@mail.mil', 'Customer Service', now(), now());
INSERT into addresses (id, created_at, updated_at, street_address_1, city, state, postal_code, country) VALUES ('5f384847-82bf-4078-8a72-66f1346823da', now(), now(), '', 'Fort Drum', 'NY', '13602.0', 'United States');
INSERT into duty_stations (id, created_at, updated_at, name, affiliation, address_id, transportation_office_id) VALUES ('f533ce1d-cda1-4132-80e6-fa7559ef7b12', now(), now(), 'Fort Drum', 'ARMY', '5f384847-82bf-4078-8a72-66f1346823da', '5cac8c1a-9368-4780-a7ce-95514b78fb48');

INSERT into addresses (id, created_at, updated_at, street_address_1, street_address_2, city, state, postal_code, country) VALUES ('f2b08516-3bb6-4541-ab58-2f4656201e03', now(), now(), '25 W. Chaffee Ave', 'Bldg. 1384, 2nd Floor', 'Fort Knox', 'KY', '40121.0', 'United States');
INSERT into transportation_offices (id, shipping_office_id, name, address_id, latitude, longitude, gbloc, created_at, updated_at) VALUES ('b8281e1e-36c5-435e-b59b-9f98d8a13dfc', NULL, 'LRC Fort Knox', 'f2b08516-3bb6-4541-ab58-2f4656201e03', 0.0000, 0.0000, '', now(), now());
INSERT into office_phone_lines (id, transportation_office_id, number, label, is_dsn_number, type, created_at, updated_at) VALUES ('07c92084-af52-40ec-bd59-54d9eb48623c', 'b8281e1e-36c5-435e-b59b-9f98d8a13dfc', '(502) 624-2037', 'Customer Service', true, 'Voice', now(), now());
INSERT into office_emails (id, transportation_office_id, email, label, created_at, updated_at) VALUES ('c42e16de-1fb5-4e7c-b387-f0c416d82ddc', 'b8281e1e-36c5-435e-b59b-9f98d8a13dfc', 'usarmy.knox.407-afsb.mbx.lrc-hhg@mail.mil', 'Customer Service', now(), now());
INSERT into addresses (id, created_at, updated_at, street_address_1, city, state, postal_code, country) VALUES ('98a35aea-f162-444b-883d-ede0c06f1a04', now(), now(), '', 'Fort Knox', 'KY', '40121.0', 'United States');
INSERT into duty_stations (id, created_at, updated_at, name, affiliation, address_id, transportation_office_id) VALUES ('09ea033d-cfcf-4be9-af83-e06b7195de01', now(), now(), 'Fort Knox', 'ARMY', '98a35aea-f162-444b-883d-ede0c06f1a04', 'b8281e1e-36c5-435e-b59b-9f98d8a13dfc');

INSERT into addresses (id, created_at, updated_at, street_address_1, street_address_2, city, state, postal_code, country) VALUES ('3d81fcbc-7ed2-4daf-a9eb-9c68a68779ca', now(), now(), '800 Seal Beach Blvd', 'Bldg 239', 'Seal Beach', 'CA', '90740.0', 'United States');
INSERT into transportation_offices (id, shipping_office_id, name, address_id, latitude, longitude, gbloc, created_at, updated_at) VALUES ('520b67d3-6269-4bc4-a027-09d6c3384cba', NULL, 'PPO Seal Beach NWS, CA', '3d81fcbc-7ed2-4daf-a9eb-9c68a68779ca', 0.0000, 0.0000, '', now(), now());
INSERT into office_phone_lines (id, transportation_office_id, number, label, is_dsn_number, type, created_at, updated_at) VALUES ('b4bc1120-7e17-478f-80f5-73164e8ab249', '520b67d3-6269-4bc4-a027-09d6c3384cba', '(562) 626-6158', 'Customer Service', true, 'Voice', now(), now());
INSERT into office_phone_lines (id, transportation_office_id, number, label, is_dsn_number, type, created_at, updated_at) VALUES ('35622797-f0cf-435a-8749-39f66b4f058b', '520b67d3-6269-4bc4-a027-09d6c3384cba', '(562) 626-6244', 'Customer Service', true, 'Voice', now(), now());
INSERT into office_emails (id, transportation_office_id, email, label, created_at, updated_at) VALUES ('bf7fa45a-8bff-4811-9bfa-15ba8476d39f', '520b67d3-6269-4bc4-a027-09d6c3384cba', 'flcsd.nwssb.ppso@navy.mil', 'Customer Service', now(), now());
INSERT into addresses (id, created_at, updated_at, street_address_1, city, state, postal_code, country) VALUES ('6183afe2-a7c4-42a1-87a0-7025a1316e32', now(), now(), '', 'Seal Beach', 'CA', '90740.0', 'United States');
INSERT into duty_stations (id, created_at, updated_at, name, affiliation, address_id, transportation_office_id) VALUES ('38d118fc-c829-4367-ad7c-0630ad3ebe02', now(), now(), 'Seal Beach', 'NAVY', '6183afe2-a7c4-42a1-87a0-7025a1316e32', '520b67d3-6269-4bc4-a027-09d6c3384cba');

INSERT into addresses (id, created_at, updated_at, street_address_1, street_address_2, city, state, postal_code, country) VALUES ('a1eee697-0241-4e36-8a98-ca71ea524066', now(), now(), '2843 Normandy Dr', 'Bldg 4', 'Fort Bragg', 'NC', '28310.0', 'United States');
INSERT into transportation_offices (id, shipping_office_id, name, address_id, latitude, longitude, gbloc, created_at, updated_at) VALUES ('c9b21ab1-600e-422d-a2c6-1b7ca5fc4566', NULL, 'Fort Bragg', 'a1eee697-0241-4e36-8a98-ca71ea524066', 0.0000, 0.0000, '', now(), now());
INSERT into office_phone_lines (id, transportation_office_id, number, label, is_dsn_number, type, created_at, updated_at) VALUES ('82b246f6-abf1-404f-8b90-ed5a7544b070', 'c9b21ab1-600e-422d-a2c6-1b7ca5fc4566', '(910) 396-5212', 'Customer Service', true, 'Voice', now(), now());
INSERT into office_emails (id, transportation_office_id, email, label, created_at, updated_at) VALUES ('ab237a2e-d02a-494b-8688-e87e94d11d7c', 'c9b21ab1-600e-422d-a2c6-1b7ca5fc4566', 'usarmy.bragg.asfb-406.list.lrc-ppso@mail.mil', 'Customer Service', now(), now());
INSERT into addresses (id, created_at, updated_at, street_address_1, city, state, postal_code, country) VALUES ('840e5e63-2f9f-4070-a658-fb9ba1837193', now(), now(), '', 'Fort Bragg', 'NC', '28310.0', 'United States');
INSERT into duty_stations (id, created_at, updated_at, name, affiliation, address_id, transportation_office_id) VALUES ('66056389-72cd-4046-9390-d67baf5c261a', now(), now(), 'Fort Bragg', 'ARMY', '840e5e63-2f9f-4070-a658-fb9ba1837193', 'c9b21ab1-600e-422d-a2c6-1b7ca5fc4566');

INSERT into addresses (id, created_at, updated_at, street_address_1, city, state, postal_code, country) VALUES ('eb3c323a-1149-4204-85ba-7e35289b3026', now(), now(), '550 Atlantic St', 'Dover AFB', 'DE', '19902.0', 'United States');
INSERT into transportation_offices (id, shipping_office_id, name, address_id, latitude, longitude, gbloc, created_at, updated_at) VALUES ('5ccf0a66-f486-4fdd-b475-85c74361ef89', NULL, 'Dover AFB', 'eb3c323a-1149-4204-85ba-7e35289b3026', 0.0000, 0.0000, '', now(), now());
INSERT into office_phone_lines (id, transportation_office_id, number, label, is_dsn_number, type, created_at, updated_at) VALUES ('137029f0-2f2f-4771-914a-0b86e11dbfa9', '5ccf0a66-f486-4fdd-b475-85c74361ef89', '(302) 677-2848', 'Customer Service', true, 'Voice', now(), now());
INSERT into office_phone_lines (id, transportation_office_id, number, label, is_dsn_number, type, created_at, updated_at) VALUES ('476b9f4c-1c3c-4ea6-b5b5-5a08d351fd64', '5ccf0a66-f486-4fdd-b475-85c74361ef89', '(302) 677-2849', 'Customer Service', true, 'Voice', now(), now());
INSERT into office_emails (id, transportation_office_id, email, label, created_at, updated_at) VALUES ('b071d0e6-95d7-4bf0-9885-5a151de5c381', '5ccf0a66-f486-4fdd-b475-85c74361ef89', 'kenneth.seronick@us.af.mil', 'Customer Service', now(), now());
INSERT into addresses (id, created_at, updated_at, street_address_1, city, state, postal_code, country) VALUES ('4e84e4e8-3a03-4b23-8fe2-69c5caaa7188', now(), now(), '', 'Dover AFB', 'DE', '19902.0', 'United States');
INSERT into duty_stations (id, created_at, updated_at, name, affiliation, address_id, transportation_office_id) VALUES ('a5498b7b-23e4-4ec9-a75e-b5617f09e9c2', now(), now(), 'Dover AFB', 'AIR_FORCE', '4e84e4e8-3a03-4b23-8fe2-69c5caaa7188', '5ccf0a66-f486-4fdd-b475-85c74361ef89');

INSERT into addresses (id, created_at, updated_at, street_address_1, street_address_2, city, state, postal_code, country) VALUES ('41de4c81-1c29-4288-a9c5-418bdd5b525f', now(), now(), '215 Heritage Dr', 'Room D-100', 'Scott Air Force Base', 'IL', '62225.0', 'United States');
INSERT into transportation_offices (id, shipping_office_id, name, address_id, latitude, longitude, gbloc, created_at, updated_at) VALUES ('3c74e91b-250c-4c5e-8b0c-c4fcbf919f65', NULL, 'Scott AFB', '41de4c81-1c29-4288-a9c5-418bdd5b525f', 0.0000, 0.0000, '', now(), now());
INSERT into office_phone_lines (id, transportation_office_id, number, label, is_dsn_number, type, created_at, updated_at) VALUES ('0b79a595-b587-4d75-a318-b4572aa4d98d', '3c74e91b-250c-4c5e-8b0c-c4fcbf919f65', '(618) 256-1201', 'Customer Service', true, 'Voice', now(), now());
INSERT into office_emails (id, transportation_office_id, email, label, created_at, updated_at) VALUES ('e62506bf-9fa4-4c8b-b970-d32298a853a8', '3c74e91b-250c-4c5e-8b0c-c4fcbf919f65', 'scott.tmo.outbound-02@us.af.mil', 'Customer Service', now(), now());
INSERT into addresses (id, created_at, updated_at, street_address_1, city, state, postal_code, country) VALUES ('354ef9f0-922d-4d67-8dbe-e5a6d37b2c12', now(), now(), '', 'Scott Air Force Base', 'IL', '62225.0', 'United States');
INSERT into duty_stations (id, created_at, updated_at, name, affiliation, address_id, transportation_office_id) VALUES ('a165dd44-accc-4e72-91aa-b8cd903402f3', now(), now(), 'Scott Air Force Base', 'AIR_FORCE', '354ef9f0-922d-4d67-8dbe-e5a6d37b2c12', '3c74e91b-250c-4c5e-8b0c-c4fcbf919f65');

INSERT into addresses (id, created_at, updated_at, street_address_1, street_address_2, city, state, postal_code, country) VALUES ('f100b15c-fd32-4b49-b1ee-6393400149ce', now(), now(), '110 E. Alison Ave.', 'Bldg 600, Room 1153', 'Cannon AFB', 'NM', '88103.0', 'United States');
INSERT into transportation_offices (id, shipping_office_id, name, address_id, latitude, longitude, gbloc, created_at, updated_at) VALUES ('cb5a8b09-a48b-4ff6-ac7d-ad0ed56e9531', NULL, 'Cannon AFB', 'f100b15c-fd32-4b49-b1ee-6393400149ce', 0.0000, 0.0000, '', now(), now());
INSERT into office_phone_lines (id, transportation_office_id, number, label, is_dsn_number, type, created_at, updated_at) VALUES ('9630fb36-6ae5-4d69-acda-cdf2ad7d9e85', 'cb5a8b09-a48b-4ff6-ac7d-ad0ed56e9531', '(575) 784-2302', 'Customer Service', true, 'Voice', now(), now());
INSERT into office_emails (id, transportation_office_id, email, label, created_at, updated_at) VALUES ('896d86eb-1ee5-4ca0-af23-aa715fc34a24', 'cb5a8b09-a48b-4ff6-ac7d-ad0ed56e9531', '27solrs.lgrtp@afsoc.af.mil', 'Customer Service', now(), now());
INSERT into addresses (id, created_at, updated_at, street_address_1, city, state, postal_code, country) VALUES ('0323aa65-9829-43d5-844e-636bc51cc2e2', now(), now(), '', 'Cannon AFB', 'NM', '88103.0', 'United States');
INSERT into duty_stations (id, created_at, updated_at, name, affiliation, address_id, transportation_office_id) VALUES ('106537b7-1c66-43ac-a065-fbb1ca1a89dc', now(), now(), 'Cannon AFB', 'AIR_FORCE', '0323aa65-9829-43d5-844e-636bc51cc2e2', 'cb5a8b09-a48b-4ff6-ac7d-ad0ed56e9531');

INSERT into addresses (id, created_at, updated_at, street_address_1, city, state, postal_code, country) VALUES ('c287bb32-133f-4fe2-a74c-9c9929401b2b', now(), now(), '3515 S Fifth St', 'Davis-Monthan AFB', 'AZ', '85707.0', 'United States');
INSERT into transportation_offices (id, shipping_office_id, name, address_id, latitude, longitude, gbloc, created_at, updated_at) VALUES ('f43bfad3-055d-4da8-9e87-1dcf14b69f87', NULL, 'Davis Monthan AFB', 'c287bb32-133f-4fe2-a74c-9c9929401b2b', 0.0000, 0.0000, '', now(), now());
INSERT into office_phone_lines (id, transportation_office_id, number, label, is_dsn_number, type, created_at, updated_at) VALUES ('b3b4ba45-818f-4dd2-a47b-3089a4361dc3', 'f43bfad3-055d-4da8-9e87-1dcf14b69f87', '(520) 228-4818', 'Customer Service', true, 'Voice', now(), now());
INSERT into office_emails (id, transportation_office_id, email, label, created_at, updated_at) VALUES ('5a5973a5-52dd-492c-9b96-d8e460092103', 'f43bfad3-055d-4da8-9e87-1dcf14b69f87', 'tmo.hhgs@us.af.mil', 'Customer Service', now(), now());
INSERT into addresses (id, created_at, updated_at, street_address_1, city, state, postal_code, country) VALUES ('dd4e73c1-39cc-4979-8f1d-27c4926b7ecb', now(), now(), '', 'Davis-Monthan AFB', 'AZ', '85707.0', 'United States');
INSERT into duty_stations (id, created_at, updated_at, name, affiliation, address_id, transportation_office_id) VALUES ('ef7a70a1-cf7e-42c0-ab1e-6fc1c21b86e4', now(), now(), 'Davis-Monthan AFB', 'AIR_FORCE', 'dd4e73c1-39cc-4979-8f1d-27c4926b7ecb', 'f43bfad3-055d-4da8-9e87-1dcf14b69f87');

INSERT into addresses (id, created_at, updated_at, street_address_1, city, state, postal_code, country) VALUES ('bf1dbfad-2400-483b-a3df-8e056c6a97eb', now(), now(), '1924 Lemay Blvd', 'Ellsworth AFB', 'SD', '57706.0', 'United States');
INSERT into transportation_offices (id, shipping_office_id, name, address_id, latitude, longitude, gbloc, created_at, updated_at) VALUES ('fed06491-dc86-4d04-81f0-51f2b58ec902', NULL, 'Ellsworth AFB', 'bf1dbfad-2400-483b-a3df-8e056c6a97eb', 0.0000, 0.0000, '', now(), now());
INSERT into office_phone_lines (id, transportation_office_id, number, label, is_dsn_number, type, created_at, updated_at) VALUES ('a007cbf0-697c-4fcd-97d5-faed44863a25', 'fed06491-dc86-4d04-81f0-51f2b58ec902', '(605) 385-6597', 'Customer Service', true, 'Voice', now(), now());
INSERT into office_emails (id, transportation_office_id, email, label, created_at, updated_at) VALUES ('a42d59d5-a644-4b68-8985-bb9bb6072252', 'fed06491-dc86-4d04-81f0-51f2b58ec902', '28LRS.TMOPersonalPro@us.af.mil', 'Customer Service', now(), now());
INSERT into addresses (id, created_at, updated_at, street_address_1, city, state, postal_code, country) VALUES ('fc8725e3-fc71-44a1-8cd3-2e53f0caff58', now(), now(), '', 'Ellsworth AFB', 'SD', '57706.0', 'United States');
INSERT into duty_stations (id, created_at, updated_at, name, affiliation, address_id, transportation_office_id) VALUES ('f542f7eb-380f-4567-8e35-59b82959ff03', now(), now(), 'Ellsworth AFB', 'AIR_FORCE', 'fc8725e3-fc71-44a1-8cd3-2e53f0caff58', 'fed06491-dc86-4d04-81f0-51f2b58ec902');

INSERT into addresses (id, created_at, updated_at, street_address_1, city, state, postal_code, country) VALUES ('05a15a57-1cbc-4fc7-b7b1-126c2987b9fd', now(), now(), '20245 4th St', 'Albuquerque', 'NM', '87117.0', 'United States');
INSERT into transportation_offices (id, shipping_office_id, name, address_id, latitude, longitude, gbloc, created_at, updated_at) VALUES ('304770a4-1c0c-4791-854d-b4a30065a5b3', NULL, 'Kirkland AFB', '05a15a57-1cbc-4fc7-b7b1-126c2987b9fd', 0.0000, 0.0000, '', now(), now());
INSERT into office_phone_lines (id, transportation_office_id, number, label, is_dsn_number, type, created_at, updated_at) VALUES ('a8f16273-6846-40f2-ae8a-23cddc2650ba', '304770a4-1c0c-4791-854d-b4a30065a5b3', '(505) 846-1858', 'Customer Service', true, 'Voice', now(), now());
INSERT into office_emails (id, transportation_office_id, email, label, created_at, updated_at) VALUES ('00e3915d-a9ff-456c-b092-9f4fa458467d', '304770a4-1c0c-4791-854d-b4a30065a5b3', '377lrs.tmo-02@us.af.mil', 'Customer Service', now(), now());
INSERT into addresses (id, created_at, updated_at, street_address_1, city, state, postal_code, country) VALUES ('5485ba80-6e88-43ce-93b7-2d3d5f2d62bf', now(), now(), '', 'Albuquerque', 'NM', '87117.0', 'United States');
INSERT into duty_stations (id, created_at, updated_at, name, affiliation, address_id, transportation_office_id) VALUES ('536137d7-6345-4ce2-a824-d5d4351e92c0', now(), now(), 'Kirkland AFB', 'AIR_FORCE', '5485ba80-6e88-43ce-93b7-2d3d5f2d62bf', '304770a4-1c0c-4791-854d-b4a30065a5b3');

INSERT into addresses (id, created_at, updated_at, street_address_1, street_address_2, city, state, postal_code, country) VALUES ('5ac46fd2-aba9-432a-afb1-1c2a704e148a', now(), now(), '811 Sigsbee Rd', 'Bldg V-4059 room 1', 'Key West', 'FL', '33040.0', 'United States');
INSERT into transportation_offices (id, shipping_office_id, name, address_id, latitude, longitude, gbloc, created_at, updated_at) VALUES ('2c53fb12-a3d9-48cb-b7d2-dbe43b1ef5ef', NULL, 'PPSO Key West', '5ac46fd2-aba9-432a-afb1-1c2a704e148a', 0.0000, 0.0000, '', now(), now());
INSERT into office_phone_lines (id, transportation_office_id, number, label, is_dsn_number, type, created_at, updated_at) VALUES ('b9fb40d0-8a33-499d-b719-1fa54770fdc5', '2c53fb12-a3d9-48cb-b7d2-dbe43b1ef5ef', '(305) 293-2973', 'Customer Service', true, 'Voice', now(), now());
INSERT into office_emails (id, transportation_office_id, email, label, created_at, updated_at) VALUES ('eeca5a64-fc23-428e-9aba-b9b17fa4a148', '2c53fb12-a3d9-48cb-b7d2-dbe43b1ef5ef', 'dawn.kissel@navy.mil', 'Customer Service', now(), now());
INSERT into addresses (id, created_at, updated_at, street_address_1, city, state, postal_code, country) VALUES ('f79aeda6-2da6-413f-a156-0d70d8445cae', now(), now(), '', 'Key West', 'FL', '33040.0', 'United States');
INSERT into duty_stations (id, created_at, updated_at, name, affiliation, address_id, transportation_office_id) VALUES ('c3c8c9b8-ef59-4a23-b9a8-d70db96e399a', now(), now(), 'Key West', 'NAVY', 'f79aeda6-2da6-413f-a156-0d70d8445cae', '2c53fb12-a3d9-48cb-b7d2-dbe43b1ef5ef');

INSERT into addresses (id, created_at, updated_at, street_address_1, street_address_2, city, state, postal_code, country) VALUES ('1d44917f-8f64-4fe8-af47-34ea423469a3', now(), now(), '1 Rock Island Arsenal', 'ASPA-LRI Bldg. 102 1st Fl. NE Wing', 'Rock Island', 'IL', '61299.0', 'United States');
INSERT into transportation_offices (id, shipping_office_id, name, address_id, latitude, longitude, gbloc, created_at, updated_at) VALUES ('75ba7aa6-4447-4121-89e1-59ce24938fdf', NULL, 'Rock Island Arsenal Transportation Office', '1d44917f-8f64-4fe8-af47-34ea423469a3', 0.0000, 0.0000, '', now(), now());
INSERT into office_phone_lines (id, transportation_office_id, number, label, is_dsn_number, type, created_at, updated_at) VALUES ('ca759cd9-47a1-4f49-9ea9-3fbbb890048c', '75ba7aa6-4447-4121-89e1-59ce24938fdf', '(309) 782-5602', 'Customer Service', true, 'Voice', now(), now());
INSERT into office_emails (id, transportation_office_id, email, label, created_at, updated_at) VALUES ('c979efe2-4582-4642-abc4-21ef235227d9', '75ba7aa6-4447-4121-89e1-59ce24938fdf', 'deshonda.g.davislocke.civ@mail.mil', 'Customer Service', now(), now());
INSERT into addresses (id, created_at, updated_at, street_address_1, city, state, postal_code, country) VALUES ('9ad184ef-852b-423f-b0b7-28048d7f4b4b', now(), now(), '', 'Rock Island', 'IL', '61299.0', 'United States');
INSERT into duty_stations (id, created_at, updated_at, name, affiliation, address_id, transportation_office_id) VALUES ('6df89448-2787-4d8c-a0a5-242c2b087736', now(), now(), 'Rock Island Arsenal', 'ARMY', '9ad184ef-852b-423f-b0b7-28048d7f4b4b', '75ba7aa6-4447-4121-89e1-59ce24938fdf');

INSERT into addresses (id, created_at, updated_at, street_address_1, street_address_2, city, state, postal_code, country) VALUES ('e6e85889-bfcb-4b7c-a216-6e9bbe109216', now(), now(), '121 Cuddahy St', 'Bldg 680 Suite C', 'NAS Pensacola', 'FL', '32508.0', 'United States');
INSERT into transportation_offices (id, shipping_office_id, name, address_id, latitude, longitude, gbloc, created_at, updated_at) VALUES ('8f904010-9fb5-4a25-9b27-8968efd4df58', NULL, 'NAS Pensacola PPO', 'e6e85889-bfcb-4b7c-a216-6e9bbe109216', 0.0000, 0.0000, '', now(), now());
INSERT into office_phone_lines (id, transportation_office_id, number, label, is_dsn_number, type, created_at, updated_at) VALUES ('2a9e108b-d76a-498b-a5d3-12d2c89fd848', '8f904010-9fb5-4a25-9b27-8968efd4df58', '(850) 452-4654', 'Customer Service', true, 'Voice', now(), now());
INSERT into office_emails (id, transportation_office_id, email, label, created_at, updated_at) VALUES ('a5fa33bf-bb6b-479c-be9f-d200460c10c7', '8f904010-9fb5-4a25-9b27-8968efd4df58', 'hhg_pensacola@navy.mil', 'Customer Service', now(), now());
INSERT into addresses (id, created_at, updated_at, street_address_1, city, state, postal_code, country) VALUES ('eabe6494-ea33-4b9a-b68c-b8da58629812', now(), now(), '', 'NAS Pensacola', 'FL', '32508.0', 'United States');
INSERT into duty_stations (id, created_at, updated_at, name, affiliation, address_id, transportation_office_id) VALUES ('58856b26-cae0-457c-b68d-a42301148c0f', now(), now(), 'NAS Pensacola', 'NAVY', 'eabe6494-ea33-4b9a-b68c-b8da58629812', '8f904010-9fb5-4a25-9b27-8968efd4df58');

INSERT into addresses (id, created_at, updated_at, street_address_1, street_address_2, city, state, postal_code, country) VALUES ('8fac3a5a-b93b-43e5-963c-2ff06cbccd9b', now(), now(), '730 Enterprise Blvd', 'Training Bldg, Wing 2, Room 5', 'NAS Lemoore', 'CA', '93246.0', 'United States');
INSERT into transportation_offices (id, shipping_office_id, name, address_id, latitude, longitude, gbloc, created_at, updated_at) VALUES ('5599f73c-bcff-4955-ac6e-c6eb9a5e518a', NULL, 'Personal Property Office', '8fac3a5a-b93b-43e5-963c-2ff06cbccd9b', 0.0000, 0.0000, '', now(), now());
INSERT into office_phone_lines (id, transportation_office_id, number, label, is_dsn_number, type, created_at, updated_at) VALUES ('25bbb841-5a53-42d2-95bf-f4ab9a7b2ea4', '5599f73c-bcff-4955-ac6e-c6eb9a5e518a', '(559) 998-3881', 'Customer Service', true, 'Voice', now(), now());
INSERT into addresses (id, created_at, updated_at, street_address_1, city, state, postal_code, country) VALUES ('9b2cb4e9-0ab7-419f-8a90-0b1fe9fd6ef0', now(), now(), '', 'Jacksonville', 'FL', '32212.0', 'United States');
INSERT into duty_stations (id, created_at, updated_at, name, affiliation, address_id, transportation_office_id) VALUES ('bf865df8-69f0-476a-a3b2-1c301c4140b9', now(), now(), 'Fleet Logistics Center', 'NAVY', '9b2cb4e9-0ab7-419f-8a90-0b1fe9fd6ef0', '5599f73c-bcff-4955-ac6e-c6eb9a5e518a');

INSERT into addresses (id, created_at, updated_at, street_address_1, street_address_2, city, state, postal_code, country) VALUES ('1c3cd78d-96e5-4bfa-9740-ca08c30b906c', now(), now(), '9035 Ocean Dr', '3rd Floor', 'Corpus Christi', 'TX', '78419.0', 'United States');
INSERT into transportation_offices (id, shipping_office_id, name, address_id, latitude, longitude, gbloc, created_at, updated_at) VALUES ('eb3a1ea4-c40d-41ea-b6f7-cd30defe1b27', NULL, 'PPPO Corpus Christi', '1c3cd78d-96e5-4bfa-9740-ca08c30b906c', 0.0000, 0.0000, '', now(), now());
INSERT into office_phone_lines (id, transportation_office_id, number, label, is_dsn_number, type, created_at, updated_at) VALUES ('3b8a8c11-716b-4082-b9e2-b6adf4eec4e1', 'eb3a1ea4-c40d-41ea-b6f7-cd30defe1b27', '(361) 961-3728', 'Customer Service', true, 'Voice', now(), now());
INSERT into office_emails (id, transportation_office_id, email, label, created_at, updated_at) VALUES ('c8a6887f-6ef2-4f75-8400-2035b09b272d', 'eb3a1ea4-c40d-41ea-b6f7-cd30defe1b27', 'hhg_corpuschristi@navy.mil', 'Customer Service', now(), now());
INSERT into addresses (id, created_at, updated_at, street_address_1, city, state, postal_code, country) VALUES ('81438587-4021-4aaa-a262-2e1aefd03762', now(), now(), '', 'Corpus Christi', 'TX', '78419.0', 'United States');
INSERT into duty_stations (id, created_at, updated_at, name, affiliation, address_id, transportation_office_id) VALUES ('121f8863-365e-48bf-afca-c81220b63f85', now(), now(), 'Corpus Christi', 'NAVY', '81438587-4021-4aaa-a262-2e1aefd03762', 'eb3a1ea4-c40d-41ea-b6f7-cd30defe1b27');

INSERT into addresses (id, created_at, updated_at, street_address_1, street_address_2, city, state, postal_code, country) VALUES ('414fbec1-730b-4dc6-a31f-5be80aeee8f7', now(), now(), '3502 East 8th St', 'Bldg 452, Room 125/126', 'Gulfport', 'MS', '39501.0', 'United States');
INSERT into transportation_offices (id, shipping_office_id, name, address_id, latitude, longitude, gbloc, created_at, updated_at) VALUES ('25c441be-d4fe-48df-9707-ff56c34162f7', NULL, 'NCBC GULFPORT', '414fbec1-730b-4dc6-a31f-5be80aeee8f7', 0.0000, 0.0000, '', now(), now());
INSERT into office_phone_lines (id, transportation_office_id, number, label, is_dsn_number, type, created_at, updated_at) VALUES ('5e0da7c2-41c3-4fa0-abc7-60180d98f464', '25c441be-d4fe-48df-9707-ff56c34162f7', '(228) 871-4741', 'Customer Service', true, 'Voice', now(), now());
INSERT into office_emails (id, transportation_office_id, email, label, created_at, updated_at) VALUES ('6324674b-2a12-48b8-87db-2d95c248772d', '25c441be-d4fe-48df-9707-ff56c34162f7', 'HHG_GULFPORT@NAVY.MIL', 'Customer Service', now(), now());
INSERT into addresses (id, created_at, updated_at, street_address_1, city, state, postal_code, country) VALUES ('435dfe15-d935-4763-941d-d854e1ffc842', now(), now(), '', 'Gulfport', 'MS', '39501.0', 'United States');
INSERT into duty_stations (id, created_at, updated_at, name, affiliation, address_id, transportation_office_id) VALUES ('299a9f97-626b-4389-96ea-a4f32a696575', now(), now(), 'NCBC Gulfport', 'NAVY', '435dfe15-d935-4763-941d-d854e1ffc842', '25c441be-d4fe-48df-9707-ff56c34162f7');

INSERT into addresses (id, created_at, updated_at, street_address_1, street_address_2, city, state, postal_code, country) VALUES ('b94333be-bdf8-400a-8e90-75d02ae7a742', now(), now(), '400 Russell Ave', 'Bldg. 31', 'New Orleans', 'LA', '70143.0', 'United States');
INSERT into transportation_offices (id, shipping_office_id, name, address_id, latitude, longitude, gbloc, created_at, updated_at) VALUES ('5befccf9-743e-4ed0-808d-9b8f239b7745', NULL, 'FLCJ DET New Orleans', 'b94333be-bdf8-400a-8e90-75d02ae7a742', 0.0000, 0.0000, '', now(), now());
INSERT into office_phone_lines (id, transportation_office_id, number, label, is_dsn_number, type, created_at, updated_at) VALUES ('fa049050-56ff-4fb7-bb62-37978ce74ce7', '5befccf9-743e-4ed0-808d-9b8f239b7745', '(504) 678-9820', 'Customer Service', true, 'Voice', now(), now());
INSERT into office_emails (id, transportation_office_id, email, label, created_at, updated_at) VALUES ('fa5650c4-404b-48c5-a06c-fb4ca11e21ec', '5befccf9-743e-4ed0-808d-9b8f239b7745', 'hhg_neworleans@navy.mil', 'Customer Service', now(), now());
INSERT into addresses (id, created_at, updated_at, street_address_1, city, state, postal_code, country) VALUES ('d0ba1deb-56e9-49c0-82b5-814abe9eb297', now(), now(), '', 'New Orleans', 'LA', '70143.0', 'United States');
INSERT into duty_stations (id, created_at, updated_at, name, affiliation, address_id, transportation_office_id) VALUES ('2baf8147-55db-4937-8477-c4a46174770b', now(), now(), 'FLCJ DET New Orleans', 'NAVY', 'd0ba1deb-56e9-49c0-82b5-814abe9eb297', '5befccf9-743e-4ed0-808d-9b8f239b7745');

INSERT into addresses (id, created_at, updated_at, street_address_1, street_address_2, city, state, postal_code, country) VALUES ('35ff87b4-8e97-497e-b797-eaaeafa70647', now(), now(), '4755 Pasture Rd', 'Bldg. 66', 'Fallon', 'NV', '89496.0', 'United States');
INSERT into transportation_offices (id, shipping_office_id, name, address_id, latitude, longitude, gbloc, created_at, updated_at) VALUES ('5aaf36ce-be02-4223-b5b4-787d979d7cd3', NULL, 'NAS Fallon HHG Office', '35ff87b4-8e97-497e-b797-eaaeafa70647', 0.0000, 0.0000, '', now(), now());
INSERT into office_phone_lines (id, transportation_office_id, number, label, is_dsn_number, type, created_at, updated_at) VALUES ('e0938e22-4a73-4f5d-8171-42b70f5aa0d4', '5aaf36ce-be02-4223-b5b4-787d979d7cd3', '(775) 426-3470', 'Customer Service', true, 'Voice', now(), now());
INSERT into office_emails (id, transportation_office_id, email, label, created_at, updated_at) VALUES ('41d86ba2-7c3c-4ddf-addc-176c7fa270f5', '5aaf36ce-be02-4223-b5b4-787d979d7cd3', 'FLCSD_FALN_PPSO@navy.mil', 'Customer Service', now(), now());
INSERT into addresses (id, created_at, updated_at, street_address_1, city, state, postal_code, country) VALUES ('6d7e870f-b1fa-4850-be78-bd1a0d418130', now(), now(), '', 'Fallon', 'NV', '89496.0', 'United States');
INSERT into duty_stations (id, created_at, updated_at, name, affiliation, address_id, transportation_office_id) VALUES ('0252485e-7a73-4903-b377-5e128b2b6154', now(), now(), 'Fallon NAS', 'NAVY', '6d7e870f-b1fa-4850-be78-bd1a0d418130', '5aaf36ce-be02-4223-b5b4-787d979d7cd3');

INSERT into addresses (id, created_at, updated_at, street_address_1, city, state, postal_code, country) VALUES ('5ded6636-8c01-4597-8e7d-1691995e9102', now(), now(), '1330 Military Parkway', 'NAS JRB Fort Worth', 'TX', '76127.0', 'United States');
INSERT into transportation_offices (id, shipping_office_id, name, address_id, latitude, longitude, gbloc, created_at, updated_at) VALUES ('454349a8-cbea-474f-95bd-65136e95254e', NULL, 'Household Goods/Transportation Office', '5ded6636-8c01-4597-8e7d-1691995e9102', 0.0000, 0.0000, '', now(), now());
INSERT into office_phone_lines (id, transportation_office_id, number, label, is_dsn_number, type, created_at, updated_at) VALUES ('da5e033c-c3cf-4b34-938a-49c3df5ec96a', '454349a8-cbea-474f-95bd-65136e95254e', '(817) 782-7300', 'Customer Service', true, 'Voice', now(), now());
INSERT into office_emails (id, transportation_office_id, email, label, created_at, updated_at) VALUES ('30928f1f-7922-4d06-9316-552a27fc0f74', '454349a8-cbea-474f-95bd-65136e95254e', 'hhg_fortworth@navy.mil', 'Customer Service', now(), now());
INSERT into addresses (id, created_at, updated_at, street_address_1, city, state, postal_code, country) VALUES ('01fcd961-8df0-4c08-b346-2baa614c8377', now(), now(), '', 'NAS JRB Fort Worth', 'TX', '76127.0', 'United States');
INSERT into duty_stations (id, created_at, updated_at, name, affiliation, address_id, transportation_office_id) VALUES ('b855171b-c966-4cef-a5c6-424b3e2c90f0', now(), now(), 'NAS JRB Fort Worth', 'NAVY', '01fcd961-8df0-4c08-b346-2baa614c8377', '454349a8-cbea-474f-95bd-65136e95254e');

INSERT into addresses (id, created_at, updated_at, street_address_1, street_address_2, city, state, postal_code, country) VALUES ('a63dc215-5c7d-4b00-883c-975a0ca5b42d', now(), now(), '7920 14th St', 'Bldg SDA-336', 'Norfolk', 'VA', '23505.0', 'United States');
INSERT into transportation_offices (id, shipping_office_id, name, address_id, latitude, longitude, gbloc, created_at, updated_at) VALUES ('a1f48fb1-e5c4-4e3c-8437-d204ac06a933', NULL, 'Consolidated Personal Property Shipping Office', 'a63dc215-5c7d-4b00-883c-975a0ca5b42d', 0.0000, 0.0000, '', now(), now());
INSERT into office_phone_lines (id, transportation_office_id, number, label, is_dsn_number, type, created_at, updated_at) VALUES ('93dafee0-b590-42f2-a2d2-921cb8d3d1f8', 'a1f48fb1-e5c4-4e3c-8437-d204ac06a933', '(855) 444-6683.', 'Customer Service', true, 'Voice', now(), now());
INSERT into office_emails (id, transportation_office_id, email, label, created_at, updated_at) VALUES ('e1179be7-d1bf-4324-92db-1070c80b06ae', 'a1f48fb1-e5c4-4e3c-8437-d204ac06a933', 'hhg_ma_counseling@navy.mil', 'Customer Service', now(), now());
INSERT into addresses (id, created_at, updated_at, street_address_1, city, state, postal_code, country) VALUES ('787f8b6c-ec73-49f0-add9-0c2f2784b575', now(), now(), '', 'Norfolk', 'VA', '23505.0', 'United States');
INSERT into duty_stations (id, created_at, updated_at, name, affiliation, address_id, transportation_office_id) VALUES ('abbbb23c-a996-4ef6-9cdc-8a57ae213e7b', now(), now(), 'Norfolk', 'NAVY', '787f8b6c-ec73-49f0-add9-0c2f2784b575', 'a1f48fb1-e5c4-4e3c-8437-d204ac06a933');

INSERT into addresses (id, created_at, updated_at, street_address_1, street_address_2, city, state, postal_code, country) VALUES ('501b6b7d-e41d-40a7-828f-fb17dc88b470', now(), now(), '47253 Whalen Rd', 'Bldg 588, Room 109', 'NAS Patuxent River', 'MD', '20670.0', 'United States');
INSERT into transportation_offices (id, shipping_office_id, name, address_id, latitude, longitude, gbloc, created_at, updated_at) VALUES ('fd31dca1-62b0-4f68-b0d6-c7792e984943', NULL, 'Personal Property Office - Outbound', '501b6b7d-e41d-40a7-828f-fb17dc88b470', 0.0000, 0.0000, '', now(), now());
INSERT into office_phone_lines (id, transportation_office_id, number, label, is_dsn_number, type, created_at, updated_at) VALUES ('96e09767-4851-46dd-9886-b8c2ad805ffd', 'fd31dca1-62b0-4f68-b0d6-c7792e984943', '(888) 271-7950', 'Customer Service', true, 'Voice', now(), now());
INSERT into office_emails (id, transportation_office_id, email, label, created_at, updated_at) VALUES ('2b5aecdb-b60e-4a5d-8487-bb5c6f9b4601', 'fd31dca1-62b0-4f68-b0d6-c7792e984943', 'paxriverhhg_mailbox.fct@navy.mil', 'Customer Service', now(), now());
INSERT into addresses (id, created_at, updated_at, street_address_1, city, state, postal_code, country) VALUES ('d65620c3-04f7-40ac-81df-e88e8939b1cd', now(), now(), '', 'NAS Patuxent River', 'MD', '20670.0', 'United States');
INSERT into duty_stations (id, created_at, updated_at, name, affiliation, address_id, transportation_office_id) VALUES ('e2614d6c-10d5-49c6-ae9b-38e3a27cf51d', now(), now(), 'NAS Patuxent River', 'NAVY', 'd65620c3-04f7-40ac-81df-e88e8939b1cd', 'fd31dca1-62b0-4f68-b0d6-c7792e984943');

INSERT into addresses (id, created_at, updated_at, street_address_1, street_address_2, city, state, postal_code, country) VALUES ('b1d4f4dc-5967-4bab-ac99-aa444e6b4c76', now(), now(), 'Langford Lake Rd', 'Building 105', 'Fort Irwin', 'CA', '92310.0', 'United States');
INSERT into transportation_offices (id, shipping_office_id, name, address_id, latitude, longitude, gbloc, created_at, updated_at) VALUES ('b142c300-15cb-4820-8b14-5726580beeb6', NULL, 'PPPO Fort Irwin', 'b1d4f4dc-5967-4bab-ac99-aa444e6b4c76', 0.0000, 0.0000, '', now(), now());
INSERT into office_phone_lines (id, transportation_office_id, number, label, is_dsn_number, type, created_at, updated_at) VALUES ('5d8c758d-694d-4c42-8d45-5d528daf9ce4', 'b142c300-15cb-4820-8b14-5726580beeb6', '(760) 380-3823', 'Customer Service', true, 'Voice', now(), now());
INSERT into office_emails (id, transportation_office_id, email, label, created_at, updated_at) VALUES ('dbfad3b3-042e-428c-bab3-1bfdaa4ae39e', 'b142c300-15cb-4820-8b14-5726580beeb6', 'usarmy.irwin.imcom.mbx.dol-transportation-division@mail.mil', 'Customer Service', now(), now());
INSERT into addresses (id, created_at, updated_at, street_address_1, city, state, postal_code, country) VALUES ('91078e98-b035-4b76-886f-f871fa383923', now(), now(), '', 'Fort Irwin', 'CA', '92310.0', 'United States');
INSERT into duty_stations (id, created_at, updated_at, name, affiliation, address_id, transportation_office_id) VALUES ('b1daf3e1-39be-4dd0-b1b8-9bf0f9210637', now(), now(), 'Fort Irwin', 'ARMY', '91078e98-b035-4b76-886f-f871fa383923', 'b142c300-15cb-4820-8b14-5726580beeb6');

INSERT into addresses (id, created_at, updated_at, street_address_1, city, state, postal_code, country) VALUES ('a0e3f148-3f88-471c-beee-d76700089117', now(), now(), '181 Wainwright Rd', 'Annapolis', 'MD', '21402.0', 'United States');
INSERT into transportation_offices (id, shipping_office_id, name, address_id, latitude, longitude, gbloc, created_at, updated_at) VALUES ('e32e7efe-7687-494e-8b5c-40a4d0bc6994', NULL, 'NAVSUP FLCN Annapolis', 'a0e3f148-3f88-471c-beee-d76700089117', 0.0000, 0.0000, '', now(), now());
INSERT into office_phone_lines (id, transportation_office_id, number, label, is_dsn_number, type, created_at, updated_at) VALUES ('729fed99-1095-4cfd-9329-79ab3afb7b84', 'e32e7efe-7687-494e-8b5c-40a4d0bc6994', '(410) 293-2286', 'Customer Service', true, 'Voice', now(), now());
INSERT into office_emails (id, transportation_office_id, email, label, created_at, updated_at) VALUES ('4a6b9a20-0afe-455a-9765-45bf236db6f0', 'e32e7efe-7687-494e-8b5c-40a4d0bc6994', 'personalproperty@usna.edu', 'Customer Service', now(), now());
INSERT into addresses (id, created_at, updated_at, street_address_1, city, state, postal_code, country) VALUES ('163f33d5-b4d8-4b5d-8a78-fb38594dcf05', now(), now(), '', 'Annapolis', 'MD', '21402.0', 'United States');
INSERT into duty_stations (id, created_at, updated_at, name, affiliation, address_id, transportation_office_id) VALUES ('c5fb2f89-8194-4b93-93d6-bbf84556bf68', now(), now(), 'FLCN Annapolis', 'NAVY', '163f33d5-b4d8-4b5d-8a78-fb38594dcf05', 'e32e7efe-7687-494e-8b5c-40a4d0bc6994');

INSERT into addresses (id, created_at, updated_at, street_address_1, street_address_2, city, state, postal_code, country) VALUES ('1cd6939f-cbf3-4bfc-a4b2-1228aedff723', now(), now(), '8901 Wisconsin Ave', 'Bldg 17 Room 3D', 'Bethesda', 'MD', '20889.0', 'United States');
INSERT into transportation_offices (id, shipping_office_id, name, address_id, latitude, longitude, gbloc, created_at, updated_at) VALUES ('fea9e884-2424-43b2-8090-7a277c585baa', NULL, 'PPPO COUNSELING OFFICE NAVSUP BETHESDA', '1cd6939f-cbf3-4bfc-a4b2-1228aedff723', 0.0000, 0.0000, '', now(), now());
INSERT into office_phone_lines (id, transportation_office_id, number, label, is_dsn_number, type, created_at, updated_at) VALUES ('aec9a969-5a93-473e-ac8f-3dceaf8dfa1d', 'fea9e884-2424-43b2-8090-7a277c585baa', '(301) 400-0231', 'Customer Service', true, 'Voice', now(), now());
INSERT into office_emails (id, transportation_office_id, email, label, created_at, updated_at) VALUES ('50eb54c3-4701-42b6-9cff-3b74261eab57', 'fea9e884-2424-43b2-8090-7a277c585baa', 'USN.Bethesda.nsabethesdamd.mbx.nnmc-householdgoods@mail.mil', 'Customer Service', now(), now());
INSERT into addresses (id, created_at, updated_at, street_address_1, city, state, postal_code, country) VALUES ('9c7d653f-ebff-41ff-b0dc-c66629142857', now(), now(), '', 'Bethesda', 'MD', '20889.0', 'United States');
INSERT into duty_stations (id, created_at, updated_at, name, affiliation, address_id, transportation_office_id) VALUES ('5181e21a-63e3-4b35-a3ec-4d8b981ff8d7', now(), now(), 'NASB Bethesda', 'NAVY', '9c7d653f-ebff-41ff-b0dc-c66629142857', 'fea9e884-2424-43b2-8090-7a277c585baa');

INSERT into addresses (id, created_at, updated_at, street_address_1, city, state, postal_code, country) VALUES ('928dc994-2105-49e1-b7dd-cc7878217727', now(), now(), '4000 Coast Guard Blvd', 'Portsmouth', 'VA', '23703.0', 'United States');
INSERT into transportation_offices (id, shipping_office_id, name, address_id, latitude, longitude, gbloc, created_at, updated_at) VALUES ('7931e1b8-4eb3-4d06-8175-a866d88acd37', NULL, 'PPPO / BASE PORTSMOUTH VA', '928dc994-2105-49e1-b7dd-cc7878217727', 0.0000, 0.0000, '', now(), now());
INSERT into office_phone_lines (id, transportation_office_id, number, label, is_dsn_number, type, created_at, updated_at) VALUES ('444672fc-f625-410c-a9af-70ce3ca9035c', '7931e1b8-4eb3-4d06-8175-a866d88acd37', '(757) 686-4190', 'Customer Service', true, 'Voice', now(), now());
INSERT into office_emails (id, transportation_office_id, email, label, created_at, updated_at) VALUES ('5091d4f3-f83d-44e2-a390-3970d005fcd4', '7931e1b8-4eb3-4d06-8175-a866d88acd37', 'BasePortsmouthPSDHHG@uscg.mil', 'Customer Service', now(), now());
INSERT into addresses (id, created_at, updated_at, street_address_1, city, state, postal_code, country) VALUES ('15f1a908-8e69-433c-857e-6cdc7ab622d9', now(), now(), '', 'Portsmouth', 'VA', '23703.0', 'United States');
INSERT into duty_stations (id, created_at, updated_at, name, affiliation, address_id, transportation_office_id) VALUES ('ae3823c1-9030-4808-889f-6a7925083dd1', now(), now(), 'US Coast Guard Portsmouth', 'COAST_GUARD', '15f1a908-8e69-433c-857e-6cdc7ab622d9', '7931e1b8-4eb3-4d06-8175-a866d88acd37');

INSERT into addresses (id, created_at, updated_at, street_address_1, city, state, postal_code, country) VALUES ('a98993e3-311c-4ca3-884e-2a0bae6bd711', now(), now(), 'USCG Support Center', 'Elizabeth City', 'NC', '27909.0', 'United States');
INSERT into transportation_offices (id, shipping_office_id, name, address_id, latitude, longitude, gbloc, created_at, updated_at) VALUES ('1ca9dd9d-3c41-44d1-994d-123a15ef2e90', NULL, 'PPO USCG SUPPORT CENTER Elizabeth City', 'a98993e3-311c-4ca3-884e-2a0bae6bd711', 0.0000, 0.0000, '', now(), now());
INSERT into office_phone_lines (id, transportation_office_id, number, label, is_dsn_number, type, created_at, updated_at) VALUES ('022aa021-9df3-4666-b8ac-4f738af5f3ec', '1ca9dd9d-3c41-44d1-994d-123a15ef2e90', '(877) 619-8596', 'Customer Service', true, 'Voice', now(), now());
INSERT into office_emails (id, transportation_office_id, email, label, created_at, updated_at) VALUES ('b43d283c-5adf-4675-a75e-c7801040b6fe', '1ca9dd9d-3c41-44d1-994d-123a15ef2e90', 'BasePortsmouthPSDHHG@uscg.mil', 'Customer Service', now(), now());
INSERT into addresses (id, created_at, updated_at, street_address_1, city, state, postal_code, country) VALUES ('0c01e15f-158e-4123-956b-a7ff699af40c', now(), now(), '', 'Elizabeth City', 'NC', '27909.0', 'United States');
INSERT into duty_stations (id, created_at, updated_at, name, affiliation, address_id, transportation_office_id) VALUES ('5f33cbee-a9e6-4a30-8f5c-6f59ab772d73', now(), now(), 'US Coast Guard Elizabeth City', 'COAST_GUARD', '0c01e15f-158e-4123-956b-a7ff699af40c', '1ca9dd9d-3c41-44d1-994d-123a15ef2e90');

INSERT into addresses (id, created_at, updated_at, street_address_1, street_address_2, city, state, postal_code, country) VALUES ('0020d241-1bf7-4d34-9425-01c55041d560', now(), now(), '3600 Dodson St', 'Room 1200', 'Port Hueneme', 'CA', '93043.0', 'United States');
INSERT into transportation_offices (id, shipping_office_id, name, address_id, latitude, longitude, gbloc, created_at, updated_at) VALUES ('2ee42faa-2fa2-4e2f-94a8-e0f0b063b3d8', NULL, 'Personal Property Office, Ventura County Site', '0020d241-1bf7-4d34-9425-01c55041d560', 0.0000, 0.0000, '', now(), now());
INSERT into office_phone_lines (id, transportation_office_id, number, label, is_dsn_number, type, created_at, updated_at) VALUES ('767ebd75-30db-4b96-80b6-577c36bc2bb8', '2ee42faa-2fa2-4e2f-94a8-e0f0b063b3d8', '(805) 982-4099', 'Customer Service', true, 'Voice', now(), now());
INSERT into office_emails (id, transportation_office_id, email, label, created_at, updated_at) VALUES ('273ca569-d0d2-46da-b35e-6e688c6204cd', '2ee42faa-2fa2-4e2f-94a8-e0f0b063b3d8', 'Joel.D.Pinckard@navy.mil', 'Customer Service', now(), now());
INSERT into addresses (id, created_at, updated_at, street_address_1, city, state, postal_code, country) VALUES ('65f430b2-0f3a-4367-bda9-3949d1779c4f', now(), now(), '', 'Port Hueneme', 'CA', '93043.0', 'United States');
INSERT into duty_stations (id, created_at, updated_at, name, affiliation, address_id, transportation_office_id) VALUES ('d570e8d6-eaa3-4223-957f-adfed8d9875a', now(), now(), 'Navy Base Ventura County', 'NAVY', '65f430b2-0f3a-4367-bda9-3949d1779c4f', '2ee42faa-2fa2-4e2f-94a8-e0f0b063b3d8');

INSERT into addresses (id, created_at, updated_at, street_address_1, street_address_2, city, state, postal_code, country) VALUES ('072272ca-e62f-4fc2-b95b-dcd60c81d323', now(), now(), '1 Administration Cir', 'Bldg 1023', 'China Lake', 'CA', '93555.0', 'United States');
INSERT into transportation_offices (id, shipping_office_id, name, address_id, latitude, longitude, gbloc, created_at, updated_at) VALUES ('78c5d2fc-7842-4d4b-8002-3036f7de48e9', NULL, 'NAVSUP FLC PPSO CHINA LAKE', '072272ca-e62f-4fc2-b95b-dcd60c81d323', 0.0000, 0.0000, '', now(), now());
INSERT into office_phone_lines (id, transportation_office_id, number, label, is_dsn_number, type, created_at, updated_at) VALUES ('c1d747d3-6481-4118-b54d-d6a31f35682c', '78c5d2fc-7842-4d4b-8002-3036f7de48e9', '(760) 939-3875', 'Customer Service', true, 'Voice', now(), now());
INSERT into office_emails (id, transportation_office_id, email, label, created_at, updated_at) VALUES ('736d48a6-e835-4824-ac3e-30e2506f8d3a', '78c5d2fc-7842-4d4b-8002-3036f7de48e9', 'jppso_sw_shipment@navy.mil', 'Customer Service', now(), now());
INSERT into addresses (id, created_at, updated_at, street_address_1, city, state, postal_code, country) VALUES ('298dd829-f0c0-4d9d-b604-e07b117021be', now(), now(), '', 'China Lake', 'CA', '93555.0', 'United States');
INSERT into duty_stations (id, created_at, updated_at, name, affiliation, address_id, transportation_office_id) VALUES ('6169da9f-26f9-4477-8e6c-48a9baacdf15', now(), now(), 'NAVSUP FLC China Lake', 'NAVY', '298dd829-f0c0-4d9d-b604-e07b117021be', '78c5d2fc-7842-4d4b-8002-3036f7de48e9');

INSERT into addresses (id, created_at, updated_at, street_address_1, street_address_2, city, state, postal_code, country) VALUES ('dd3ff227-d7d9-4b41-9c74-897dd33f5f09', now(), now(), '2317 Smith Ave', 'Bldg 52065', 'Fort Huachuca', 'AZ', '85613.0', 'United States');
INSERT into transportation_offices (id, shipping_office_id, name, address_id, latitude, longitude, gbloc, created_at, updated_at) VALUES ('ec02d9be-e88d-4956-9c33-4a6d9dd01e2a', NULL, 'PPSO Ft. Huachuca', 'dd3ff227-d7d9-4b41-9c74-897dd33f5f09', 0.0000, 0.0000, '', now(), now());
INSERT into office_phone_lines (id, transportation_office_id, number, label, is_dsn_number, type, created_at, updated_at) VALUES ('728c7334-e684-46d0-8309-5432cfc31bb5', 'ec02d9be-e88d-4956-9c33-4a6d9dd01e2a', '(520) 533-3311', 'Customer Service', true, 'Voice', now(), now());
INSERT into office_emails (id, transportation_office_id, email, label, created_at, updated_at) VALUES ('65a26307-ae93-46fd-bc23-d4ee642e17bd', 'ec02d9be-e88d-4956-9c33-4a6d9dd01e2a', 'imcomamc.dol-ppso.520533-8511@mail.mil', 'Customer Service', now(), now());
INSERT into addresses (id, created_at, updated_at, street_address_1, city, state, postal_code, country) VALUES ('a3f98683-1b72-4bee-add3-bf7e043c9248', now(), now(), '', 'Fort Huachuca', 'AZ', '85613.0', 'United States');
INSERT into duty_stations (id, created_at, updated_at, name, affiliation, address_id, transportation_office_id) VALUES ('fe82d8c6-76b9-4564-ac77-27306c986742', now(), now(), 'Fort Huachuca', 'ARMY', 'a3f98683-1b72-4bee-add3-bf7e043c9248', 'ec02d9be-e88d-4956-9c33-4a6d9dd01e2a');

INSERT into addresses (id, created_at, updated_at, street_address_1, street_address_2, city, state, postal_code, country) VALUES ('43f89cda-617e-40c2-af2d-12a18f400d0a', now(), now(), 'Vandergrift Blvd', 'Bldg 2263', 'Camp Pendleton', 'CA', '92055.0', 'United States');
INSERT into transportation_offices (id, shipping_office_id, name, address_id, latitude, longitude, gbloc, created_at, updated_at) VALUES ('b7ad704c-333e-40ae-af5b-7436d380eacc', NULL, 'PPPO Marine Corps Base Camp Pendleton', '43f89cda-617e-40c2-af2d-12a18f400d0a', 0.0000, 0.0000, '', now(), now());
INSERT into office_phone_lines (id, transportation_office_id, number, label, is_dsn_number, type, created_at, updated_at) VALUES ('a6429ad5-0821-4128-8cde-d4e67312afbc', 'b7ad704c-333e-40ae-af5b-7436d380eacc', '(760) 725-8666', 'Customer Service', true, 'Voice', now(), now());
INSERT into office_emails (id, transportation_office_id, email, label, created_at, updated_at) VALUES ('6ad75e79-0205-40e2-b437-1caf623a0714', 'b7ad704c-333e-40ae-af5b-7436d380eacc', 'mcb.campen.tmo@usmc.mil', 'Customer Service', now(), now());
INSERT into addresses (id, created_at, updated_at, street_address_1, city, state, postal_code, country) VALUES ('97cb9c1a-2ea6-48ca-8cae-ba5a0d5dbfa6', now(), now(), '', 'Camp Pendleton', 'CA', '92055.0', 'United States');
INSERT into duty_stations (id, created_at, updated_at, name, affiliation, address_id, transportation_office_id) VALUES ('95c02948-b76b-436a-bc42-951e10ec3af6', now(), now(), 'Camp Pendleton', 'MARINES', '97cb9c1a-2ea6-48ca-8cae-ba5a0d5dbfa6', 'b7ad704c-333e-40ae-af5b-7436d380eacc');

INSERT into addresses (id, created_at, updated_at, street_address_1, street_address_2, city, state, postal_code, country) VALUES ('c2488e0b-7fe1-4074-ac74-b2470ea6c8da', now(), now(), '224 Allen Rd', 'NAS Meridian Building', 'Meridian', 'MS', '39302.0', 'United States');
INSERT into transportation_offices (id, shipping_office_id, name, address_id, latitude, longitude, gbloc, created_at, updated_at) VALUES ('715f786c-d3e2-4a02-926b-7878144e8ad8', NULL, 'FLCJ MERIDIAN DET', 'c2488e0b-7fe1-4074-ac74-b2470ea6c8da', 0.0000, 0.0000, '', now(), now());
INSERT into office_phone_lines (id, transportation_office_id, number, label, is_dsn_number, type, created_at, updated_at) VALUES ('1c6c3140-27bf-402c-ba1f-a714bb05ca88', '715f786c-d3e2-4a02-926b-7878144e8ad8', '(601) 679-2004', 'Customer Service', true, 'Voice', now(), now());
INSERT into office_emails (id, transportation_office_id, email, label, created_at, updated_at) VALUES ('ff835962-d02d-4f28-9281-0b9f2c761a2e', '715f786c-d3e2-4a02-926b-7878144e8ad8', 'HHG_Meridian', 'Customer Service', now(), now());
INSERT into addresses (id, created_at, updated_at, street_address_1, city, state, postal_code, country) VALUES ('fa8dc5f6-6291-4b9c-957c-ce9eafa460f6', now(), now(), '', 'Meridian', 'MS', '39302.0', 'United States');
INSERT into duty_stations (id, created_at, updated_at, name, affiliation, address_id, transportation_office_id) VALUES ('c70354be-9dc7-4998-b620-e8c863ae87be', now(), now(), 'NAS Meridian', 'NAVY', 'fa8dc5f6-6291-4b9c-957c-ce9eafa460f6', '715f786c-d3e2-4a02-926b-7878144e8ad8');

INSERT into addresses (id, created_at, updated_at, street_address_1, street_address_2, city, state, postal_code, country) VALUES ('46fd491d-8a27-42d4-a28e-5a69b3ad3692', now(), now(), '730 Enterprise Blvd', 'Training Bldg, Wing 2, Room 5', 'NAS Lemoore', 'CA', '93246.0', 'United States');
INSERT into transportation_offices (id, shipping_office_id, name, address_id, latitude, longitude, gbloc, created_at, updated_at) VALUES ('25eb5562-3f33-4ab2-840d-c7e54a23de22', NULL, 'Personal Property Office', '46fd491d-8a27-42d4-a28e-5a69b3ad3692', 0.0000, 0.0000, '', now(), now());
INSERT into office_phone_lines (id, transportation_office_id, number, label, is_dsn_number, type, created_at, updated_at) VALUES ('ce491154-e48d-4d18-b748-7783c230c56d', '25eb5562-3f33-4ab2-840d-c7e54a23de22', '(559) 998-3881', 'Customer Service', true, 'Voice', now(), now());
INSERT into addresses (id, created_at, updated_at, street_address_1, city, state, postal_code, country) VALUES ('501f226d-5817-478b-9486-3d2822c20b50', now(), now(), '', 'NAS Lemoore', 'CA', '93246.0', 'United States');
INSERT into duty_stations (id, created_at, updated_at, name, affiliation, address_id, transportation_office_id) VALUES ('e83f4a12-3f76-4444-8efb-f6e33ad8dea6', now(), now(), 'NAS Lemoore', 'NAVY', '501f226d-5817-478b-9486-3d2822c20b50', '25eb5562-3f33-4ab2-840d-c7e54a23de22');

INSERT into addresses (id, created_at, updated_at, street_address_1, city, state, postal_code, country) VALUES ('fc831967-181a-44d2-a949-8c71b6a4d1d0', now(), now(), '200 E. G St', 'Fort McCoy', 'WI', '54656.0', 'United States');
INSERT into transportation_offices (id, shipping_office_id, name, address_id, latitude, longitude, gbloc, created_at, updated_at) VALUES ('fcba2226-2275-44bb-b7d9-e6198583c937', NULL, 'Fort McCoy PPPO', 'fc831967-181a-44d2-a949-8c71b6a4d1d0', 0.0000, 0.0000, '', now(), now());
INSERT into office_phone_lines (id, transportation_office_id, number, label, is_dsn_number, type, created_at, updated_at) VALUES ('a253a339-1ff6-4e54-9479-d281d374a7bf', 'fcba2226-2275-44bb-b7d9-e6198583c937', '(608) 388-3060', 'Customer Service', true, 'Voice', now(), now());
INSERT into office_emails (id, transportation_office_id, email, label, created_at, updated_at) VALUES ('4171eb45-48ee-4788-893e-04852f83610a', 'fcba2226-2275-44bb-b7d9-e6198583c937', 'usarmy.mccoy.asc.mbx.lrc-pppo@mail.mil', 'Customer Service', now(), now());
INSERT into addresses (id, created_at, updated_at, street_address_1, city, state, postal_code, country) VALUES ('abda4864-0c88-4cb5-a45e-093c35fd37e2', now(), now(), '', 'Fort McCoy', 'WI', '54656.0', 'United States');
INSERT into duty_stations (id, created_at, updated_at, name, affiliation, address_id, transportation_office_id) VALUES ('5fa98499-254c-4d94-ac7d-8ef3f0a38eb8', now(), now(), 'Fort McCoy', 'ARMY', 'abda4864-0c88-4cb5-a45e-093c35fd37e2', 'fcba2226-2275-44bb-b7d9-e6198583c937');

INSERT into addresses (id, created_at, updated_at, street_address_1, street_address_2, city, state, postal_code, country) VALUES ('86cbb022-fe11-4b1b-8647-a3d77431abc3', now(), now(), '7585 Virginia Ave', 'Suite 102 - Bldg 4374', 'Fort Polk South', 'LA', '71459.0', 'United States');
INSERT into transportation_offices (id, shipping_office_id, name, address_id, latitude, longitude, gbloc, created_at, updated_at) VALUES ('60a7543a-52ed-4abe-af58-b299738491f2', NULL, 'PPPO Fort Polk', '86cbb022-fe11-4b1b-8647-a3d77431abc3', 0.0000, 0.0000, '', now(), now());
INSERT into office_phone_lines (id, transportation_office_id, number, label, is_dsn_number, type, created_at, updated_at) VALUES ('30e0a04c-32ea-4bb8-995f-6ddc336b7671', '60a7543a-52ed-4abe-af58-b299738491f2', '(337) 531-7098', 'Customer Service', true, 'Voice', now(), now());
INSERT into office_emails (id, transportation_office_id, email, label, created_at, updated_at) VALUES ('f4f97050-24e7-43c9-b2d2-1939ae66fc23', '60a7543a-52ed-4abe-af58-b299738491f2', 'usarmy.polk.usamc.mbx.dol-trans@mail.mil', 'Customer Service', now(), now());
INSERT into addresses (id, created_at, updated_at, street_address_1, city, state, postal_code, country) VALUES ('46badeda-0ccd-4eea-9efa-7e6a9369847c', now(), now(), '', 'Fort Polk South', 'LA', '71459.0', 'United States');
INSERT into duty_stations (id, created_at, updated_at, name, affiliation, address_id, transportation_office_id) VALUES ('02c5a41d-7c0b-4830-bd78-ae6a3bee2217', now(), now(), 'Fort Polk South', 'ARMY', '46badeda-0ccd-4eea-9efa-7e6a9369847c', '60a7543a-52ed-4abe-af58-b299738491f2');

INSERT into addresses (id, created_at, updated_at, street_address_1, street_address_2, city, state, postal_code, country) VALUES ('2ae5fe57-b559-4a33-aa06-851e899c18ed', now(), now(), '5450 Strom Thurmond Blvd', 'Room 102', 'Fort Jackson', 'SC', '29207.0', 'United States');
INSERT into transportation_offices (id, shipping_office_id, name, address_id, latitude, longitude, gbloc, created_at, updated_at) VALUES ('95569b6a-eefe-407a-b551-cbaf145687fb', NULL, 'Transportation Office Fort Jackson', '2ae5fe57-b559-4a33-aa06-851e899c18ed', 0.0000, 0.0000, '', now(), now());
INSERT into office_phone_lines (id, transportation_office_id, number, label, is_dsn_number, type, created_at, updated_at) VALUES ('12208c63-8ce0-406f-bc46-515b5992f172', '95569b6a-eefe-407a-b551-cbaf145687fb', '(803) 751-5137', 'Customer Service', true, 'Voice', now(), now());
INSERT into office_emails (id, transportation_office_id, email, label, created_at, updated_at) VALUES ('c8846e17-75cd-4bf4-a0ad-a963208a61ec', '95569b6a-eefe-407a-b551-cbaf145687fb', 'usarmy.jackson.406-afsb.mbx.406th-afsbn-ppb@mail.mil', 'Customer Service', now(), now());
INSERT into addresses (id, created_at, updated_at, street_address_1, city, state, postal_code, country) VALUES ('c4e383c9-cfaf-4e9b-9ed6-62ea513dfd73', now(), now(), '', 'Fort Jackson', 'SC', '29207.0', 'United States');
INSERT into duty_stations (id, created_at, updated_at, name, affiliation, address_id, transportation_office_id) VALUES ('52ab4201-4306-4f5c-8157-e8f84794ebd0', now(), now(), 'Fort Jackson', 'ARMY', 'c4e383c9-cfaf-4e9b-9ed6-62ea513dfd73', '95569b6a-eefe-407a-b551-cbaf145687fb');

INSERT into addresses (id, created_at, updated_at, street_address_1, street_address_2, city, state, postal_code, country) VALUES ('49ed95f1-04e9-473f-b1f7-e121444bfc8f', now(), now(), '2000 West Marine View Dr', 'Bldg 2200', 'Everett', 'WA', '98207.0', 'United States');
INSERT into transportation_offices (id, shipping_office_id, name, address_id, latitude, longitude, gbloc, created_at, updated_at) VALUES ('5733f00a-0716-4f3f-a2ac-db989c540a01', NULL, 'NAVSUP FLC PS PPPO EVERETT', '49ed95f1-04e9-473f-b1f7-e121444bfc8f', 0.0000, 0.0000, '', now(), now());
INSERT into office_phone_lines (id, transportation_office_id, number, label, is_dsn_number, type, created_at, updated_at) VALUES ('1c110740-1dd1-4621-be86-43f9f71f267b', '5733f00a-0716-4f3f-a2ac-db989c540a01', '(425) 304-4018', 'Customer Service', true, 'Voice', now(), now());
INSERT into office_emails (id, transportation_office_id, email, label, created_at, updated_at) VALUES ('48e7eb7b-ba47-4463-aaa9-a319cf711b32', '5733f00a-0716-4f3f-a2ac-db989c540a01', 'hhg_PS_shipment@navy.mil', 'Customer Service', now(), now());
INSERT into addresses (id, created_at, updated_at, street_address_1, city, state, postal_code, country) VALUES ('3aba6246-cbb2-479f-a0e6-b3436f0c1e67', now(), now(), '', 'Everett', 'WA', '98207.0', 'United States');
INSERT into duty_stations (id, created_at, updated_at, name, affiliation, address_id, transportation_office_id) VALUES ('8bdff27f-4d3f-4bb9-b87f-bb7f7ffcc2e8', now(), now(), 'NAVSUP FLC Everett', 'NAVY', '3aba6246-cbb2-479f-a0e6-b3436f0c1e67', '5733f00a-0716-4f3f-a2ac-db989c540a01');

INSERT into addresses (id, created_at, updated_at, street_address_1, city, state, postal_code, country) VALUES ('bc36ea3c-d928-4bef-9cd6-446440e67e8e', now(), now(), '2720 Ohio St', 'Silverdale', 'WA', '98315.0', 'United States');
INSERT into transportation_offices (id, shipping_office_id, name, address_id, latitude, longitude, gbloc, created_at, updated_at) VALUES ('a12bad67-1403-4be8-92b7-26cd8862fcbb', NULL, 'NAVSUP FLC PUGET SOUND', 'bc36ea3c-d928-4bef-9cd6-446440e67e8e', 0.0000, 0.0000, '', now(), now());
INSERT into office_phone_lines (id, transportation_office_id, number, label, is_dsn_number, type, created_at, updated_at) VALUES ('b96c5ac7-c388-4490-8618-c3841b8348f4', 'a12bad67-1403-4be8-92b7-26cd8862fcbb', '(360) 396-4366', 'Customer Service', true, 'Voice', now(), now());
INSERT into office_emails (id, transportation_office_id, email, label, created_at, updated_at) VALUES ('f6d76d4f-dcd0-40ff-88cb-6c44fbe533ac', 'a12bad67-1403-4be8-92b7-26cd8862fcbb', 'hhg_ps_counseling@navy.mil', 'Customer Service', now(), now());
INSERT into addresses (id, created_at, updated_at, street_address_1, city, state, postal_code, country) VALUES ('2aa772e6-c83e-45bd-8a41-689128a0f348', now(), now(), '', 'Silverdale', 'WA', '98315.0', 'United States');
INSERT into duty_stations (id, created_at, updated_at, name, affiliation, address_id, transportation_office_id) VALUES ('b6ca1d63-2c98-453e-bdbb-e1d009222a7f', now(), now(), 'NAVSUP FLC Pugent Sound', 'NAVY', '2aa772e6-c83e-45bd-8a41-689128a0f348', 'a12bad67-1403-4be8-92b7-26cd8862fcbb');

INSERT into addresses (id, created_at, updated_at, street_address_1, city, state, postal_code, country) VALUES ('35834a4b-f215-45b2-9fca-03154a2581df', now(), now(), '1 C Tree Rd', 'McAlester', 'OK', '74501.0', 'United States');
INSERT into transportation_offices (id, shipping_office_id, name, address_id, latitude, longitude, gbloc, created_at, updated_at) VALUES ('431da83b-37fd-4418-944f-e74405b87ea7', NULL, 'McAlester Personal Property Office', '35834a4b-f215-45b2-9fca-03154a2581df', 0.0000, 0.0000, '', now(), now());
INSERT into office_phone_lines (id, transportation_office_id, number, label, is_dsn_number, type, created_at, updated_at) VALUES ('ee93e0ad-5f44-4745-8bea-632eed2b935b', '431da83b-37fd-4418-944f-e74405b87ea7', '(918) 420-6506', 'Customer Service', true, 'Voice', now(), now());
INSERT into office_emails (id, transportation_office_id, email, label, created_at, updated_at) VALUES ('af6ce805-2bbe-409b-a6e4-5b7a4595dd47', '431da83b-37fd-4418-944f-e74405b87ea7', 'michael.e.green1.civ@mail.mil', 'Customer Service', now(), now());
INSERT into addresses (id, created_at, updated_at, street_address_1, city, state, postal_code, country) VALUES ('57fd1893-6366-4d10-92ab-e326176fa59f', now(), now(), '', 'McAlester', 'OK', '74501.0', 'United States');
INSERT into duty_stations (id, created_at, updated_at, name, affiliation, address_id, transportation_office_id) VALUES ('a7904790-6fe0-4785-b069-b95b51506535', now(), now(), 'McAlester Army Ammunition Base', 'ARMY', '57fd1893-6366-4d10-92ab-e326176fa59f', '431da83b-37fd-4418-944f-e74405b87ea7');

INSERT into addresses (id, created_at, updated_at, street_address_1, city, state, postal_code, country) VALUES ('aefde227-d2fa-4043-8682-67d6306eeda2', now(), now(), '3675 W Lexington Dr', 'Oak Harbor', 'WA', '98278.0', 'United States');
INSERT into transportation_offices (id, shipping_office_id, name, address_id, latitude, longitude, gbloc, created_at, updated_at) VALUES ('c3a67f24-f564-4add-b823-6963e289d076', NULL, 'NAVSUP FLC Puget Sound Whidbey', 'aefde227-d2fa-4043-8682-67d6306eeda2', 0.0000, 0.0000, '', now(), now());
INSERT into office_phone_lines (id, transportation_office_id, number, label, is_dsn_number, type, created_at, updated_at) VALUES ('8fe134d2-c776-44aa-afbf-196ec9e84fc6', 'c3a67f24-f564-4add-b823-6963e289d076', '(360) 257-3104', 'Customer Service', true, 'Voice', now(), now());
INSERT into office_emails (id, transportation_office_id, email, label, created_at, updated_at) VALUES ('df6f1d84-d77e-409c-8f8e-84eb6abd1a73', 'c3a67f24-f564-4add-b823-6963e289d076', 'hhg_ps_counseling@navy.mil', 'Customer Service', now(), now());
INSERT into addresses (id, created_at, updated_at, street_address_1, city, state, postal_code, country) VALUES ('3dcf39d6-b841-4e91-9c40-3bd6a45f6e45', now(), now(), '', 'Oak Harbor', 'WA', '98278.0', 'United States');
INSERT into duty_stations (id, created_at, updated_at, name, affiliation, address_id, transportation_office_id) VALUES ('2c2686c3-9075-4c70-a57d-6767deb12663', now(), now(), 'NAVSUP FLC Puget Sound Whidbey', 'NAVY', '3dcf39d6-b841-4e91-9c40-3bd6a45f6e45', 'c3a67f24-f564-4add-b823-6963e289d076');

INSERT into addresses (id, created_at, updated_at, street_address_1, street_address_2, city, state, postal_code, country) VALUES ('2af5fa73-d9a2-4673-b27d-c4354d5ba0d3', now(), now(), '766 Intrepid St', 'Community Service Building Bldg. 456, 1st Floor Left Wing', 'Millington', 'TN', '38054.0', 'United States');
INSERT into transportation_offices (id, shipping_office_id, name, address_id, latitude, longitude, gbloc, created_at, updated_at) VALUES ('45cab4ac-d284-4bb8-bffc-7a4ac87db069', NULL, 'NSA Mid-South Personal Property Office', '2af5fa73-d9a2-4673-b27d-c4354d5ba0d3', 0.0000, 0.0000, '', now(), now());
INSERT into office_phone_lines (id, transportation_office_id, number, label, is_dsn_number, type, created_at, updated_at) VALUES ('acad0106-45c5-4250-ab77-c6024cc1d6ea', '45cab4ac-d284-4bb8-bffc-7a4ac87db069', '(901) 874-7771', 'Customer Service', true, 'Voice', now(), now());
INSERT into office_phone_lines (id, transportation_office_id, number, label, is_dsn_number, type, created_at, updated_at) VALUES ('d1398c83-ad7f-43a9-8649-b94dc05bc319', '45cab4ac-d284-4bb8-bffc-7a4ac87db069', '(901) 874-7775', 'Customer Service', true, 'Voice', now(), now());
INSERT into office_emails (id, transportation_office_id, email, label, created_at, updated_at) VALUES ('ac3b0a76-8bd2-49cf-8258-1743dd5901d1', '45cab4ac-d284-4bb8-bffc-7a4ac87db069', 'hhg_millington@navy.mil', 'Customer Service', now(), now());
INSERT into addresses (id, created_at, updated_at, street_address_1, city, state, postal_code, country) VALUES ('7e9ac2e1-a69b-41ef-987a-00631ca67f91', now(), now(), '', 'Millington', 'TN', '38054.0', 'United States');
INSERT into duty_stations (id, created_at, updated_at, name, affiliation, address_id, transportation_office_id) VALUES ('b865a0f0-2b2c-486e-bef8-6eccd480bee1', now(), now(), 'Naval Support Activity Mid-South', 'NAVY', '7e9ac2e1-a69b-41ef-987a-00631ca67f91', '45cab4ac-d284-4bb8-bffc-7a4ac87db069');

INSERT into addresses (id, created_at, updated_at, street_address_1, street_address_2, city, state, postal_code, country) VALUES ('202b603b-863a-4b80-b8ef-fd444eabe294', now(), now(), '5300 Valdez Cir.', 'Bldg H', 'Dugway', 'UT', '84022.0', 'United States');
INSERT into transportation_offices (id, shipping_office_id, name, address_id, latitude, longitude, gbloc, created_at, updated_at) VALUES ('7c0795c5-6714-440a-a71b-8e94115e344f', NULL, 'Dugway Proving Ground', '202b603b-863a-4b80-b8ef-fd444eabe294', 0.0000, 0.0000, '', now(), now());
INSERT into office_phone_lines (id, transportation_office_id, number, label, is_dsn_number, type, created_at, updated_at) VALUES ('4a33276b-bee6-4344-b84c-4eac2dc44f66', '7c0795c5-6714-440a-a71b-8e94115e344f', '(435) 831-2753', 'Customer Service', true, 'Voice', now(), now());
INSERT into office_phone_lines (id, transportation_office_id, number, label, is_dsn_number, type, created_at, updated_at) VALUES ('572ce21f-f596-46b5-87e0-de88fe7af96e', '7c0795c5-6714-440a-a71b-8e94115e344f', '(435) 831-2131', 'Customer Service', true, 'Voice', now(), now());
INSERT into office_emails (id, transportation_office_id, email, label, created_at, updated_at) VALUES ('13c3681e-95b0-4083-a629-f524a927bb3a', '7c0795c5-6714-440a-a71b-8e94115e344f', 'deanna.i.olson.civ@mail.mil', 'Customer Service', now(), now());
INSERT into addresses (id, created_at, updated_at, street_address_1, city, state, postal_code, country) VALUES ('74218e5c-bb57-49b8-b04e-1efe7c199dfb', now(), now(), '', 'Dugway', 'UT', '84022.0', 'United States');
INSERT into duty_stations (id, created_at, updated_at, name, affiliation, address_id, transportation_office_id) VALUES ('468fd8ad-c80d-467a-8d6c-6bbe2c24d468', now(), now(), 'Dugway Proving Ground', 'ARMY', '74218e5c-bb57-49b8-b04e-1efe7c199dfb', '7c0795c5-6714-440a-a71b-8e94115e344f');

INSERT into addresses (id, created_at, updated_at, street_address_1, city, state, postal_code, country) VALUES ('b403e3b5-7937-4539-8c89-b980cc61b32d', now(), now(), '650 Monroe Ave', 'Fort Eustis', 'VA', '23604.0', 'United States');
INSERT into transportation_offices (id, shipping_office_id, name, address_id, latitude, longitude, gbloc, created_at, updated_at) VALUES ('2f2d4c89-c056-4c74-9bce-da1d662b19ef', NULL, 'Ft. Eustis', 'b403e3b5-7937-4539-8c89-b980cc61b32d', 0.0000, 0.0000, '', now(), now());
INSERT into office_phone_lines (id, transportation_office_id, number, label, is_dsn_number, type, created_at, updated_at) VALUES ('0c8167d0-81b3-49d1-b9cc-3ed6e9372d3b', '2f2d4c89-c056-4c74-9bce-da1d662b19ef', '(757) 878-4664', 'Customer Service', true, 'Voice', now(), now());
INSERT into office_emails (id, transportation_office_id, email, label, created_at, updated_at) VALUES ('b829d867-be83-405c-9412-bfaf0d678bf2', '2f2d4c89-c056-4c74-9bce-da1d662b19ef', 'TMO.HOUSEGOODS@US.AF.MIL', 'Customer Service', now(), now());
INSERT into addresses (id, created_at, updated_at, street_address_1, city, state, postal_code, country) VALUES ('20d4bd52-2f82-415d-93b7-df3e9d20e48e', now(), now(), '', 'Fort Eustis', 'VA', '23604.0', 'United States');
INSERT into duty_stations (id, created_at, updated_at, name, affiliation, address_id, transportation_office_id) VALUES ('c58189e0-d109-48b4-94c1-136f6b322b7a', now(), now(), 'Fort Eustis', 'ARMY', '20d4bd52-2f82-415d-93b7-df3e9d20e48e', '2f2d4c89-c056-4c74-9bce-da1d662b19ef');

INSERT into addresses (id, created_at, updated_at, street_address_1, street_address_2, city, state, postal_code, country) VALUES ('ab140fef-21c9-4f84-a663-383eae64a629', now(), now(), '45 Nealy Ave', 'Suite 209', 'Hampton', 'VA', '23665.0', 'United States');
INSERT into transportation_offices (id, shipping_office_id, name, address_id, latitude, longitude, gbloc, created_at, updated_at) VALUES ('3b8e48b5-b9bf-4434-b2db-6c4b65fa5533', NULL, 'JB Eustis-Langley', 'ab140fef-21c9-4f84-a663-383eae64a629', 0.0000, 0.0000, '', now(), now());
INSERT into office_phone_lines (id, transportation_office_id, number, label, is_dsn_number, type, created_at, updated_at) VALUES ('d383bbf6-4929-419b-8083-dc3223c76413', '3b8e48b5-b9bf-4434-b2db-6c4b65fa5533', '(757) 764-4171', 'Customer Service', true, 'Voice', now(), now());
INSERT into office_phone_lines (id, transportation_office_id, number, label, is_dsn_number, type, created_at, updated_at) VALUES ('767141d5-ec2a-4ac7-aef7-71a25afc3594', '3b8e48b5-b9bf-4434-b2db-6c4b65fa5533', '(757) 764-7503', 'Customer Service', true, 'Voice', now(), now());
INSERT into office_emails (id, transportation_office_id, email, label, created_at, updated_at) VALUES ('b95ad6ec-81d7-413e-a24c-aaf75963a248', '3b8e48b5-b9bf-4434-b2db-6c4b65fa5533', 'TMO.HOUSEGOODS@US.AF.MIL', 'Customer Service', now(), now());
INSERT into addresses (id, created_at, updated_at, street_address_1, city, state, postal_code, country) VALUES ('7c1f7b0b-4fc2-430a-9e39-7b893dd8e1ab', now(), now(), '', 'Hampton', 'VA', '23665.0', 'United States');
INSERT into duty_stations (id, created_at, updated_at, name, affiliation, address_id, transportation_office_id) VALUES ('fdd5b2d8-b3b4-4eed-a5fc-acf92e39e2b4', now(), now(), 'Joint Base Eustis-Landley', 'AIR_FORCE', '7c1f7b0b-4fc2-430a-9e39-7b893dd8e1ab', '3b8e48b5-b9bf-4434-b2db-6c4b65fa5533');

INSERT into addresses (id, created_at, updated_at, street_address_1, street_address_2, city, state, postal_code, country) VALUES ('26e7d26d-160d-49ef-ba79-94aa72ed7b67', now(), now(), '26 Electronic Parkway', 'Building 2 room C-250', 'Rome', 'NY', '13441.0', 'United States');
INSERT into transportation_offices (id, shipping_office_id, name, address_id, latitude, longitude, gbloc, created_at, updated_at) VALUES ('c2e0a624-49e1-48bf-a1b8-dfebeb60c87c', NULL, 'Rome NY', '26e7d26d-160d-49ef-ba79-94aa72ed7b67', 0.0000, 0.0000, '', now(), now());
INSERT into office_phone_lines (id, transportation_office_id, number, label, is_dsn_number, type, created_at, updated_at) VALUES ('66f19aec-a1e0-417e-9650-6649702d75d7', 'c2e0a624-49e1-48bf-a1b8-dfebeb60c87c', '(315) 330-4469', 'Customer Service', true, 'Voice', now(), now());
INSERT into office_phone_lines (id, transportation_office_id, number, label, is_dsn_number, type, created_at, updated_at) VALUES ('17fe048c-9239-4605-bf31-5a5265394f8e', 'c2e0a624-49e1-48bf-a1b8-dfebeb60c87c', '(315) 330-2322', 'Customer Service', true, 'Voice', now(), now());
INSERT into office_emails (id, transportation_office_id, email, label, created_at, updated_at) VALUES ('1991d44d-7eea-45fe-a22a-21b270481062', 'c2e0a624-49e1-48bf-a1b8-dfebeb60c87c', 'AFRL.riol.TMO_Rome@us.af.mil', 'Customer Service', now(), now());
INSERT into addresses (id, created_at, updated_at, street_address_1, city, state, postal_code, country) VALUES ('f785bbfe-926d-49f0-86e1-4f009e0c7546', now(), now(), '', 'Rome', 'NY', '13441.0', 'United States');
INSERT into duty_stations (id, created_at, updated_at, name, affiliation, address_id, transportation_office_id) VALUES ('3443a70d-49bf-4c3f-b8b8-508780d0f588', now(), now(), 'Griffiss Air Force Base', 'AIR_FORCE', 'f785bbfe-926d-49f0-86e1-4f009e0c7546', 'c2e0a624-49e1-48bf-a1b8-dfebeb60c87c');

INSERT into addresses (id, created_at, updated_at, street_address_1, city, state, postal_code, country) VALUES ('40809d19-33c7-4fb3-8751-61e7eb590a76', now(), now(), '483 N. Aviation Blvd', 'El Segundo', 'CA', '90245.0', 'United States');
INSERT into transportation_offices (id, shipping_office_id, name, address_id, latitude, longitude, gbloc, created_at, updated_at) VALUES ('1136d3d9-6e2f-4650-a0ba-7f3086789ca9', NULL, 'Los Angeles AFB', '40809d19-33c7-4fb3-8751-61e7eb590a76', 0.0000, 0.0000, '', now(), now());
INSERT into office_phone_lines (id, transportation_office_id, number, label, is_dsn_number, type, created_at, updated_at) VALUES ('abe42a61-7b88-4c41-8925-85fefaf809c0', '1136d3d9-6e2f-4650-a0ba-7f3086789ca9', '(309) 782-1378', 'Customer Service', true, 'Voice', now(), now());
INSERT into office_emails (id, transportation_office_id, email, label, created_at, updated_at) VALUES ('0ad7d82c-f5c1-4489-b325-7a9d6d078a2b', '1136d3d9-6e2f-4650-a0ba-7f3086789ca9', '61CELSTMO@US.AF.MIL', 'Customer Service', now(), now());
INSERT into addresses (id, created_at, updated_at, street_address_1, city, state, postal_code, country) VALUES ('7685712a-4143-402d-bfaa-dba3137e46fc', now(), now(), '', 'El Segundo', 'CA', '90245.0', 'United States');
INSERT into duty_stations (id, created_at, updated_at, name, affiliation, address_id, transportation_office_id) VALUES ('2270a301-fb65-4537-a7d9-39f936193d84', now(), now(), 'Los Angeles AFB', 'AIR_FORCE', '7685712a-4143-402d-bfaa-dba3137e46fc', '1136d3d9-6e2f-4650-a0ba-7f3086789ca9');

INSERT into addresses (id, created_at, updated_at, street_address_1, city, state, postal_code, country) VALUES ('7055ff21-cb3a-432f-a72d-0037c0e638c6', now(), now(), '524 Shaw Dr', 'Shaw Air Force Base', 'SC', '29152.0', 'United States');
INSERT into transportation_offices (id, shipping_office_id, name, address_id, latitude, longitude, gbloc, created_at, updated_at) VALUES ('e64d507c-776e-4707-9f22-9965e4f81d97', NULL, 'Shaw AFB, SC', '7055ff21-cb3a-432f-a72d-0037c0e638c6', 0.0000, 0.0000, '', now(), now());
INSERT into office_phone_lines (id, transportation_office_id, number, label, is_dsn_number, type, created_at, updated_at) VALUES ('a4fe2cf7-36c7-4a5f-ae71-57f059c7055d', 'e64d507c-776e-4707-9f22-9965e4f81d97', '(803) 895-8615', 'Customer Service', true, 'Voice', now(), now());
INSERT into office_phone_lines (id, transportation_office_id, number, label, is_dsn_number, type, created_at, updated_at) VALUES ('4cb17159-cbb8-4fb1-bf22-e462fd015596', 'e64d507c-776e-4707-9f22-9965e4f81d97', '(803) 895-8613', 'Customer Service', true, 'Voice', now(), now());
INSERT into office_emails (id, transportation_office_id, email, label, created_at, updated_at) VALUES ('8ae04de0-3bf2-4c0a-8928-3cf2f5c869e4', 'e64d507c-776e-4707-9f22-9965e4f81d97', '20LRSTMOCOUNSELO@us.af.mil', 'Customer Service', now(), now());
INSERT into addresses (id, created_at, updated_at, street_address_1, city, state, postal_code, country) VALUES ('e58ab3b5-67b2-4489-9122-bc7a3b7c1cc8', now(), now(), '', 'Shaw Air Force Base', 'SC', '29152.0', 'United States');
INSERT into duty_stations (id, created_at, updated_at, name, affiliation, address_id, transportation_office_id) VALUES ('b1c4788e-0261-4ae8-a7da-f32a0001517c', now(), now(), 'Shaw Air Force Base', 'AIR_FORCE', 'e58ab3b5-67b2-4489-9122-bc7a3b7c1cc8', 'e64d507c-776e-4707-9f22-9965e4f81d97');

INSERT into addresses (id, created_at, updated_at, street_address_1, city, state, postal_code, country) VALUES ('805439bc-5756-4ac2-a6c2-d0f1cba46db9', now(), now(), '1940 Allbrook Dr', 'Wright-Patterson Air Force Base', 'OH', '45433.0', 'United States');
INSERT into transportation_offices (id, shipping_office_id, name, address_id, latitude, longitude, gbloc, created_at, updated_at) VALUES ('c532b472-4db1-4820-95f2-7d1cb700c27e', NULL, 'Wright-Patterson AFB', '805439bc-5756-4ac2-a6c2-d0f1cba46db9', 0.0000, 0.0000, '', now(), now());
INSERT into office_phone_lines (id, transportation_office_id, number, label, is_dsn_number, type, created_at, updated_at) VALUES ('f7682117-e107-4fe8-a705-e69faf8e822b', 'c532b472-4db1-4820-95f2-7d1cb700c27e', '(937) 257-2153', 'Customer Service', true, 'Voice', now(), now());
INSERT into office_emails (id, transportation_office_id, email, label, created_at, updated_at) VALUES ('448a8dd6-ae7d-406e-96d7-dda0f1535924', 'c532b472-4db1-4820-95f2-7d1cb700c27e', 'wpafbtmo@us.af.mil', 'Customer Service', now(), now());
INSERT into addresses (id, created_at, updated_at, street_address_1, city, state, postal_code, country) VALUES ('c26b37da-d580-4f34-a832-24cb9c50335a', now(), now(), '', 'Wright-Patterson Air Force Base', 'OH', '45433.0', 'United States');
INSERT into duty_stations (id, created_at, updated_at, name, affiliation, address_id, transportation_office_id) VALUES ('b6470c60-641a-427b-bf29-9438b35409cc', now(), now(), 'Wright-Patterson Air Force Base', 'AIR_FORCE', 'c26b37da-d580-4f34-a832-24cb9c50335a', 'c532b472-4db1-4820-95f2-7d1cb700c27e');

INSERT into addresses (id, created_at, updated_at, street_address_1, street_address_2, city, state, postal_code, country) VALUES ('0e1b6dfa-144c-479b-970c-7b38842c9c76', now(), now(), 'Grayling Ave', 'Bldg 84 Room 206', 'Groton', 'CT', '6349.0', 'United States');
INSERT into transportation_offices (id, shipping_office_id, name, address_id, latitude, longitude, gbloc, created_at, updated_at) VALUES ('d6b11705-e963-4c49-909f-ea293c951460', NULL, 'Navy Submarine Base New London', '0e1b6dfa-144c-479b-970c-7b38842c9c76', 0.0000, 0.0000, '', now(), now());
INSERT into office_phone_lines (id, transportation_office_id, number, label, is_dsn_number, type, created_at, updated_at) VALUES ('cf979b77-7ea7-40cf-b3ca-20f101ba161a', 'd6b11705-e963-4c49-909f-ea293c951460', '(860) 694-4650', 'Customer Service', true, 'Voice', now(), now());
INSERT into office_emails (id, transportation_office_id, email, label, created_at, updated_at) VALUES ('4b2fe0fc-90a3-4571-8cb9-9b04bd82e242', 'd6b11705-e963-4c49-909f-ea293c951460', 'personalproperty.newlondon@navy.mil', 'Customer Service', now(), now());
INSERT into addresses (id, created_at, updated_at, street_address_1, city, state, postal_code, country) VALUES ('af75bc36-e9bb-4e97-862a-ab32531d045d', now(), now(), '', 'Groton', 'CT', '6349.0', 'United States');
INSERT into duty_stations (id, created_at, updated_at, name, affiliation, address_id, transportation_office_id) VALUES ('f3d8b2d0-18c3-4207-9205-4707031c1470', now(), now(), 'Navy Submarine Base New London', 'NAVY', 'af75bc36-e9bb-4e97-862a-ab32531d045d', 'd6b11705-e963-4c49-909f-ea293c951460');

INSERT into addresses (id, created_at, updated_at, street_address_1, street_address_2, city, state, postal_code, country) VALUES ('ceb7ad91-7ec8-4e34-b918-6cb57d870cd9', now(), now(), '19 J. F. King Dr', 'Bldg 102', 'Saratoga Springs', 'NY', '12866.0', 'United States');
INSERT into transportation_offices (id, shipping_office_id, name, address_id, latitude, longitude, gbloc, created_at, updated_at) VALUES ('852cada9-0c02-489c-8e2f-9dab910fd149', NULL, 'NSA Saratoga Springs', 'ceb7ad91-7ec8-4e34-b918-6cb57d870cd9', 0.0000, 0.0000, '', now(), now());
INSERT into office_phone_lines (id, transportation_office_id, number, label, is_dsn_number, type, created_at, updated_at) VALUES ('e5f1f44f-1c61-4a56-85f0-f6ef37f6529c', '852cada9-0c02-489c-8e2f-9dab910fd149', '(518) 886-0200', 'Customer Service', true, 'Voice', now(), now());
INSERT into office_emails (id, transportation_office_id, email, label, created_at, updated_at) VALUES ('07a2d230-b380-4768-b03e-47e270b4a72c', '852cada9-0c02-489c-8e2f-9dab910fd149', 'navsuppu_ppso@nmci-isf.com', 'Customer Service', now(), now());
INSERT into addresses (id, created_at, updated_at, street_address_1, city, state, postal_code, country) VALUES ('8d446604-3f4f-42ba-bab5-61a2f086a3e2', now(), now(), '', 'Saratoga Springs', 'NY', '12866.0', 'United States');
INSERT into duty_stations (id, created_at, updated_at, name, affiliation, address_id, transportation_office_id) VALUES ('f15ebf36-c5bd-4235-986a-82b4ed09e483', now(), now(), 'NSA Saratoga Springs', 'NAVY', '8d446604-3f4f-42ba-bab5-61a2f086a3e2', '852cada9-0c02-489c-8e2f-9dab910fd149');

INSERT into addresses (id, created_at, updated_at, street_address_1, street_address_2, city, state, postal_code, country) VALUES ('71a01a06-e16e-4245-ae10-5da8a469bc9e', now(), now(), 'PPPO Portsmouth Navy Ship Yard', 'Bldg H10, Room 6', 'Kittery', 'ME', '3904.0', 'United States');
INSERT into transportation_offices (id, shipping_office_id, name, address_id, latitude, longitude, gbloc, created_at, updated_at) VALUES ('ae31edfc-bb67-4ab9-a24e-b023718263a2', NULL, 'Portsmouth Navy Shipyard', '71a01a06-e16e-4245-ae10-5da8a469bc9e', 0.0000, 0.0000, '', now(), now());
INSERT into office_phone_lines (id, transportation_office_id, number, label, is_dsn_number, type, created_at, updated_at) VALUES ('13ee9bc7-967a-4896-bef5-861c2842c72c', 'ae31edfc-bb67-4ab9-a24e-b023718263a2', '(207) 438-2808', 'Customer Service', true, 'Voice', now(), now());
INSERT into office_phone_lines (id, transportation_office_id, number, label, is_dsn_number, type, created_at, updated_at) VALUES ('af1d1b32-3ac1-49c4-86c4-45390d819f43', 'ae31edfc-bb67-4ab9-a24e-b023718263a2', '(207) 438-2807', 'Customer Service', true, 'Voice', now(), now());
INSERT into office_emails (id, transportation_office_id, email, label, created_at, updated_at) VALUES ('03aa71e3-ce1a-45c7-aedb-cff7df4eeef3', 'ae31edfc-bb67-4ab9-a24e-b023718263a2', 'PHILLIP.W.HART@NAVY.MIL', 'Customer Service', now(), now());
INSERT into addresses (id, created_at, updated_at, street_address_1, city, state, postal_code, country) VALUES ('cfbc3c90-211e-42da-87ea-5ce0a15224d6', now(), now(), '', 'Kittery', 'ME', '3904.0', 'United States');
INSERT into duty_stations (id, created_at, updated_at, name, affiliation, address_id, transportation_office_id) VALUES ('d440dd4b-4091-4404-ace6-22caaa4de723', now(), now(), 'Portsmouth Navy Shipyard', 'NAVY', 'cfbc3c90-211e-42da-87ea-5ce0a15224d6', 'ae31edfc-bb67-4ab9-a24e-b023718263a2');

INSERT into addresses (id, created_at, updated_at, street_address_1, city, state, postal_code, country) VALUES ('85745410-6329-41c8-976f-7a34c8d8ff14', now(), now(), '690 Peary St', 'Naval Station Newport', 'RI', '2841.0', 'United States');
INSERT into transportation_offices (id, shipping_office_id, name, address_id, latitude, longitude, gbloc, created_at, updated_at) VALUES ('2b2a6e2b-f9b5-47bb-a758-e97576752b22', NULL, 'Naval Station Newport', '85745410-6329-41c8-976f-7a34c8d8ff14', 0.0000, 0.0000, '', now(), now());
INSERT into office_phone_lines (id, transportation_office_id, number, label, is_dsn_number, type, created_at, updated_at) VALUES ('dae7571c-b19c-42ff-aed4-3a9de059ceec', '2b2a6e2b-f9b5-47bb-a758-e97576752b22', '(800) 345-7512', 'Customer Service', true, 'Voice', now(), now());
INSERT into office_phone_lines (id, transportation_office_id, number, label, is_dsn_number, type, created_at, updated_at) VALUES ('c01a6192-d1ac-4179-b278-e53db861fc96', '2b2a6e2b-f9b5-47bb-a758-e97576752b22', '(401) 841-4896', 'Customer Service', true, 'Voice', now(), now());
INSERT into office_emails (id, transportation_office_id, email, label, created_at, updated_at) VALUES ('6ec80dd2-4f22-4e4a-9d12-4e79d4990e37', '2b2a6e2b-f9b5-47bb-a758-e97576752b22', 'navsta_move@navy.mil', 'Customer Service', now(), now());
INSERT into addresses (id, created_at, updated_at, street_address_1, city, state, postal_code, country) VALUES ('931dbf9b-4061-45ae-a702-78534f700c27', now(), now(), '', 'Naval Station Newport', 'RI', '2841.0', 'United States');
INSERT into duty_stations (id, created_at, updated_at, name, affiliation, address_id, transportation_office_id) VALUES ('59d1f588-568a-4095-9bc1-8beed73c332d', now(), now(), 'Naval Station Newport', 'NAVY', '931dbf9b-4061-45ae-a702-78534f700c27', '2b2a6e2b-f9b5-47bb-a758-e97576752b22');

INSERT into addresses (id, created_at, updated_at, street_address_1, street_address_2, city, state, postal_code, country) VALUES ('088fa988-30c6-4d22-9f64-21e1d8d4d2a5', now(), now(), '18401 E. A Basin Ave', 'Bldg 606', 'Buckley AFB', 'CO', '80011.0', 'United States');
INSERT into transportation_offices (id, shipping_office_id, name, address_id, latitude, longitude, gbloc, created_at, updated_at) VALUES ('71e853cd-d25b-4083-bdd2-833817b4a5d2', NULL, 'Buckley AFB', '088fa988-30c6-4d22-9f64-21e1d8d4d2a5', 0.0000, 0.0000, '', now(), now());
INSERT into office_phone_lines (id, transportation_office_id, number, label, is_dsn_number, type, created_at, updated_at) VALUES ('188b9517-f5fb-4dda-bf70-84d2c3418b2b', '71e853cd-d25b-4083-bdd2-833817b4a5d2', '(720) 847-6685', 'Customer Service', true, 'Voice', now(), now());
INSERT into office_emails (id, transportation_office_id, email, label, created_at, updated_at) VALUES ('dee1e255-417e-4b22-a60a-6f4b3526e985', '71e853cd-d25b-4083-bdd2-833817b4a5d2', 'buckley.TMO@us.af.mil', 'Customer Service', now(), now());
INSERT into addresses (id, created_at, updated_at, street_address_1, city, state, postal_code, country) VALUES ('89c61b8a-b7a4-406d-9b1c-cd3e9abc1cae', now(), now(), '', 'Buckley AFB', 'CO', '80011.0', 'United States');
INSERT into duty_stations (id, created_at, updated_at, name, affiliation, address_id, transportation_office_id) VALUES ('2a4b74b4-e465-47fc-8eec-b6afafe708e5', now(), now(), 'Buckley AFB', 'AIR_FORCE', '89c61b8a-b7a4-406d-9b1c-cd3e9abc1cae', '71e853cd-d25b-4083-bdd2-833817b4a5d2');

INSERT into addresses (id, created_at, updated_at, street_address_1, street_address_2, city, state, postal_code, country) VALUES ('cafbdbac-d3d6-440c-81bd-e0832086fa9e', now(), now(), '1012 Perimeter Rd', 'Bldg 1012', 'Creech AFB (Indian Springs)', 'NV', '89018.0', 'United States');
INSERT into transportation_offices (id, shipping_office_id, name, address_id, latitude, longitude, gbloc, created_at, updated_at) VALUES ('3063cf29-43d1-42e4-8888-15757dc17c0a', NULL, 'Creech AFB', 'cafbdbac-d3d6-440c-81bd-e0832086fa9e', 0.0000, 0.0000, '', now(), now());
INSERT into office_phone_lines (id, transportation_office_id, number, label, is_dsn_number, type, created_at, updated_at) VALUES ('a36c43c5-caba-40f9-9e28-75a67a07c343', '3063cf29-43d1-42e4-8888-15757dc17c0a', '(702) 404-0909', 'Customer Service', true, 'Voice', now(), now());
INSERT into office_emails (id, transportation_office_id, email, label, created_at, updated_at) VALUES ('e39c2453-a119-4a8f-9c95-f1b71fa1cb5f', '3063cf29-43d1-42e4-8888-15757dc17c0a', '99lrscreechtmo@us.af.mil', 'Customer Service', now(), now());
INSERT into addresses (id, created_at, updated_at, street_address_1, city, state, postal_code, country) VALUES ('5688c7fb-05cb-4036-8101-ea1432ca874f', now(), now(), '', 'Creech AFB (Indian Springs)', 'NV', '89018.0', 'United States');
INSERT into duty_stations (id, created_at, updated_at, name, affiliation, address_id, transportation_office_id) VALUES ('1e920c02-5435-4dcc-8236-8c615dd2095e', now(), now(), 'Creech AFB (Indian Springs)', 'AIR_FORCE', '5688c7fb-05cb-4036-8101-ea1432ca874f', '3063cf29-43d1-42e4-8888-15757dc17c0a');

INSERT into addresses (id, created_at, updated_at, street_address_1, street_address_2, city, state, postal_code, country) VALUES ('72804bcc-270c-42f4-a9c8-492fdd911476', now(), now(), '5 Steller Ave', 'Bldg 3000', 'Edwards AFB', 'CA', '93524.0', 'United States');
INSERT into transportation_offices (id, shipping_office_id, name, address_id, latitude, longitude, gbloc, created_at, updated_at) VALUES ('f9b4c559-420b-4761-97b6-fa2341e17cdc', NULL, 'Edwards AFB', '72804bcc-270c-42f4-a9c8-492fdd911476', 0.0000, 0.0000, '', now(), now());
INSERT into office_phone_lines (id, transportation_office_id, number, label, is_dsn_number, type, created_at, updated_at) VALUES ('5d9e3882-6575-4b72-ae49-0cdcaec32c2f', 'f9b4c559-420b-4761-97b6-fa2341e17cdc', '(661) 277-7897', 'Customer Service', true, 'Voice', now(), now());
INSERT into office_emails (id, transportation_office_id, email, label, created_at, updated_at) VALUES ('df0edf01-5b6c-483b-9325-2527d049869c', 'f9b4c559-420b-4761-97b6-fa2341e17cdc', 's5329c2@us.af.mil', 'Customer Service', now(), now());
INSERT into addresses (id, created_at, updated_at, street_address_1, city, state, postal_code, country) VALUES ('584679ba-a2a9-4fde-aae0-8f1432076762', now(), now(), '', 'Edwards AFB', 'CA', '93524.0', 'United States');
INSERT into duty_stations (id, created_at, updated_at, name, affiliation, address_id, transportation_office_id) VALUES ('791c35bf-c6aa-4fe9-88ff-758e1f26a282', now(), now(), 'Edwards AFB', 'AIR_FORCE', '584679ba-a2a9-4fde-aae0-8f1432076762', 'f9b4c559-420b-4761-97b6-fa2341e17cdc');

INSERT into addresses (id, created_at, updated_at, street_address_1, street_address_2, city, state, postal_code, country) VALUES ('ba6b2c53-6ff9-4299-9747-200c56f0a7db', now(), now(), 'E Street', 'Bldg. 298', 'Cherry Point', 'NC', '28533.0', 'United States');
INSERT into transportation_offices (id, shipping_office_id, name, address_id, latitude, longitude, gbloc, created_at, updated_at) VALUES ('daec7007-7d56-4414-8740-1565a6965390', NULL, 'MCAS Cherry Point, NC. DMO', 'ba6b2c53-6ff9-4299-9747-200c56f0a7db', 0.0000, 0.0000, '', now(), now());
INSERT into office_phone_lines (id, transportation_office_id, number, label, is_dsn_number, type, created_at, updated_at) VALUES ('67c9b515-79b2-4c69-87e1-ea85c39815ed', 'daec7007-7d56-4414-8740-1565a6965390', '(252) 466-2345', 'Customer Service', true, 'Voice', now(), now());
INSERT into office_emails (id, transportation_office_id, email, label, created_at, updated_at) VALUES ('e34a1150-fd60-4200-96b8-25d2dee872d4', 'daec7007-7d56-4414-8740-1565a6965390', 'CHPTSUPPLY_DMOOMB@USMC.MIL', 'Customer Service', now(), now());
INSERT into addresses (id, created_at, updated_at, street_address_1, city, state, postal_code, country) VALUES ('81f07d5c-e4b3-47b5-847d-c20d8b509b21', now(), now(), '', 'Cherry Point', 'NC', '28533.0', 'United States');
INSERT into duty_stations (id, created_at, updated_at, name, affiliation, address_id, transportation_office_id) VALUES ('1e197241-4068-4a2b-883a-7cae4cca1ee5', now(), now(), 'MCAS Cherry Point', 'MARINES', '81f07d5c-e4b3-47b5-847d-c20d8b509b21', 'daec7007-7d56-4414-8740-1565a6965390');

INSERT into addresses (id, created_at, updated_at, street_address_1, street_address_2, city, state, postal_code, country) VALUES ('80448d72-c7ce-482b-89e3-a59321cfa4f7', now(), now(), '7100 Saber Rd', 'Bldg 1284', 'Warren Air Force Base', 'WY', '82001.0', 'United States');
INSERT into transportation_offices (id, shipping_office_id, name, address_id, latitude, longitude, gbloc, created_at, updated_at) VALUES ('7b98d999-8bc7-4d48-b14a-4734697602a9', NULL, 'F.E. Warren AFB', '80448d72-c7ce-482b-89e3-a59321cfa4f7', 0.0000, 0.0000, '', now(), now());
INSERT into office_phone_lines (id, transportation_office_id, number, label, is_dsn_number, type, created_at, updated_at) VALUES ('885981f6-0477-4f3c-baf7-a15ee29f5ae5', '7b98d999-8bc7-4d48-b14a-4734697602a9', '(307) 773-3113', 'Customer Service', true, 'Voice', now(), now());
INSERT into office_phone_lines (id, transportation_office_id, number, label, is_dsn_number, type, created_at, updated_at) VALUES ('be443bbd-ba8b-4296-8b27-7fe1cad9454f', '7b98d999-8bc7-4d48-b14a-4734697602a9', '(307) 773-3824', 'Customer Service', true, 'Voice', now(), now());
INSERT into office_emails (id, transportation_office_id, email, label, created_at, updated_at) VALUES ('3aaaa035-6593-48ae-90b2-cf3af862d6a2', '7b98d999-8bc7-4d48-b14a-4734697602a9', '90lrslgrdf@us.af.mil', 'Customer Service', now(), now());
INSERT into addresses (id, created_at, updated_at, street_address_1, city, state, postal_code, country) VALUES ('67f4f217-6e4c-492c-a707-32400403689a', now(), now(), '', 'Warren Air Force Base', 'WY', '82001.0', 'United States');
INSERT into duty_stations (id, created_at, updated_at, name, affiliation, address_id, transportation_office_id) VALUES ('c8f36a63-e252-4f61-b96e-e44d4db06797', now(), now(), 'Warren Air Force Base', 'AIR_FORCE', '67f4f217-6e4c-492c-a707-32400403689a', '7b98d999-8bc7-4d48-b14a-4734697602a9');

INSERT into addresses (id, created_at, updated_at, street_address_1, city, state, postal_code, country) VALUES ('dff5d61b-4cae-40d2-946d-3f1bac834592', now(), now(), '6351 Wetzel Ave, Building 1525', 'Fort Carson', 'CO', '80913.0', 'United States');
INSERT into transportation_offices (id, shipping_office_id, name, address_id, latitude, longitude, gbloc, created_at, updated_at) VALUES ('7254bf6d-7872-4549-92c9-8676b2cb4841', NULL, 'Ft Carson', 'dff5d61b-4cae-40d2-946d-3f1bac834592', 0.0000, 0.0000, '', now(), now());
INSERT into office_phone_lines (id, transportation_office_id, number, label, is_dsn_number, type, created_at, updated_at) VALUES ('1bdc9a1a-14a0-4e3a-a61c-9cc61b9e7a35', '7254bf6d-7872-4549-92c9-8676b2cb4841', '(719) 526-3755', 'Customer Service', true, 'Voice', now(), now());
INSERT into office_emails (id, transportation_office_id, email, label, created_at, updated_at) VALUES ('c47cf421-32bc-4a89-bde1-834cc27572fb', '7254bf6d-7872-4549-92c9-8676b2cb4841', 'JPPSO-NC.pppo-ftcarson@us.af.mil', 'Customer Service', now(), now());
INSERT into addresses (id, created_at, updated_at, street_address_1, city, state, postal_code, country) VALUES ('bdc6a9a4-e3f4-4426-a6e8-67377a08b092', now(), now(), '', 'Fort Carson', 'CO', '80913.0', 'United States');
INSERT into duty_stations (id, created_at, updated_at, name, affiliation, address_id, transportation_office_id) VALUES ('2aab27f8-e93b-45ec-afc2-561a1637b36d', now(), now(), 'Fort Carson', 'ARMY', 'bdc6a9a4-e3f4-4426-a6e8-67377a08b092', '7254bf6d-7872-4549-92c9-8676b2cb4841');

INSERT into addresses (id, created_at, updated_at, street_address_1, street_address_2, city, state, postal_code, country) VALUES ('f3196176-cc0f-463a-a10e-9d1a94b9d927', now(), now(), '7437 6th St', 'Bldg 430 North', 'Hill Air Force Base', 'UT', '84056.0', 'United States');
INSERT into transportation_offices (id, shipping_office_id, name, address_id, latitude, longitude, gbloc, created_at, updated_at) VALUES ('bad10d13-b141-42c0-b934-391fd8edfb21', NULL, 'Hill AFB', 'f3196176-cc0f-463a-a10e-9d1a94b9d927', 0.0000, 0.0000, '', now(), now());
INSERT into office_phone_lines (id, transportation_office_id, number, label, is_dsn_number, type, created_at, updated_at) VALUES ('b888b011-0488-4b76-956d-d3a7952f8328', 'bad10d13-b141-42c0-b934-391fd8edfb21', '(801) 775-2849', 'Customer Service', true, 'Voice', now(), now());
INSERT into office_emails (id, transportation_office_id, email, label, created_at, updated_at) VALUES ('ec740380-6ff8-4fa7-9d10-277657b60071', 'bad10d13-b141-42c0-b934-391fd8edfb21', '75lrs.outboundtmo@us.af.mil', 'Customer Service', now(), now());
INSERT into addresses (id, created_at, updated_at, street_address_1, city, state, postal_code, country) VALUES ('f7f651d4-74a5-48ff-aa1b-a9a366b9bdcf', now(), now(), '', 'Hill Air Force Base', 'UT', '84056.0', 'United States');
INSERT into duty_stations (id, created_at, updated_at, name, affiliation, address_id, transportation_office_id) VALUES ('fa704a15-9ad1-418b-8541-37a8641842de', now(), now(), 'Hill Air Force Base', 'AIR_FORCE', 'f7f651d4-74a5-48ff-aa1b-a9a366b9bdcf', 'bad10d13-b141-42c0-b934-391fd8edfb21');

INSERT into addresses (id, created_at, updated_at, street_address_1, city, state, postal_code, country) VALUES ('a1cdada7-a72d-4b4e-9fc4-41df60abccc6', now(), now(), '681 2nd St', 'Holloman Air Force Base', 'NM', '88330.0', 'United States');
INSERT into transportation_offices (id, shipping_office_id, name, address_id, latitude, longitude, gbloc, created_at, updated_at) VALUES ('d3a0cee5-9bb5-483a-bb99-f0b9debe4177', NULL, 'Holloman AFB', 'a1cdada7-a72d-4b4e-9fc4-41df60abccc6', 0.0000, 0.0000, '', now(), now());
INSERT into office_phone_lines (id, transportation_office_id, number, label, is_dsn_number, type, created_at, updated_at) VALUES ('c5ad74a7-88e0-4aa4-bcbd-50eccbba4772', 'd3a0cee5-9bb5-483a-bb99-f0b9debe4177', '(575) 572-3489', 'Customer Service', true, 'Voice', now(), now());
INSERT into office_emails (id, transportation_office_id, email, label, created_at, updated_at) VALUES ('3432c4f9-18b1-43f6-948a-05fa3f2b7fe0', 'd3a0cee5-9bb5-483a-bb99-f0b9debe4177', '49lrs.lgrdf.hhg@us.af.mil', 'Customer Service', now(), now());
INSERT into addresses (id, created_at, updated_at, street_address_1, city, state, postal_code, country) VALUES ('ab90946a-31f7-4188-8a52-a21943bcaa4c', now(), now(), '', 'Holloman Air Force Base', 'NM', '88330.0', 'United States');
INSERT into duty_stations (id, created_at, updated_at, name, affiliation, address_id, transportation_office_id) VALUES ('124fcba3-dafe-4331-856a-e1c9e8494ca2', now(), now(), 'Holloman Air Force Base', 'AIR_FORCE', 'ab90946a-31f7-4188-8a52-a21943bcaa4c', 'd3a0cee5-9bb5-483a-bb99-f0b9debe4177');

INSERT into addresses (id, created_at, updated_at, street_address_1, street_address_2, city, state, postal_code, country) VALUES ('ac6b1894-caae-4243-b56a-24eed1038ab8', now(), now(), '7383 N Litchfield Rd', 'Rm 1122', 'Luke AFB', 'AZ', '85309.0', 'United States');
INSERT into transportation_offices (id, shipping_office_id, name, address_id, latitude, longitude, gbloc, created_at, updated_at) VALUES ('2585d385-62ef-42ab-82de-7347cac11f3f', NULL, 'Luke AFB', 'ac6b1894-caae-4243-b56a-24eed1038ab8', 0.0000, 0.0000, '', now(), now());
INSERT into office_phone_lines (id, transportation_office_id, number, label, is_dsn_number, type, created_at, updated_at) VALUES ('96f3ece7-7921-4599-9fcd-f909b85a1630', '2585d385-62ef-42ab-82de-7347cac11f3f', '(623) 856-6424', 'Customer Service', true, 'Voice', now(), now());
INSERT into office_emails (id, transportation_office_id, email, label, created_at, updated_at) VALUES ('f228da91-bad5-41ba-9742-afb7757c7ed9', '2585d385-62ef-42ab-82de-7347cac11f3f', 'tmoluke@us.af.mil', 'Customer Service', now(), now());
INSERT into addresses (id, created_at, updated_at, street_address_1, city, state, postal_code, country) VALUES ('acd3d639-383b-44f4-bcc2-de74c62fd1eb', now(), now(), '', 'Luke AFB', 'AZ', '85309.0', 'United States');
INSERT into duty_stations (id, created_at, updated_at, name, affiliation, address_id, transportation_office_id) VALUES ('2fb52047-8226-4105-9653-db620a26b629', now(), now(), 'Luke AFB', 'AIR_FORCE', 'acd3d639-383b-44f4-bcc2-de74c62fd1eb', '2585d385-62ef-42ab-82de-7347cac11f3f');

INSERT into addresses (id, created_at, updated_at, street_address_1, street_address_2, city, state, postal_code, country) VALUES ('b7d86c3d-b925-47ce-9c99-d388132cbc29', now(), now(), '5 80th St N.', 'Bldg 400, Rm 217', 'Malmstrom AFB', 'MT', '59402.0', 'United States');
INSERT into transportation_offices (id, shipping_office_id, name, address_id, latitude, longitude, gbloc, created_at, updated_at) VALUES ('6d7e9669-e241-454a-a19b-acb0608a9d4b', NULL, 'Malmstrom AFB', 'b7d86c3d-b925-47ce-9c99-d388132cbc29', 0.0000, 0.0000, '', now(), now());
INSERT into office_phone_lines (id, transportation_office_id, number, label, is_dsn_number, type, created_at, updated_at) VALUES ('a4397fd1-81f1-4112-9bd0-db7a962dda0d', '6d7e9669-e241-454a-a19b-acb0608a9d4b', '(406) 731-6281', 'Customer Service', true, 'Voice', now(), now());
INSERT into office_emails (id, transportation_office_id, email, label, created_at, updated_at) VALUES ('e71451cd-3306-4def-8217-76bc193704fb', '6d7e9669-e241-454a-a19b-acb0608a9d4b', 'deandrea.singleton@us.af.mil', 'Customer Service', now(), now());
INSERT into addresses (id, created_at, updated_at, street_address_1, city, state, postal_code, country) VALUES ('55459a88-9234-4093-a2ca-3ec9d7da2f5e', now(), now(), '', 'Malmstrom AFB', 'MT', '59402.0', 'United States');
INSERT into duty_stations (id, created_at, updated_at, name, affiliation, address_id, transportation_office_id) VALUES ('dc64fd39-3fd0-403b-85cf-19c06aeb299b', now(), now(), 'Malmstrom AFB', 'AIR_FORCE', '55459a88-9234-4093-a2ca-3ec9d7da2f5e', '6d7e9669-e241-454a-a19b-acb0608a9d4b');

INSERT into addresses (id, created_at, updated_at, street_address_1, street_address_2, city, state, postal_code, country) VALUES ('cbfe3d92-4110-4b5b-8cbc-4428f82c6877', now(), now(), '341 Bomber Blvd', 'Bldg. 527', 'Minot Air Force Base', 'ND', '58703.0', 'United States');
INSERT into transportation_offices (id, shipping_office_id, name, address_id, latitude, longitude, gbloc, created_at, updated_at) VALUES ('29ca7b83-0a11-47ee-a31a-a242c47e69c6', NULL, 'Minot AFB', 'cbfe3d92-4110-4b5b-8cbc-4428f82c6877', 0.0000, 0.0000, '', now(), now());
INSERT into office_phone_lines (id, transportation_office_id, number, label, is_dsn_number, type, created_at, updated_at) VALUES ('5010dda2-04f4-4319-9d4c-a1b59d459f5f', '29ca7b83-0a11-47ee-a31a-a242c47e69c6', '(701) 723-1848', 'Customer Service', true, 'Voice', now(), now());
INSERT into office_phone_lines (id, transportation_office_id, number, label, is_dsn_number, type, created_at, updated_at) VALUES ('13c6823a-27c8-4531-abf3-8ca9916099a0', '29ca7b83-0a11-47ee-a31a-a242c47e69c6', '(701) 723-2545', 'Customer Service', true, 'Voice', now(), now());
INSERT into office_emails (id, transportation_office_id, email, label, created_at, updated_at) VALUES ('1dca0eff-c41c-4887-942b-4f118ec8f2d8', '29ca7b83-0a11-47ee-a31a-a242c47e69c6', 'personal.property2@us.af.mil', 'Customer Service', now(), now());
INSERT into addresses (id, created_at, updated_at, street_address_1, city, state, postal_code, country) VALUES ('401bb1c5-f0c0-464c-9b7a-4aab658fbc8f', now(), now(), '', 'Minot Air Force Base', 'ND', '58703.0', 'United States');
INSERT into duty_stations (id, created_at, updated_at, name, affiliation, address_id, transportation_office_id) VALUES ('fb9fbbe8-621d-4c75-81c2-3995e13943a7', now(), now(), 'Minot Air Force Base', 'AIR_FORCE', '401bb1c5-f0c0-464c-9b7a-4aab658fbc8f', '29ca7b83-0a11-47ee-a31a-a242c47e69c6');

INSERT into addresses (id, created_at, updated_at, street_address_1, street_address_2, city, state, postal_code, country) VALUES ('e7a3b0b3-5f0d-47fd-91d2-787fee0f98c3', now(), now(), '366 Gunfighter Ave', 'Ste 268', 'Mountain Home Air Force Base', 'ID', '83648.0', 'United States');
INSERT into transportation_offices (id, shipping_office_id, name, address_id, latitude, longitude, gbloc, created_at, updated_at) VALUES ('afc901ad-96b0-4ffe-abf8-6b179b95d494', NULL, 'Mountain Home AFB', 'e7a3b0b3-5f0d-47fd-91d2-787fee0f98c3', 0.0000, 0.0000, '', now(), now());
INSERT into office_phone_lines (id, transportation_office_id, number, label, is_dsn_number, type, created_at, updated_at) VALUES ('3bd722b7-08e3-4e3d-bb91-59732ad025bc', 'afc901ad-96b0-4ffe-abf8-6b179b95d494', '(208) 828-1466', 'Customer Service', true, 'Voice', now(), now());
INSERT into office_emails (id, transportation_office_id, email, label, created_at, updated_at) VALUES ('6f45b77f-3a1c-41d7-a2b5-74fbc9b0f9df', 'afc901ad-96b0-4ffe-abf8-6b179b95d494', '366LRS.per.property@us.af.mil', 'Customer Service', now(), now());
INSERT into addresses (id, created_at, updated_at, street_address_1, city, state, postal_code, country) VALUES ('400ae054-d3c4-48ae-9910-1a2ef8e7e8b9', now(), now(), '', 'Mountain Home Air Force Base', 'ID', '83648.0', 'United States');
INSERT into duty_stations (id, created_at, updated_at, name, affiliation, address_id, transportation_office_id) VALUES ('5461c6f9-9e2d-4971-af98-a41f0a259e82', now(), now(), 'Mountain Home Air Force Base', 'AIR_FORCE', '400ae054-d3c4-48ae-9910-1a2ef8e7e8b9', 'afc901ad-96b0-4ffe-abf8-6b179b95d494');

INSERT into addresses (id, created_at, updated_at, street_address_1, street_address_2, city, state, postal_code, country) VALUES ('606bff46-bd6d-4ee1-bb8b-9510ed92973a', now(), now(), '4420 Grissom Ave', 'Ste #203', 'Nellis Air Force Base', 'NV', '89191.0', 'United States');
INSERT into transportation_offices (id, shipping_office_id, name, address_id, latitude, longitude, gbloc, created_at, updated_at) VALUES ('636af770-f3ce-4be1-8768-921571bd1c11', NULL, 'Nellis AFB', '606bff46-bd6d-4ee1-bb8b-9510ed92973a', 0.0000, 0.0000, '', now(), now());
INSERT into office_phone_lines (id, transportation_office_id, number, label, is_dsn_number, type, created_at, updated_at) VALUES ('33b620fe-7ddf-4340-8be7-6bbd3fbc0865', '636af770-f3ce-4be1-8768-921571bd1c11', '(702) 652-6683', 'Customer Service', true, 'Voice', now(), now());
INSERT into office_emails (id, transportation_office_id, email, label, created_at, updated_at) VALUES ('7227d62f-a062-4a69-9bc4-d8b2a54f09a0', '636af770-f3ce-4be1-8768-921571bd1c11', '99LRS.LGRDF.PersonalProperty@us.af.mil', 'Customer Service', now(), now());
INSERT into addresses (id, created_at, updated_at, street_address_1, city, state, postal_code, country) VALUES ('5198d7ac-e0dd-4abe-82db-a54237226f98', now(), now(), '', 'Nellis Air Force Base', 'NV', '89191.0', 'United States');
INSERT into duty_stations (id, created_at, updated_at, name, affiliation, address_id, transportation_office_id) VALUES ('49350fdc-3dd7-4d52-9c40-ec5b34586304', now(), now(), 'Nellis Air Force Base', 'AIR_FORCE', '5198d7ac-e0dd-4abe-82db-a54237226f98', '636af770-f3ce-4be1-8768-921571bd1c11');

INSERT into addresses (id, created_at, updated_at, street_address_1, street_address_2, city, state, postal_code, country) VALUES ('51b1119e-801d-4452-9596-0cec551cddae', now(), now(), '106 Peacekeeper Dr', 'Suite 2N3', 'Offutt AFB', 'NE', '68113.0', 'United States');
INSERT into transportation_offices (id, shipping_office_id, name, address_id, latitude, longitude, gbloc, created_at, updated_at) VALUES ('2e3cc444-c9ee-4c80-bbfa-1039061bc6fc', NULL, 'Offutt AFB', '51b1119e-801d-4452-9596-0cec551cddae', 0.0000, 0.0000, '', now(), now());
INSERT into office_phone_lines (id, transportation_office_id, number, label, is_dsn_number, type, created_at, updated_at) VALUES ('73ce99ff-d1ae-4e3d-b0ed-8077525fa1a7', '2e3cc444-c9ee-4c80-bbfa-1039061bc6fc', '(402) 294-5044', 'Customer Service', true, 'Voice', now(), now());
INSERT into office_emails (id, transportation_office_id, email, label, created_at, updated_at) VALUES ('c05888c8-d64a-4716-b568-d0b0b13d634b', '2e3cc444-c9ee-4c80-bbfa-1039061bc6fc', '55msg.lddth@us.af.mil', 'Customer Service', now(), now());
INSERT into addresses (id, created_at, updated_at, street_address_1, city, state, postal_code, country) VALUES ('8fc588ae-7bc6-47fa-9ea8-bba5d16cabb0', now(), now(), '', 'Offutt AFB', 'NE', '68113.0', 'United States');
INSERT into duty_stations (id, created_at, updated_at, name, affiliation, address_id, transportation_office_id) VALUES ('9b809114-e0b8-4cf8-8b55-46d69c0dd44a', now(), now(), 'Offutt AFB', 'AIR_FORCE', '8fc588ae-7bc6-47fa-9ea8-bba5d16cabb0', '2e3cc444-c9ee-4c80-bbfa-1039061bc6fc');

INSERT into addresses (id, created_at, updated_at, street_address_1, street_address_2, city, state, postal_code, country) VALUES ('7b0d368a-2376-4880-9c75-69a20ceec5b6', now(), now(), '135 Dover St', 'Bldg 350', 'Peterson AFB', 'CO', '80914.0', 'United States');
INSERT into transportation_offices (id, shipping_office_id, name, address_id, latitude, longitude, gbloc, created_at, updated_at) VALUES ('77c8600e-d022-43ed-9141-fef84b4d784f', NULL, 'Peterson AFB', '7b0d368a-2376-4880-9c75-69a20ceec5b6', 0.0000, 0.0000, '', now(), now());
INSERT into office_phone_lines (id, transportation_office_id, number, label, is_dsn_number, type, created_at, updated_at) VALUES ('2fd7e250-4732-430b-9070-945301bbe0c2', '77c8600e-d022-43ed-9141-fef84b4d784f', '(719) 556-4196', 'Customer Service', true, 'Voice', now(), now());
INSERT into office_emails (id, transportation_office_id, email, label, created_at, updated_at) VALUES ('ea44ec02-322f-4f54-abaa-e970b0a8e6b7', '77c8600e-d022-43ed-9141-fef84b4d784f', 'JPPSO-NC.pppo-peterson@us.af.mil', 'Customer Service', now(), now());
INSERT into addresses (id, created_at, updated_at, street_address_1, city, state, postal_code, country) VALUES ('fe78df0a-5f5e-4806-bbdb-c995fc3aaa80', now(), now(), '', 'Peterson AFB', 'CO', '80914.0', 'United States');
INSERT into duty_stations (id, created_at, updated_at, name, affiliation, address_id, transportation_office_id) VALUES ('bf7636ae-47d6-480a-b39f-451c451619b3', now(), now(), 'Peterson AFB', 'AIR_FORCE', 'fe78df0a-5f5e-4806-bbdb-c995fc3aaa80', '77c8600e-d022-43ed-9141-fef84b4d784f');

INSERT into addresses (id, created_at, updated_at, street_address_1, city, state, postal_code, country) VALUES ('1aeb531d-eede-466d-bc95-1e020bda0cba', now(), now(), '540 Airlift Dr', 'Travis AFB', 'CA', '94535.0', 'United States');
INSERT into transportation_offices (id, shipping_office_id, name, address_id, latitude, longitude, gbloc, created_at, updated_at) VALUES ('00e75810-f285-4817-8863-f8fb6b0e3c85', NULL, 'Travis AFB', '1aeb531d-eede-466d-bc95-1e020bda0cba', 0.0000, 0.0000, '', now(), now());
INSERT into office_phone_lines (id, transportation_office_id, number, label, is_dsn_number, type, created_at, updated_at) VALUES ('5aaaf328-0ad3-48e6-9c18-1ef0eb575edb', '00e75810-f285-4817-8863-f8fb6b0e3c85', '(707) 424-4180', 'Customer Service', true, 'Voice', now(), now());
INSERT into office_emails (id, transportation_office_id, email, label, created_at, updated_at) VALUES ('e6fa3156-8522-4e11-ac18-e1066dd6926f', '00e75810-f285-4817-8863-f8fb6b0e3c85', 'personal.property-02@us.af.mil', 'Customer Service', now(), now());
INSERT into addresses (id, created_at, updated_at, street_address_1, city, state, postal_code, country) VALUES ('c3638748-c0fe-4c0f-a381-46dba8edd490', now(), now(), '', 'Travis AFB', 'CA', '94535.0', 'United States');
INSERT into duty_stations (id, created_at, updated_at, name, affiliation, address_id, transportation_office_id) VALUES ('96919cde-29d1-4f7d-8993-9454571753bd', now(), now(), 'Travis AFB', 'AIR_FORCE', 'c3638748-c0fe-4c0f-a381-46dba8edd490', '00e75810-f285-4817-8863-f8fb6b0e3c85');

INSERT into addresses (id, created_at, updated_at, street_address_1, city, state, postal_code, country) VALUES ('ed81637c-4d80-4537-8eaa-e78701fbdabd', now(), now(), '5136 Eagle Dr', 'U.S. Air Force Academy', 'CO', '80840.0', 'United States');
INSERT into transportation_offices (id, shipping_office_id, name, address_id, latitude, longitude, gbloc, created_at, updated_at) VALUES ('22152f5f-f07e-42e3-aadd-6a1cc7a63822', NULL, 'USAF Academy', 'ed81637c-4d80-4537-8eaa-e78701fbdabd', 0.0000, 0.0000, '', now(), now());
INSERT into office_phone_lines (id, transportation_office_id, number, label, is_dsn_number, type, created_at, updated_at) VALUES ('a1e48f69-d007-4320-8f24-6f890cfcaa89', '22152f5f-f07e-42e3-aadd-6a1cc7a63822', '(719) 333-3007', 'Customer Service', true, 'Voice', now(), now());
INSERT into office_emails (id, transportation_office_id, email, label, created_at, updated_at) VALUES ('b764cada-f115-460b-a6d0-b46c9e3485d2', '22152f5f-f07e-42e3-aadd-6a1cc7a63822', 'JPPSO-NC.pppo-afacademy@us.af.mil', 'Customer Service', now(), now());
INSERT into addresses (id, created_at, updated_at, street_address_1, city, state, postal_code, country) VALUES ('670e87a8-d7c1-4d93-b486-b76d114ebb25', now(), now(), '', 'U.S. Air Force Academy', 'CO', '80840.0', 'United States');
INSERT into duty_stations (id, created_at, updated_at, name, affiliation, address_id, transportation_office_id) VALUES ('5c724415-32e7-41da-b24c-498d99415c40', now(), now(), 'U.S. Air Force Academy', 'AIR_FORCE', '670e87a8-d7c1-4d93-b486-b76d114ebb25', '22152f5f-f07e-42e3-aadd-6a1cc7a63822');

INSERT into addresses (id, created_at, updated_at, street_address_1, street_address_2, city, state, postal_code, country) VALUES ('4e71f193-ca42-476d-b2a5-d868c81ab14e', now(), now(), '1221 California Blvd', 'Bldg 11777', 'Vandenberg Air Force Base', 'CA', '93437.0', 'United States');
INSERT into transportation_offices (id, shipping_office_id, name, address_id, latitude, longitude, gbloc, created_at, updated_at) VALUES ('157fee1c-6805-43fa-bd21-81fbe39fd9f8', NULL, 'Vandenberg AFB', '4e71f193-ca42-476d-b2a5-d868c81ab14e', 0.0000, 0.0000, '', now(), now());
INSERT into office_phone_lines (id, transportation_office_id, number, label, is_dsn_number, type, created_at, updated_at) VALUES ('90efcd66-7b15-4579-af1f-88f58ff629cf', '157fee1c-6805-43fa-bd21-81fbe39fd9f8', '(805) 606-0902', 'Customer Service', true, 'Voice', now(), now());
INSERT into office_emails (id, transportation_office_id, email, label, created_at, updated_at) VALUES ('6b299836-036b-446a-8fce-cc82606020fe', '157fee1c-6805-43fa-bd21-81fbe39fd9f8', '30LRSPAX.HHG@US.AF.MIL', 'Customer Service', now(), now());
INSERT into addresses (id, created_at, updated_at, street_address_1, city, state, postal_code, country) VALUES ('cd03e99d-05fa-49c1-8661-858bb53ac6cd', now(), now(), '', 'Vandenberg Air Force Base', 'CA', '93437.0', 'United States');
INSERT into duty_stations (id, created_at, updated_at, name, affiliation, address_id, transportation_office_id) VALUES ('557441d2-4925-44cd-b130-a1b59e2ccad1', now(), now(), 'Vandenberg Air Force Base', 'AIR_FORCE', 'cd03e99d-05fa-49c1-8661-858bb53ac6cd', '157fee1c-6805-43fa-bd21-81fbe39fd9f8');

INSERT into addresses (id, created_at, updated_at, street_address_1, city, state, postal_code, country) VALUES ('08b10209-9692-4df1-a1ea-c7d6ac80aa33', now(), now(), '143 Crozier St', 'White Sands Missile Range', 'NM', '88002.0', 'United States');
INSERT into transportation_offices (id, shipping_office_id, name, address_id, latitude, longitude, gbloc, created_at, updated_at) VALUES ('80bbbc93-247e-477c-bf35-e72b81e2c89c', NULL, 'White Sands Missile Range', '08b10209-9692-4df1-a1ea-c7d6ac80aa33', 0.0000, 0.0000, '', now(), now());
INSERT into office_phone_lines (id, transportation_office_id, number, label, is_dsn_number, type, created_at, updated_at) VALUES ('4541cc9d-f2cf-4af9-8f90-273a957b4052', '80bbbc93-247e-477c-bf35-e72b81e2c89c', '(575) 678-5005', 'Customer Service', true, 'Voice', now(), now());
INSERT into office_phone_lines (id, transportation_office_id, number, label, is_dsn_number, type, created_at, updated_at) VALUES ('1d89c926-0073-4325-b56e-d4ff19975e4d', '80bbbc93-247e-477c-bf35-e72b81e2c89c', '(575) 678-3506', 'Customer Service', true, 'Voice', now(), now());
INSERT into office_emails (id, transportation_office_id, email, label, created_at, updated_at) VALUES ('da4990d2-474b-4759-8ebc-3a7488269095', '80bbbc93-247e-477c-bf35-e72b81e2c89c', 'usarmy.wsmr.asc-lrc.list.lgtp@mail.mil', 'Customer Service', now(), now());
INSERT into addresses (id, created_at, updated_at, street_address_1, city, state, postal_code, country) VALUES ('261f5da7-c2e6-4de9-a80a-3d8a3d492c5b', now(), now(), '', 'White Sands Missile Range', 'NM', '88002.0', 'United States');
INSERT into duty_stations (id, created_at, updated_at, name, affiliation, address_id, transportation_office_id) VALUES ('d9497d0e-216f-43ed-a1ca-789145ca6c67', now(), now(), 'White Sands Missile Range', 'ARMY', '261f5da7-c2e6-4de9-a80a-3d8a3d492c5b', '80bbbc93-247e-477c-bf35-e72b81e2c89c');

INSERT into addresses (id, created_at, updated_at, street_address_1, street_address_2, city, state, postal_code, country) VALUES ('2e7ff89e-3ebc-4fc0-a245-0fa562a5f1e3', now(), now(), '308 N. 1st St', '97 LRS/LGRDF, Bldg 52', 'Altus AFB', 'OK', '73523.0', 'United States');
INSERT into transportation_offices (id, shipping_office_id, name, address_id, latitude, longitude, gbloc, created_at, updated_at) VALUES ('8a72214b-50ae-4ac1-b840-e7ff70aa2aba', NULL, 'Altus AFB', '2e7ff89e-3ebc-4fc0-a245-0fa562a5f1e3', 0.0000, 0.0000, '', now(), now());
INSERT into office_phone_lines (id, transportation_office_id, number, label, is_dsn_number, type, created_at, updated_at) VALUES ('ba69988d-94f7-48bf-b79b-84c56f69f84d', '8a72214b-50ae-4ac1-b840-e7ff70aa2aba', '(580) 481-6830', 'Customer Service', true, 'Voice', now(), now());
INSERT into office_phone_lines (id, transportation_office_id, number, label, is_dsn_number, type, created_at, updated_at) VALUES ('b9db993e-1edc-4654-b8f0-4e8d5832964e', '8a72214b-50ae-4ac1-b840-e7ff70aa2aba', '(580) 481-7515', 'Customer Service', true, 'Voice', now(), now());
INSERT into office_emails (id, transportation_office_id, email, label, created_at, updated_at) VALUES ('ee36b067-812c-4800-aac0-90f82a6f7cd7', '8a72214b-50ae-4ac1-b840-e7ff70aa2aba', '97LRS.LGRD.PersPropMvmt@us.af.mil', 'Customer Service', now(), now());
INSERT into addresses (id, created_at, updated_at, street_address_1, city, state, postal_code, country) VALUES ('4d30f48e-7311-40bc-8f33-56d77d96c4e1', now(), now(), '', 'Altus AFB', 'OK', '73523.0', 'United States');
INSERT into duty_stations (id, created_at, updated_at, name, affiliation, address_id, transportation_office_id) VALUES ('e99dec8b-3465-4267-b312-5acc16f87e74', now(), now(), 'Altus AFB', 'AIR_FORCE', '4d30f48e-7311-40bc-8f33-56d77d96c4e1', '8a72214b-50ae-4ac1-b840-e7ff70aa2aba');

INSERT into addresses (id, created_at, updated_at, street_address_1, city, state, postal_code, country) VALUES ('ba973ad0-d410-4640-8914-feb2864e649a', now(), now(), '801 Kenny Ave', 'Barksdale Air Force Base', 'LA', '71110.0', 'United States');
INSERT into transportation_offices (id, shipping_office_id, name, address_id, latitude, longitude, gbloc, created_at, updated_at) VALUES ('377910d4-7d6a-4f0c-baa2-90fa78b5763f', NULL, 'Barksdale AFB', 'ba973ad0-d410-4640-8914-feb2864e649a', 0.0000, 0.0000, '', now(), now());
INSERT into office_phone_lines (id, transportation_office_id, number, label, is_dsn_number, type, created_at, updated_at) VALUES ('cd3d5cfb-57c5-4ede-827f-a8a9b6950532', '377910d4-7d6a-4f0c-baa2-90fa78b5763f', '(318) 456-3229', 'Customer Service', true, 'Voice', now(), now());
INSERT into office_emails (id, transportation_office_id, email, label, created_at, updated_at) VALUES ('6895d5dc-d3c9-426c-bb23-8dff11c7984b', '377910d4-7d6a-4f0c-baa2-90fa78b5763f', 'tmo.mail@us.af.mil', 'Customer Service', now(), now());
INSERT into addresses (id, created_at, updated_at, street_address_1, city, state, postal_code, country) VALUES ('9dd7201f-28ac-4d91-9f96-e7fadc3e02ed', now(), now(), '', 'Barksdale Air Force Base', 'LA', '71110.0', 'United States');
INSERT into duty_stations (id, created_at, updated_at, name, affiliation, address_id, transportation_office_id) VALUES ('a5a8f256-e0f0-438a-ad2a-88a80cac2b66', now(), now(), 'Barksdale Air Force Base', 'AIR_FORCE', '9dd7201f-28ac-4d91-9f96-e7fadc3e02ed', '377910d4-7d6a-4f0c-baa2-90fa78b5763f');

INSERT into addresses (id, created_at, updated_at, street_address_1, street_address_2, city, state, postal_code, country) VALUES ('bf43c29e-2143-46b0-8dca-f6569d7afb45', now(), now(), '495 Harpe Blvd', 'Suite 120', 'Columbus AFB', 'MS', '39710.0', 'United States');
INSERT into transportation_offices (id, shipping_office_id, name, address_id, latitude, longitude, gbloc, created_at, updated_at) VALUES ('6c0c143c-dd58-4a23-ae2b-2bcce752ce8b', NULL, 'Columbus AFB', 'bf43c29e-2143-46b0-8dca-f6569d7afb45', 0.0000, 0.0000, '', now(), now());
INSERT into office_phone_lines (id, transportation_office_id, number, label, is_dsn_number, type, created_at, updated_at) VALUES ('59c3100c-164e-41ed-99dd-cfc9a96e0639', '6c0c143c-dd58-4a23-ae2b-2bcce752ce8b', '(662) 434-2688', 'Customer Service', true, 'Voice', now(), now());
INSERT into office_phone_lines (id, transportation_office_id, number, label, is_dsn_number, type, created_at, updated_at) VALUES ('91261837-c015-445f-b926-147e375dfdc2', '6c0c143c-dd58-4a23-ae2b-2bcce752ce8b', '(662) 434-2629', 'Customer Service', true, 'Voice', now(), now());
INSERT into office_emails (id, transportation_office_id, email, label, created_at, updated_at) VALUES ('6a0404f5-192b-4a8c-a0c3-1c4b108880a3', '6c0c143c-dd58-4a23-ae2b-2bcce752ce8b', 'tmo@columbus.af.mil', 'Customer Service', now(), now());
INSERT into addresses (id, created_at, updated_at, street_address_1, city, state, postal_code, country) VALUES ('e4cc16b0-10b2-4af2-936f-8818940cc2b1', now(), now(), '', 'Columbus AFB', 'MS', '39710.0', 'United States');
INSERT into duty_stations (id, created_at, updated_at, name, affiliation, address_id, transportation_office_id) VALUES ('93899646-996b-4350-bdc8-982990ff0f9a', now(), now(), 'Columbus AFB', 'AIR_FORCE', 'e4cc16b0-10b2-4af2-936f-8818940cc2b1', '6c0c143c-dd58-4a23-ae2b-2bcce752ce8b');

INSERT into addresses (id, created_at, updated_at, street_address_1, street_address_2, city, state, postal_code, country) VALUES ('f43edcae-8e10-4486-a4cd-efbb7e1890d9', now(), now(), '417 3rd St', 'Bldg 7233/Rm 221', 'Dyess AFB', 'TX', '79607.0', 'United States');
INSERT into transportation_offices (id, shipping_office_id, name, address_id, latitude, longitude, gbloc, created_at, updated_at) VALUES ('4dca8d16-3afc-4ea4-ac2f-296ae715fc3d', NULL, 'Dyess AFB', 'f43edcae-8e10-4486-a4cd-efbb7e1890d9', 0.0000, 0.0000, '', now(), now());
INSERT into office_phone_lines (id, transportation_office_id, number, label, is_dsn_number, type, created_at, updated_at) VALUES ('c8b5beab-15e4-449a-a60c-2d64d89c29e8', '4dca8d16-3afc-4ea4-ac2f-296ae715fc3d', '(325) 696-1020', 'Customer Service', true, 'Voice', now(), now());
INSERT into office_phone_lines (id, transportation_office_id, number, label, is_dsn_number, type, created_at, updated_at) VALUES ('78e953c1-26b7-4bcc-a69e-9283f4ff88ef', '4dca8d16-3afc-4ea4-ac2f-296ae715fc3d', '(325) 696-2029', 'Customer Service', true, 'Voice', now(), now());
INSERT into office_emails (id, transportation_office_id, email, label, created_at, updated_at) VALUES ('b995cdc5-b8ca-4e70-a69a-aa85cbf63b49', '4dca8d16-3afc-4ea4-ac2f-296ae715fc3d', '7lrs.hhg@us.af.mil', 'Customer Service', now(), now());
INSERT into addresses (id, created_at, updated_at, street_address_1, city, state, postal_code, country) VALUES ('acdbf886-485c-4b0c-b90d-1cf7c7d9e62f', now(), now(), '', 'Dyess AFB', 'TX', '79607.0', 'United States');
INSERT into duty_stations (id, created_at, updated_at, name, affiliation, address_id, transportation_office_id) VALUES ('6f78965c-e7a1-4266-b1a0-1987a0b35b19', now(), now(), 'Dyess AFB', 'AIR_FORCE', 'acdbf886-485c-4b0c-b90d-1cf7c7d9e62f', '4dca8d16-3afc-4ea4-ac2f-296ae715fc3d');

INSERT into addresses (id, created_at, updated_at, street_address_1, street_address_2, city, state, postal_code, country) VALUES ('b849806a-2fde-46a7-94a7-b1c20df51cf7', now(), now(), '310 Van Matre Blvd', 'Bldg 210, Room 169', 'Eglin Air Force Base', 'FL', '32542.0', 'United States');
INSERT into transportation_offices (id, shipping_office_id, name, address_id, latitude, longitude, gbloc, created_at, updated_at) VALUES ('5a274777-6232-4fb2-a3f3-f96515faf42d', NULL, 'Eglin AFB', 'b849806a-2fde-46a7-94a7-b1c20df51cf7', 0.0000, 0.0000, '', now(), now());
INSERT into office_phone_lines (id, transportation_office_id, number, label, is_dsn_number, type, created_at, updated_at) VALUES ('4a1805c5-ce95-4a22-9472-1f35e260df80', '5a274777-6232-4fb2-a3f3-f96515faf42d', '(850) 882-8331', 'Customer Service', true, 'Voice', now(), now());
INSERT into office_emails (id, transportation_office_id, email, label, created_at, updated_at) VALUES ('5c1ce0be-b2b9-4cd7-8fa6-bf4d732bb4e2', '5a274777-6232-4fb2-a3f3-f96515faf42d', '96lrs.lgrt.customerservice@us.af.mil', 'Customer Service', now(), now());
INSERT into addresses (id, created_at, updated_at, street_address_1, city, state, postal_code, country) VALUES ('3358601f-0726-4f1f-b691-3dc0b5f5d9bd', now(), now(), '', 'Eglin Air Force Base', 'FL', '32542.0', 'United States');
INSERT into duty_stations (id, created_at, updated_at, name, affiliation, address_id, transportation_office_id) VALUES ('1922bef8-f033-4454-a40d-bbc58135f907', now(), now(), 'Eglin Air Force Base', 'AIR_FORCE', '3358601f-0726-4f1f-b691-3dc0b5f5d9bd', '5a274777-6232-4fb2-a3f3-f96515faf42d');

INSERT into addresses (id, created_at, updated_at, street_address_1, street_address_2, city, state, postal_code, country) VALUES ('5e470974-53d2-4b25-8fac-36ad11e25c5e', now(), now(), '14657 Sneider St', 'Ste 144, Bldg 1057, Rm 151', 'Houston', 'TX', '77034.0', 'United States');
INSERT into transportation_offices (id, shipping_office_id, name, address_id, latitude, longitude, gbloc, created_at, updated_at) VALUES ('9479dde4-7ee0-4910-9a6c-2cb9f5303b80', NULL, 'Ellington Field ANGB', '5e470974-53d2-4b25-8fac-36ad11e25c5e', 0.0000, 0.0000, '', now(), now());
INSERT into office_phone_lines (id, transportation_office_id, number, label, is_dsn_number, type, created_at, updated_at) VALUES ('16604066-d6b7-478e-9218-07cb175c7697', '9479dde4-7ee0-4910-9a6c-2cb9f5303b80', '(281) 929-2076', 'Customer Service', true, 'Voice', now(), now());
INSERT into office_phone_lines (id, transportation_office_id, number, label, is_dsn_number, type, created_at, updated_at) VALUES ('890d62d7-fd0e-4646-ae84-378332c88c4e', '9479dde4-7ee0-4910-9a6c-2cb9f5303b80', '(281) 929-2366', 'Customer Service', true, 'Voice', now(), now());
INSERT into office_emails (id, transportation_office_id, email, label, created_at, updated_at) VALUES ('b134ec21-e553-462e-bed1-a4fc037566da', '9479dde4-7ee0-4910-9a6c-2cb9f5303b80', 'usaf.tx.147-rw.mbx.JPPSO@mail.mil', 'Customer Service', now(), now());
INSERT into addresses (id, created_at, updated_at, street_address_1, city, state, postal_code, country) VALUES ('e77bcbb0-9a79-427f-8e52-f44033385706', now(), now(), '', 'Houston', 'TX', '77034.0', 'United States');
INSERT into duty_stations (id, created_at, updated_at, name, affiliation, address_id, transportation_office_id) VALUES ('97a9ae59-904d-4678-ac5f-53a618d182b0', now(), now(), 'Ellington Field ANGB', 'AIR_FORCE', 'e77bcbb0-9a79-427f-8e52-f44033385706', '9479dde4-7ee0-4910-9a6c-2cb9f5303b80');

INSERT into addresses (id, created_at, updated_at, street_address_1, street_address_2, city, state, postal_code, country) VALUES ('129fc8d4-1924-4103-b412-61e331612e5e', now(), now(), '2484 Stanley Rd', 'Bldg. 2263', 'San Antonio', 'TX', '78234.0', 'United States');
INSERT into transportation_offices (id, shipping_office_id, name, address_id, latitude, longitude, gbloc, created_at, updated_at) VALUES ('5df7409d-8381-4bce-a694-831072cf12c7', NULL, 'Fort Sam Houston', '129fc8d4-1924-4103-b412-61e331612e5e', 0.0000, 0.0000, '', now(), now());
INSERT into office_phone_lines (id, transportation_office_id, number, label, is_dsn_number, type, created_at, updated_at) VALUES ('460e321f-a69c-4e93-bd09-386c8d2e7899', '5df7409d-8381-4bce-a694-831072cf12c7', '(210) 221-1605', 'Customer Service', true, 'Voice', now(), now());
INSERT into office_emails (id, transportation_office_id, email, label, created_at, updated_at) VALUES ('b6305ca8-c8a2-4b4b-ad88-49c3b95ffde1', '5df7409d-8381-4bce-a694-831072cf12c7', '502LRS.LGRDF.PersonalProperty@us.af.mil', 'Customer Service', now(), now());
INSERT into addresses (id, created_at, updated_at, street_address_1, city, state, postal_code, country) VALUES ('9c328743-bce8-42d5-aecc-236e633347a3', now(), now(), '', 'San Antonio', 'TX', '78234.0', 'United States');
INSERT into duty_stations (id, created_at, updated_at, name, affiliation, address_id, transportation_office_id) VALUES ('e32d64ba-608a-42ed-9cfe-6c7975fca935', now(), now(), 'Joint Base Fort Sam Houston', 'ARMY', '9c328743-bce8-42d5-aecc-236e633347a3', '5df7409d-8381-4bce-a694-831072cf12c7');

INSERT into addresses (id, created_at, updated_at, street_address_1, street_address_2, city, state, postal_code, country) VALUES ('82dedb36-3be4-4975-bde8-45aca943f373', now(), now(), '212 Lukasik Ave', 'Ste 157', 'Hurlburt Field', 'FL', '32544.0', 'United States');
INSERT into transportation_offices (id, shipping_office_id, name, address_id, latitude, longitude, gbloc, created_at, updated_at) VALUES ('ab6c6fd3-7ecc-4a1f-b96f-bfc771100f53', NULL, 'Hurlburt AFB', '82dedb36-3be4-4975-bde8-45aca943f373', 0.0000, 0.0000, '', now(), now());
INSERT into office_phone_lines (id, transportation_office_id, number, label, is_dsn_number, type, created_at, updated_at) VALUES ('27cbb847-7ef8-4138-97c2-8965fa3c0420', 'ab6c6fd3-7ecc-4a1f-b96f-bfc771100f53', '(850) 884-6051', 'Customer Service', true, 'Voice', now(), now());
INSERT into office_emails (id, transportation_office_id, email, label, created_at, updated_at) VALUES ('a872d91b-5908-45fb-8315-c2a04ab282c1', 'ab6c6fd3-7ecc-4a1f-b96f-bfc771100f53', '1solrs.tm@us.af.mil', 'Customer Service', now(), now());
INSERT into addresses (id, created_at, updated_at, street_address_1, city, state, postal_code, country) VALUES ('da7f2818-ef4d-4fb1-b2bd-aa4eedea808a', now(), now(), '', 'Hurlburt Field', 'FL', '32544.0', 'United States');
INSERT into duty_stations (id, created_at, updated_at, name, affiliation, address_id, transportation_office_id) VALUES ('8c61ec6e-3f26-4048-b6b1-18438395a716', now(), now(), 'Hurlburt AFB', 'AIR_FORCE', 'da7f2818-ef4d-4fb1-b2bd-aa4eedea808a', 'ab6c6fd3-7ecc-4a1f-b96f-bfc771100f53');

INSERT into addresses (id, created_at, updated_at, street_address_1, street_address_2, city, state, postal_code, country) VALUES ('bc21f0e8-4ec5-4489-8b6f-3baead8c33bb', now(), now(), '500 Fisher St', '81 LRS/LGRDF, Room 114', 'Keesler AFB', 'MS', '39534.0', 'United States');
INSERT into transportation_offices (id, shipping_office_id, name, address_id, latitude, longitude, gbloc, created_at, updated_at) VALUES ('7f70a651-f701-4ca4-b042-ed0fc4ec8219', NULL, 'Keesler AFB', 'bc21f0e8-4ec5-4489-8b6f-3baead8c33bb', 0.0000, 0.0000, '', now(), now());
INSERT into office_phone_lines (id, transportation_office_id, number, label, is_dsn_number, type, created_at, updated_at) VALUES ('5cd1ea81-35c0-45cb-ac0c-ef0d5869c814', '7f70a651-f701-4ca4-b042-ed0fc4ec8219', '(228) 376-8533', 'Customer Service', true, 'Voice', now(), now());
INSERT into office_phone_lines (id, transportation_office_id, number, label, is_dsn_number, type, created_at, updated_at) VALUES ('dd70d8f5-28de-4704-ad10-e1a126ce177d', '7f70a651-f701-4ca4-b042-ed0fc4ec8219', '(228) 377-3147', 'Customer Service', true, 'Voice', now(), now());
INSERT into office_emails (id, transportation_office_id, email, label, created_at, updated_at) VALUES ('804e5d49-4cb4-4a16-b55c-7193cc69bdb6', '7f70a651-f701-4ca4-b042-ed0fc4ec8219', '81lrs.tmf@us.af.mil', 'Customer Service', now(), now());
INSERT into addresses (id, created_at, updated_at, street_address_1, city, state, postal_code, country) VALUES ('98b3c5dc-0175-4126-9b38-9e0760267a3c', now(), now(), '', 'Keesler AFB', 'MS', '39534.0', 'United States');
INSERT into duty_stations (id, created_at, updated_at, name, affiliation, address_id, transportation_office_id) VALUES ('545206cd-07f9-4c15-b0af-3f1e089539e2', now(), now(), 'Keesler AFB', 'AIR_FORCE', '98b3c5dc-0175-4126-9b38-9e0760267a3c', '7f70a651-f701-4ca4-b042-ed0fc4ec8219');

INSERT into addresses (id, created_at, updated_at, street_address_1, street_address_2, city, state, postal_code, country) VALUES ('d69666b6-683f-470a-abe7-b663e31d66c0', now(), now(), '427 Liberty Dr', 'Bldg 77/246, Room 110', 'Laughlin Air Force Base', 'TX', '78843.0', 'United States');
INSERT into transportation_offices (id, shipping_office_id, name, address_id, latitude, longitude, gbloc, created_at, updated_at) VALUES ('66c2ec17-d897-45d5-a5fe-19759968d72f', NULL, 'Laughlin AFB', 'd69666b6-683f-470a-abe7-b663e31d66c0', 0.0000, 0.0000, '', now(), now());
INSERT into office_phone_lines (id, transportation_office_id, number, label, is_dsn_number, type, created_at, updated_at) VALUES ('0e368fbe-b243-40b3-a1ae-ea374d94a3a0', '66c2ec17-d897-45d5-a5fe-19759968d72f', '(830) 298-5206', 'Customer Service', true, 'Voice', now(), now());
INSERT into office_phone_lines (id, transportation_office_id, number, label, is_dsn_number, type, created_at, updated_at) VALUES ('7410720d-4ef5-4dbe-8895-2af9ece6ff87', '66c2ec17-d897-45d5-a5fe-19759968d72f', '(830) 298-5388', 'Customer Service', true, 'Voice', now(), now());
INSERT into office_emails (id, transportation_office_id, email, label, created_at, updated_at) VALUES ('0b145abd-82c5-4079-a43a-cc11596c7a5b', '66c2ec17-d897-45d5-a5fe-19759968d72f', 'udg_Akima/TMO_PersonalProperty@us.af.mil', 'Customer Service', now(), now());
INSERT into addresses (id, created_at, updated_at, street_address_1, city, state, postal_code, country) VALUES ('862beecc-33b6-466e-981f-8358baee16e9', now(), now(), '', 'Laughlin Air Force Base', 'TX', '78843.0', 'United States');
INSERT into duty_stations (id, created_at, updated_at, name, affiliation, address_id, transportation_office_id) VALUES ('8c26cea8-b3e2-48dd-be2c-41d932e8c038', now(), now(), 'Laughlin Air Force Base', 'AIR_FORCE', '862beecc-33b6-466e-981f-8358baee16e9', '66c2ec17-d897-45d5-a5fe-19759968d72f');

INSERT into addresses (id, created_at, updated_at, street_address_1, street_address_2, city, state, postal_code, country) VALUES ('060116d4-8331-431a-a3e4-800a2c763951', now(), now(), 'Vandenberg Blvd', 'Bldg 1255, Ste 104', 'Little Rock AFB', 'AR', '72023.0', 'United States');
INSERT into transportation_offices (id, shipping_office_id, name, address_id, latitude, longitude, gbloc, created_at, updated_at) VALUES ('ef233fdc-34fd-481f-96ac-7cf931497179', NULL, 'Little Rock AFB', '060116d4-8331-431a-a3e4-800a2c763951', 0.0000, 0.0000, '', now(), now());
INSERT into office_phone_lines (id, transportation_office_id, number, label, is_dsn_number, type, created_at, updated_at) VALUES ('ba5f4123-4620-4c06-9abb-b4bc4ab082c4', 'ef233fdc-34fd-481f-96ac-7cf931497179', '(501) 987-3582', 'Customer Service', true, 'Voice', now(), now());
INSERT into office_emails (id, transportation_office_id, email, label, created_at, updated_at) VALUES ('93da4b43-a510-42e0-a39b-8ccf5fae4d71', 'ef233fdc-34fd-481f-96ac-7cf931497179', '19LRS.LGRDF.HHG@us.af.mil', 'Customer Service', now(), now());
INSERT into addresses (id, created_at, updated_at, street_address_1, city, state, postal_code, country) VALUES ('8e5d105d-c902-483c-be84-56bb0054f80a', now(), now(), '', 'Little Rock AFB', 'AR', '72023.0', 'United States');
INSERT into duty_stations (id, created_at, updated_at, name, affiliation, address_id, transportation_office_id) VALUES ('028e3132-3ad8-4628-a0c9-9d80802f970f', now(), now(), 'Little Rock AFB', 'AIR_FORCE', '8e5d105d-c902-483c-be84-56bb0054f80a', 'ef233fdc-34fd-481f-96ac-7cf931497179');

INSERT into addresses (id, created_at, updated_at, street_address_1, city, state, postal_code, country) VALUES ('b30bbaf7-8b19-432c-973b-4a40c2d164c5', now(), now(), '8307 Cypress Stand Dr', 'Tampa', 'FL', '33621.0', 'United States');
INSERT into transportation_offices (id, shipping_office_id, name, address_id, latitude, longitude, gbloc, created_at, updated_at) VALUES ('c0ec8e4a-3d70-4c5b-aede-e41cbb1d4e2b', NULL, 'MacDill AFB', 'b30bbaf7-8b19-432c-973b-4a40c2d164c5', 0.0000, 0.0000, '', now(), now());
INSERT into office_phone_lines (id, transportation_office_id, number, label, is_dsn_number, type, created_at, updated_at) VALUES ('4aeacee0-02ca-4ee5-8dd6-5d78532a982e', 'c0ec8e4a-3d70-4c5b-aede-e41cbb1d4e2b', '(813) 828-6722', 'Customer Service', true, 'Voice', now(), now());
INSERT into office_emails (id, transportation_office_id, email, label, created_at, updated_at) VALUES ('2ee37a15-7906-419d-8029-45ea38471c75', 'c0ec8e4a-3d70-4c5b-aede-e41cbb1d4e2b', 'tmo1@us.af.mil', 'Customer Service', now(), now());
INSERT into addresses (id, created_at, updated_at, street_address_1, city, state, postal_code, country) VALUES ('b3bad4e7-789d-4d0e-8ec8-1a458913ac11', now(), now(), '', 'Tampa', 'FL', '33621.0', 'United States');
INSERT into duty_stations (id, created_at, updated_at, name, affiliation, address_id, transportation_office_id) VALUES ('9ea4fcd2-42a6-426d-860f-a185c4e705f6', now(), now(), 'McDill AFB', 'AIR_FORCE', 'b3bad4e7-789d-4d0e-8ec8-1a458913ac11', 'c0ec8e4a-3d70-4c5b-aede-e41cbb1d4e2b');

INSERT into addresses (id, created_at, updated_at, street_address_1, street_address_2, city, state, postal_code, country) VALUES ('326d3dd9-5d1f-4def-a3de-d7938d05733b', now(), now(), '50 LeMay Plaza S.', 'Bldg 804', 'Maxwell AFB', 'AL', '36112.0', 'United States');
INSERT into transportation_offices (id, shipping_office_id, name, address_id, latitude, longitude, gbloc, created_at, updated_at) VALUES ('721ab15f-12cb-44a4-8866-5fe0aa5fd695', NULL, 'Maxwell AFB', '326d3dd9-5d1f-4def-a3de-d7938d05733b', 0.0000, 0.0000, '', now(), now());
INSERT into office_phone_lines (id, transportation_office_id, number, label, is_dsn_number, type, created_at, updated_at) VALUES ('bb542043-505d-4cd8-8cf6-d77b5d9fbd17', '721ab15f-12cb-44a4-8866-5fe0aa5fd695', '(334) 953-4774', 'Customer Service', true, 'Voice', now(), now());
INSERT into office_emails (id, transportation_office_id, email, label, created_at, updated_at) VALUES ('aa9e6d19-591a-4805-bcab-0e2cd8d5067b', '721ab15f-12cb-44a4-8866-5fe0aa5fd695', '42LRSPersonalProperty@us.af.mil', 'Customer Service', now(), now());
INSERT into addresses (id, created_at, updated_at, street_address_1, city, state, postal_code, country) VALUES ('1b9dd826-8c23-4287-9ed3-b0089bb0c6dd', now(), now(), '', 'Maxwell AFB', 'AL', '36112.0', 'United States');
INSERT into duty_stations (id, created_at, updated_at, name, affiliation, address_id, transportation_office_id) VALUES ('bb2277ec-94e2-40d3-b19b-76c1fd735e28', now(), now(), 'Maxwell AFB', 'AIR_FORCE', '1b9dd826-8c23-4287-9ed3-b0089bb0c6dd', '721ab15f-12cb-44a4-8866-5fe0aa5fd695');

INSERT into addresses (id, created_at, updated_at, street_address_1, street_address_2, city, state, postal_code, country) VALUES ('ce565976-244c-4662-8d56-eb6ba8b59c80', now(), now(), '105 Flying Tiger Way', 'Suite 179', 'Moody Air Force Base', 'GA', '31699.0', 'United States');
INSERT into transportation_offices (id, shipping_office_id, name, address_id, latitude, longitude, gbloc, created_at, updated_at) VALUES ('d9093152-30f5-4498-bd4c-bcdd33746481', NULL, 'Moody AFB', 'ce565976-244c-4662-8d56-eb6ba8b59c80', 0.0000, 0.0000, '', now(), now());
INSERT into office_phone_lines (id, transportation_office_id, number, label, is_dsn_number, type, created_at, updated_at) VALUES ('c0e182ec-d6c2-4bdd-afbf-3f018e408949', 'd9093152-30f5-4498-bd4c-bcdd33746481', '(229) 257-3202', 'Customer Service', true, 'Voice', now(), now());
INSERT into office_emails (id, transportation_office_id, email, label, created_at, updated_at) VALUES ('ecf89d2d-aa95-4b14-9637-52136ee0451f', 'd9093152-30f5-4498-bd4c-bcdd33746481', '23LRS.LGRDF.PersonalProperty@us.af.mil', 'Customer Service', now(), now());
INSERT into addresses (id, created_at, updated_at, street_address_1, city, state, postal_code, country) VALUES ('20ef3def-5427-416a-b08a-62839803c205', now(), now(), '', 'Moody Air Force Base', 'GA', '31699.0', 'United States');
INSERT into duty_stations (id, created_at, updated_at, name, affiliation, address_id, transportation_office_id) VALUES ('cf838a84-bc8c-4033-a328-eab40e308c48', now(), now(), 'Moody Air Force Base', 'AIR_FORCE', '20ef3def-5427-416a-b08a-62839803c205', 'd9093152-30f5-4498-bd4c-bcdd33746481');

INSERT into addresses (id, created_at, updated_at, street_address_1, street_address_2, city, state, postal_code, country) VALUES ('0d132fe7-5d91-41fb-841d-6b3b4ba0aa84', now(), now(), '972 South Patrick Dr', 'Bldg 821', 'Patrick AFB', 'FL', '32925.0', 'United States');
INSERT into transportation_offices (id, shipping_office_id, name, address_id, latitude, longitude, gbloc, created_at, updated_at) VALUES ('b35a8877-72ec-455f-a21b-1f8d36986243', NULL, 'Patrick AFB', '0d132fe7-5d91-41fb-841d-6b3b4ba0aa84', 0.0000, 0.0000, '', now(), now());
INSERT into office_phone_lines (id, transportation_office_id, number, label, is_dsn_number, type, created_at, updated_at) VALUES ('c9fad346-1dab-412c-8b9a-49d6a285b2cb', 'b35a8877-72ec-455f-a21b-1f8d36986243', '(321) 494-4964', 'Customer Service', true, 'Voice', now(), now());
INSERT into office_phone_lines (id, transportation_office_id, number, label, is_dsn_number, type, created_at, updated_at) VALUES ('ade55085-258d-45e9-a451-1e76b3401301', 'b35a8877-72ec-455f-a21b-1f8d36986243', '(321) 494-5962', 'Customer Service', true, 'Voice', now(), now());
INSERT into office_emails (id, transportation_office_id, email, label, created_at, updated_at) VALUES ('c16cfbd3-99c9-4361-afed-00ae69e32024', 'b35a8877-72ec-455f-a21b-1f8d36986243', '45LRS.LGRDF.TMOPPTY@US.AF.MIL', 'Customer Service', now(), now());
INSERT into addresses (id, created_at, updated_at, street_address_1, city, state, postal_code, country) VALUES ('ac396c26-72b8-4f3c-be2d-b7f90ecec1c8', now(), now(), '', 'Patrick AFB', 'FL', '32925.0', 'United States');
INSERT into duty_stations (id, created_at, updated_at, name, affiliation, address_id, transportation_office_id) VALUES ('f2d482f6-ee3d-4baf-83a5-d5921749b433', now(), now(), 'Patrick AFB', 'AIR_FORCE', 'ac396c26-72b8-4f3c-be2d-b7f90ecec1c8', 'b35a8877-72ec-455f-a21b-1f8d36986243');

INSERT into addresses (id, created_at, updated_at, street_address_1, street_address_2, city, state, postal_code, country) VALUES ('c9708f9a-0730-444a-bb9f-1e2e760af210', now(), now(), '555 D St East', 'Bldg. 399', 'Universal City', 'TX', '78148.0', 'United States');
INSERT into transportation_offices (id, shipping_office_id, name, address_id, latitude, longitude, gbloc, created_at, updated_at) VALUES ('56620e50-aa72-4cfa-9546-c27184a4473e', NULL, 'Randolph AFB', 'c9708f9a-0730-444a-bb9f-1e2e760af210', 0.0000, 0.0000, '', now(), now());
INSERT into office_phone_lines (id, transportation_office_id, number, label, is_dsn_number, type, created_at, updated_at) VALUES ('ff9e282d-9257-4e29-a2f6-4339cf8f2628', '56620e50-aa72-4cfa-9546-c27184a4473e', '(210) 652-1848', 'Customer Service', true, 'Voice', now(), now());
INSERT into office_phone_lines (id, transportation_office_id, number, label, is_dsn_number, type, created_at, updated_at) VALUES ('0f54c7ad-a0ae-4eee-a5b3-f03fbc506dfe', '56620e50-aa72-4cfa-9546-c27184a4473e', '(210) 652-1849', 'Customer Service', true, 'Voice', now(), now());
INSERT into office_emails (id, transportation_office_id, email, label, created_at, updated_at) VALUES ('fc03d858-9f98-4989-8a8f-8b352c6d245c', '56620e50-aa72-4cfa-9546-c27184a4473e', '502LRS.LGRDF.PersonalProperty@us.af.mil', 'Customer Service', now(), now());
INSERT into addresses (id, created_at, updated_at, street_address_1, city, state, postal_code, country) VALUES ('6000fe52-8b9e-45d6-ad9d-c248fd46cc18', now(), now(), '', 'Universal City', 'TX', '78148.0', 'United States');
INSERT into duty_stations (id, created_at, updated_at, name, affiliation, address_id, transportation_office_id) VALUES ('7d51c232-3877-4d95-a99d-100080c4c2d8', now(), now(), 'Randolph AFB', 'AIR_FORCE', '6000fe52-8b9e-45d6-ad9d-c248fd46cc18', '56620e50-aa72-4cfa-9546-c27184a4473e');

INSERT into addresses (id, created_at, updated_at, street_address_1, city, state, postal_code, country) VALUES ('eeccd8b0-f3e0-4057-9e71-0fdc9d2daf46', now(), now(), '650 9th St', 'Robins Air Force Base', 'GA', '31098.0', 'United States');
INSERT into transportation_offices (id, shipping_office_id, name, address_id, latitude, longitude, gbloc, created_at, updated_at) VALUES ('52d88166-1fa0-48f4-8795-4f397b062082', NULL, 'Robins AFB', 'eeccd8b0-f3e0-4057-9e71-0fdc9d2daf46', 0.0000, 0.0000, '', now(), now());
INSERT into office_phone_lines (id, transportation_office_id, number, label, is_dsn_number, type, created_at, updated_at) VALUES ('0a57085f-3080-4666-983a-ee1805eca4cc', '52d88166-1fa0-48f4-8795-4f397b062082', '(478) 222-0119', 'Customer Service', true, 'Voice', now(), now());
INSERT into office_emails (id, transportation_office_id, email, label, created_at, updated_at) VALUES ('ea48bbc2-58c0-4e87-96f7-878c53bf64b8', '52d88166-1fa0-48f4-8795-4f397b062082', '78LRS.lgrdf@us.af.mil', 'Customer Service', now(), now());
INSERT into addresses (id, created_at, updated_at, street_address_1, city, state, postal_code, country) VALUES ('a04343e7-f52b-427e-aa7b-d8be598b26cf', now(), now(), '', 'Robins Air Force Base', 'GA', '31098.0', 'United States');
INSERT into duty_stations (id, created_at, updated_at, name, affiliation, address_id, transportation_office_id) VALUES ('0308b397-ac8d-4e30-be1e-7604562c2886', now(), now(), 'Robins Air Force Base', 'AIR_FORCE', 'a04343e7-f52b-427e-aa7b-d8be598b26cf', '52d88166-1fa0-48f4-8795-4f397b062082');

INSERT into addresses (id, created_at, updated_at, street_address_1, street_address_2, city, state, postal_code, country) VALUES ('658dee7c-8abd-47fa-a429-3ccc474e9f4a', now(), now(), '426 5th Ave, Ste 10', 'Bldg 402, Rm 110', 'Sheppard Air Force Base', 'TX', '76311.0', 'United States');
INSERT into transportation_offices (id, shipping_office_id, name, address_id, latitude, longitude, gbloc, created_at, updated_at) VALUES ('ee28c99d-a582-4899-b823-20c8dfc64161', NULL, 'Sheppard AFB', '658dee7c-8abd-47fa-a429-3ccc474e9f4a', 0.0000, 0.0000, '', now(), now());
INSERT into office_phone_lines (id, transportation_office_id, number, label, is_dsn_number, type, created_at, updated_at) VALUES ('a31ffcc9-0200-4559-96bd-2b61d02586a6', 'ee28c99d-a582-4899-b823-20c8dfc64161', '(940) 676-5499', 'Customer Service', true, 'Voice', now(), now());
INSERT into office_emails (id, transportation_office_id, email, label, created_at, updated_at) VALUES ('96fbdbad-d181-4d26-91cc-40d4e02822f5', 'ee28c99d-a582-4899-b823-20c8dfc64161', 'TMO402DS@us.af.mil', 'Customer Service', now(), now());
INSERT into addresses (id, created_at, updated_at, street_address_1, city, state, postal_code, country) VALUES ('01b0d609-fd5d-483b-81db-604ab1edb3c5', now(), now(), '', 'Sheppard Air Force Base', 'TX', '76311.0', 'United States');
INSERT into duty_stations (id, created_at, updated_at, name, affiliation, address_id, transportation_office_id) VALUES ('f5205806-7d7b-4a3f-a78b-989c00493abf', now(), now(), 'Sheppard Air Force Base', 'AIR_FORCE', '01b0d609-fd5d-483b-81db-604ab1edb3c5', 'ee28c99d-a582-4899-b823-20c8dfc64161');

INSERT into addresses (id, created_at, updated_at, street_address_1, street_address_2, city, state, postal_code, country) VALUES ('e0fca6e8-9d8e-496c-84d6-4f2f17317677', now(), now(), '469 Century Blvd', 'Building #469', 'Tinker AFB', 'OK', '73145.0', 'United States');
INSERT into transportation_offices (id, shipping_office_id, name, address_id, latitude, longitude, gbloc, created_at, updated_at) VALUES ('3df61e4e-dead-40eb-ae9a-0b362016be93', NULL, 'Tinker AFB', 'e0fca6e8-9d8e-496c-84d6-4f2f17317677', 0.0000, 0.0000, '', now(), now());
INSERT into office_phone_lines (id, transportation_office_id, number, label, is_dsn_number, type, created_at, updated_at) VALUES ('de70d213-0c0d-41dc-a45a-a44618e5abcb', '3df61e4e-dead-40eb-ae9a-0b362016be93', '(405) 739-5727', 'Customer Service', true, 'Voice', now(), now());
INSERT into office_phone_lines (id, transportation_office_id, number, label, is_dsn_number, type, created_at, updated_at) VALUES ('1bed4fb5-6822-429f-b27b-0b2371c7ded1', '3df61e4e-dead-40eb-ae9a-0b362016be93', '(405) 739-3059', 'Customer Service', true, 'Voice', now(), now());
INSERT into office_emails (id, transportation_office_id, email, label, created_at, updated_at) VALUES ('549b36f9-0ebc-40ae-b4bd-c3ff118750f1', '3df61e4e-dead-40eb-ae9a-0b362016be93', 'tinkertmo@us.af.mil', 'Customer Service', now(), now());
INSERT into addresses (id, created_at, updated_at, street_address_1, city, state, postal_code, country) VALUES ('55431adb-fc78-4131-a89e-ab421e4ab2f3', now(), now(), '', 'Tinker AFB', 'OK', '73145.0', 'United States');
INSERT into duty_stations (id, created_at, updated_at, name, affiliation, address_id, transportation_office_id) VALUES ('8cb8672d-4fdd-4fb6-bac5-227064c1f6b5', now(), now(), 'Tinker AFB', 'AIR_FORCE', '55431adb-fc78-4131-a89e-ab421e4ab2f3', '3df61e4e-dead-40eb-ae9a-0b362016be93');

INSERT into addresses (id, created_at, updated_at, street_address_1, street_address_2, city, state, postal_code, country) VALUES ('84ff1101-5e2e-4228-8141-9f8a9a31e770', now(), now(), '445 Suwanne Rd', 'Bldg 662 Suite 152', 'Tyndall Air Force Base', 'FL', '32403.0', 'United States');
INSERT into transportation_offices (id, shipping_office_id, name, address_id, latitude, longitude, gbloc, created_at, updated_at) VALUES ('39a6771b-b88c-4246-897d-06bff5e67369', NULL, 'Tyndall AFB', '84ff1101-5e2e-4228-8141-9f8a9a31e770', 0.0000, 0.0000, '', now(), now());
INSERT into office_phone_lines (id, transportation_office_id, number, label, is_dsn_number, type, created_at, updated_at) VALUES ('54b787fb-fa53-44d1-87a6-7a3f2cdb262b', '39a6771b-b88c-4246-897d-06bff5e67369', '(850) 283-4261', 'Customer Service', true, 'Voice', now(), now());
INSERT into office_emails (id, transportation_office_id, email, label, created_at, updated_at) VALUES ('94e561eb-6a6e-42ae-8488-3bd897123648', '39a6771b-b88c-4246-897d-06bff5e67369', 'cpfl-tmo@us.af.mil', 'Customer Service', now(), now());
INSERT into addresses (id, created_at, updated_at, street_address_1, city, state, postal_code, country) VALUES ('95e0bdc9-9976-4219-aaed-ed9cb710246d', now(), now(), '', 'Tyndall Air Force Base', 'FL', '32403.0', 'United States');
INSERT into duty_stations (id, created_at, updated_at, name, affiliation, address_id, transportation_office_id) VALUES ('ae5cc79d-c2ee-41bc-8382-8d5afc59ecaf', now(), now(), 'Tyndall Air Force Base', 'AIR_FORCE', '95e0bdc9-9976-4219-aaed-ed9cb710246d', '39a6771b-b88c-4246-897d-06bff5e67369');

INSERT into addresses (id, created_at, updated_at, street_address_1, street_address_2, city, state, postal_code, country) VALUES ('6f38c764-7469-480c-9b07-c3cffd1da2fa', now(), now(), '400 Young Rd', 'Bldg. 200, Suite 202', 'Vance AFB', 'OK', '73705.0', 'United States');
INSERT into transportation_offices (id, shipping_office_id, name, address_id, latitude, longitude, gbloc, created_at, updated_at) VALUES ('a09d66a9-11f0-49e9-834e-e17c2c526089', NULL, 'Vance AFB', '6f38c764-7469-480c-9b07-c3cffd1da2fa', 0.0000, 0.0000, '', now(), now());
INSERT into office_phone_lines (id, transportation_office_id, number, label, is_dsn_number, type, created_at, updated_at) VALUES ('54ba7571-88c5-421a-b739-8e3166b7ad7a', 'a09d66a9-11f0-49e9-834e-e17c2c526089', '(580) 213-7470', 'Customer Service', true, 'Voice', now(), now());
INSERT into office_phone_lines (id, transportation_office_id, number, label, is_dsn_number, type, created_at, updated_at) VALUES ('51fecf17-c2ac-48f4-91ba-3214da18db4d', 'a09d66a9-11f0-49e9-834e-e17c2c526089', '(580) 213-7184', 'Customer Service', true, 'Voice', now(), now());
INSERT into office_emails (id, transportation_office_id, email, label, created_at, updated_at) VALUES ('241e47ba-d2e7-4a80-ad6d-279b713e8d8f', 'a09d66a9-11f0-49e9-834e-e17c2c526089', '71iss.lgr@us.af.mil', 'Customer Service', now(), now());
INSERT into addresses (id, created_at, updated_at, street_address_1, city, state, postal_code, country) VALUES ('19f9a4a7-375b-4600-ab8d-43053d4995b1', now(), now(), '', 'Vance AFB', 'OK', '73705.0', 'United States');
INSERT into duty_stations (id, created_at, updated_at, name, affiliation, address_id, transportation_office_id) VALUES ('95c9e1ca-2286-4c0d-ae18-b92980638af7', now(), now(), 'Vance AFB', 'AIR_FORCE', '19f9a4a7-375b-4600-ab8d-43053d4995b1', 'a09d66a9-11f0-49e9-834e-e17c2c526089');

INSERT into addresses (id, created_at, updated_at, street_address_1, street_address_2, city, state, postal_code, country) VALUES ('7a8c77e8-f20e-4013-8746-986de1ca630b', now(), now(), '8517 20th St', '773 LRS/LGRNP, Ste 247', 'JBER', 'AK', '99506.0', 'United States');
INSERT into transportation_offices (id, shipping_office_id, name, address_id, latitude, longitude, gbloc, created_at, updated_at) VALUES ('8247ba55-fa9a-4f22-8f0d-57869f8ad4f0', NULL, 'JBER Travel Center-Elmendorf', '7a8c77e8-f20e-4013-8746-986de1ca630b', 0.0000, 0.0000, '', now(), now());
INSERT into office_phone_lines (id, transportation_office_id, number, label, is_dsn_number, type, created_at, updated_at) VALUES ('bab97158-28ae-473b-a20f-ac09740ed63e', '8247ba55-fa9a-4f22-8f0d-57869f8ad4f0', '(907) 552-1798', 'Customer Service', true, 'Voice', now(), now());
INSERT into office_emails (id, transportation_office_id, email, label, created_at, updated_at) VALUES ('e718fbdb-446d-4436-b39c-3e4f006efdcd', '8247ba55-fa9a-4f22-8f0d-57869f8ad4f0', 'EDFTravel@us.af.mil', 'Customer Service', now(), now());
INSERT into addresses (id, created_at, updated_at, street_address_1, city, state, postal_code, country) VALUES ('02a79afb-fdc2-4f83-8d63-0aa41bd44611', now(), now(), '', 'JBER', 'AK', '99506.0', 'United States');
INSERT into duty_stations (id, created_at, updated_at, name, affiliation, address_id, transportation_office_id) VALUES ('499f57ba-d1f0-43b3-9e05-2b6c40e4f9db', now(), now(), 'Joint Base Elmendorf-Richardson', 'AIR_FORCE', '02a79afb-fdc2-4f83-8d63-0aa41bd44611', '8247ba55-fa9a-4f22-8f0d-57869f8ad4f0');

INSERT into addresses (id, created_at, updated_at, street_address_1, street_address_2, city, state, postal_code, country) VALUES ('52c834b8-feca-447a-89fd-4e6b63263e04', now(), now(), '600 Richardson Dr', '773 LRS/LGRNP, Rm B145', 'JBER', 'AK', '99505.0', 'United States');
INSERT into transportation_offices (id, shipping_office_id, name, address_id, latitude, longitude, gbloc, created_at, updated_at) VALUES ('065cd421-e5c6-4501-95ff-08734797382e', NULL, 'JBER Travel Center-Richardson', '52c834b8-feca-447a-89fd-4e6b63263e04', 0.0000, 0.0000, '', now(), now());
INSERT into office_phone_lines (id, transportation_office_id, number, label, is_dsn_number, type, created_at, updated_at) VALUES ('1dd4227a-f6d7-4c04-869b-2a52a11f8383', '065cd421-e5c6-4501-95ff-08734797382e', '(907) 552-1831', 'Customer Service', true, 'Voice', now(), now());
INSERT into office_emails (id, transportation_office_id, email, label, created_at, updated_at) VALUES ('94c77254-7367-4a21-b936-80395a281072', '065cd421-e5c6-4501-95ff-08734797382e', 'EDFTravel@us.af.mil', 'Customer Service', now(), now());
INSERT into addresses (id, created_at, updated_at, street_address_1, city, state, postal_code, country) VALUES ('160b9c30-66ba-4908-936b-9381b3f2b299', now(), now(), '', 'JBER', 'AK', '99505.0', 'United States');
INSERT into duty_stations (id, created_at, updated_at, name, affiliation, address_id, transportation_office_id) VALUES ('af0bbaee-6390-4ace-9fe1-fbfbf73c5606', now(), now(), 'Joint Base Elmendorf-Richardson', 'AIR_FORCE', '160b9c30-66ba-4908-936b-9381b3f2b299', '065cd421-e5c6-4501-95ff-08734797382e');

INSERT into addresses (id, created_at, updated_at, street_address_1, street_address_2, city, state, postal_code, country) VALUES ('493d8339-8904-4839-922d-0ec3d70be397', now(), now(), '2811 Industrial Ave', '345 LRS/LGRDF', 'Eielson AFB', 'AK', '99702.0', 'United States');
INSERT into transportation_offices (id, shipping_office_id, name, address_id, latitude, longitude, gbloc, created_at, updated_at) VALUES ('ff62ba3c-9a1c-4fb2-bc81-0e27a2092fbf', NULL, 'Eielson AFB', '493d8339-8904-4839-922d-0ec3d70be397', 0.0000, 0.0000, '', now(), now());
INSERT into office_phone_lines (id, transportation_office_id, number, label, is_dsn_number, type, created_at, updated_at) VALUES ('2aeee8fd-de93-4a24-9882-59e76cd5ccd6', 'ff62ba3c-9a1c-4fb2-bc81-0e27a2092fbf', '(907) 377-4563', 'Customer Service', true, 'Voice', now(), now());
INSERT into office_emails (id, transportation_office_id, email, label, created_at, updated_at) VALUES ('5539a713-0f11-4cbf-a06b-381cb426c8d8', 'ff62ba3c-9a1c-4fb2-bc81-0e27a2092fbf', '354lrs.personalpropertyoffice@us.af.mil', 'Customer Service', now(), now());
INSERT into addresses (id, created_at, updated_at, street_address_1, city, state, postal_code, country) VALUES ('f562f714-ee47-455b-a8b9-4e2c6c8556c0', now(), now(), '', 'Eielson AFB', 'AK', '99702.0', 'United States');
INSERT into duty_stations (id, created_at, updated_at, name, affiliation, address_id, transportation_office_id) VALUES ('79ce710f-5785-47f7-814d-1861ce684b85', now(), now(), 'Eielson AFB', 'AIR_FORCE', 'f562f714-ee47-455b-a8b9-4e2c6c8556c0', 'ff62ba3c-9a1c-4fb2-bc81-0e27a2092fbf');

INSERT into addresses (id, created_at, updated_at, street_address_1, city, state, postal_code, country) VALUES ('9cb6d1e6-5062-454b-a869-0fe40f040e44', now(), now(), '1281 B Leahy Rd', 'Monterey', 'CA', '93940.0', 'United States');
INSERT into transportation_offices (id, shipping_office_id, name, address_id, latitude, longitude, gbloc, created_at, updated_at) VALUES ('49d9137b-a442-4d32-b55d-a2aa049dbca6', NULL, 'Naval Postgraduate School', '9cb6d1e6-5062-454b-a869-0fe40f040e44', 0.0000, 0.0000, '', now(), now());
INSERT into office_phone_lines (id, transportation_office_id, number, label, is_dsn_number, type, created_at, updated_at) VALUES ('ed7a3e25-35f3-42ce-907b-d07571138667', '49d9137b-a442-4d32-b55d-a2aa049dbca6', '(831) 656-2151', 'Customer Service', true, 'Voice', now(), now());
INSERT into office_emails (id, transportation_office_id, email, label, created_at, updated_at) VALUES ('78c5df83-22b8-4135-b4c7-89f791e3c6af', '49d9137b-a442-4d32-b55d-a2aa049dbca6', 'persprop@nps.edu', 'Customer Service', now(), now());
INSERT into addresses (id, created_at, updated_at, street_address_1, city, state, postal_code, country) VALUES ('9bc6c241-40ce-42a1-b15e-4614710fcbe0', now(), now(), '', 'Monterey', 'CA', '93940.0', 'United States');
INSERT into duty_stations (id, created_at, updated_at, name, affiliation, address_id, transportation_office_id) VALUES ('2867b982-67f3-4af0-b032-7317f870c5a3', now(), now(), 'Naval Post Graduate School', 'NAVY', '9bc6c241-40ce-42a1-b15e-4614710fcbe0', '49d9137b-a442-4d32-b55d-a2aa049dbca6');

INSERT into addresses (id, created_at, updated_at, street_address_1, street_address_2, city, state, postal_code, country) VALUES ('8ae0390d-4697-4753-b26f-15cbe7c1d70c', now(), now(), 'Drayton St', 'Bldg 612', 'MCAS Beaufort', 'SC', '29904.0', 'United States');
INSERT into transportation_offices (id, shipping_office_id, name, address_id, latitude, longitude, gbloc, created_at, updated_at) VALUES ('e1667a78-7614-4f9a-b8e2-1700b39e7a18', NULL, 'DMO MCAS Beaufort', '8ae0390d-4697-4753-b26f-15cbe7c1d70c', 0.0000, 0.0000, '', now(), now());
INSERT into office_phone_lines (id, transportation_office_id, number, label, is_dsn_number, type, created_at, updated_at) VALUES ('0f96e7d8-ca85-459f-a55d-85f7a5f8cb12', 'e1667a78-7614-4f9a-b8e2-1700b39e7a18', '(843) 228-7864', 'Customer Service', true, 'Voice', now(), now());
INSERT into office_emails (id, transportation_office_id, email, label, created_at, updated_at) VALUES ('3e51a44c-032a-413c-9de0-41646d107e1a', 'e1667a78-7614-4f9a-b8e2-1700b39e7a18', 'mcas.Beaufort.tmo.usmc.mil', 'Customer Service', now(), now());
INSERT into addresses (id, created_at, updated_at, street_address_1, city, state, postal_code, country) VALUES ('225eeafd-c48d-4bab-b022-e37479888702', now(), now(), '', 'MCAS Beaufort', 'SC', '29904.0', 'United States');
INSERT into duty_stations (id, created_at, updated_at, name, affiliation, address_id, transportation_office_id) VALUES ('368c990a-2d8d-4a3f-a482-1e8bbf535624', now(), now(), 'MCAS Beaufort', 'MARINES', '225eeafd-c48d-4bab-b022-e37479888702', 'e1667a78-7614-4f9a-b8e2-1700b39e7a18');

INSERT into addresses (id, created_at, updated_at, street_address_1, street_address_2, city, state, postal_code, country) VALUES ('97872da1-837d-4022-bf0b-91795ccc7115', now(), now(), 'Ash St', 'Bldg 1011', 'Camp Lejeune', 'NC', '28547.0', 'United States');
INSERT into transportation_offices (id, shipping_office_id, name, address_id, latitude, longitude, gbloc, created_at, updated_at) VALUES ('f1380310-e08f-4665-9045-19bd2d2191bc', NULL, 'DMO Camp Lejeune', '97872da1-837d-4022-bf0b-91795ccc7115', 0.0000, 0.0000, '', now(), now());
INSERT into office_phone_lines (id, transportation_office_id, number, label, is_dsn_number, type, created_at, updated_at) VALUES ('ac153439-4aba-4b47-a47e-a688757725f3', 'f1380310-e08f-4665-9045-19bd2d2191bc', '(910) 451-2377', 'Customer Service', true, 'Voice', now(), now());
INSERT into office_emails (id, transportation_office_id, email, label, created_at, updated_at) VALUES ('71a6d54b-75b8-4520-8049-c5d70fcd9d0e', 'f1380310-e08f-4665-9045-19bd2d2191bc', 'ppcig@usmc.mil', 'Customer Service', now(), now());
INSERT into addresses (id, created_at, updated_at, street_address_1, city, state, postal_code, country) VALUES ('8f3fa893-7daf-4c40-97a5-f52dcd6f2ab1', now(), now(), '', 'Camp Lejeune', 'NC', '28547.0', 'United States');
INSERT into duty_stations (id, created_at, updated_at, name, affiliation, address_id, transportation_office_id) VALUES ('b6d1c65b-4dd5-4c8d-aeb8-01da24169eb9', now(), now(), 'Camp Lejeune', 'MARINES', '8f3fa893-7daf-4c40-97a5-f52dcd6f2ab1', 'f1380310-e08f-4665-9045-19bd2d2191bc');

INSERT into addresses (id, created_at, updated_at, street_address_1, city, state, postal_code, country) VALUES ('25dc0c9b-39cd-463b-b2b1-965fa8e6b13a', now(), now(), '15610 SW 117 Ave', 'Miami', 'FL', '33177.0', 'United States');
INSERT into transportation_offices (id, shipping_office_id, name, address_id, latitude, longitude, gbloc, created_at, updated_at) VALUES ('2ce8ef00-806b-4b41-be6c-3372e48ea26e', NULL, 'Personal Property Shipping Office Miami Beach', '25dc0c9b-39cd-463b-b2b1-965fa8e6b13a', 0.0000, 0.0000, '', now(), now());
INSERT into office_phone_lines (id, transportation_office_id, number, label, is_dsn_number, type, created_at, updated_at) VALUES ('24ad17b6-d122-4219-aaec-d096197dcbf9', '2ce8ef00-806b-4b41-be6c-3372e48ea26e', '(305) 216-8037', 'Customer Service', true, 'Voice', now(), now());
INSERT into office_emails (id, transportation_office_id, email, label, created_at, updated_at) VALUES ('1208edc1-732f-4809-b816-4c1e2483d3db', '2ce8ef00-806b-4b41-be6c-3372e48ea26e', 'PPSOMIAMI@uscg.mil', 'Customer Service', now(), now());
INSERT into addresses (id, created_at, updated_at, street_address_1, city, state, postal_code, country) VALUES ('3ab9ed52-a24d-4bcc-b044-75895e990114', now(), now(), '', 'Miami', 'FL', '33177.0', 'United States');
INSERT into duty_stations (id, created_at, updated_at, name, affiliation, address_id, transportation_office_id) VALUES ('cdeaaec2-c347-41d0-8e98-3355031d6dce', now(), now(), 'US Coast Guard Miami', 'COAST_GUARD', '3ab9ed52-a24d-4bcc-b044-75895e990114', '2ce8ef00-806b-4b41-be6c-3372e48ea26e');

INSERT into addresses (id, created_at, updated_at, street_address_1, street_address_2, city, state, postal_code, country) VALUES ('e2f74b85-187f-4917-ab97-e6909f32f73f', now(), now(), 'HC 83', 'Bldg 7047', 'Bridgeport', 'CA', '93517.0', 'United States');
INSERT into transportation_offices (id, shipping_office_id, name, address_id, latitude, longitude, gbloc, created_at, updated_at) VALUES ('35cd7486-3549-435f-882c-cb862e97ff88', NULL, 'Mountain Warfare Training Center', 'e2f74b85-187f-4917-ab97-e6909f32f73f', 0.0000, 0.0000, '', now(), now());
INSERT into office_phone_lines (id, transportation_office_id, number, label, is_dsn_number, type, created_at, updated_at) VALUES ('1ab30f63-d954-4b1b-bc00-165938d8232a', '35cd7486-3549-435f-882c-cb862e97ff88', '(760) 932- 1549', 'Customer Service', true, 'Voice', now(), now());
INSERT into office_emails (id, transportation_office_id, email, label, created_at, updated_at) VALUES ('e566a33c-5fd9-41a1-88b3-770091cabdb1', '35cd7486-3549-435f-882c-cb862e97ff88', 'junior.destinoble@usmc.mil', 'Customer Service', now(), now());
INSERT into addresses (id, created_at, updated_at, street_address_1, city, state, postal_code, country) VALUES ('7714056e-a428-4016-8287-e2c41d9de1b7', now(), now(), '', 'Bridgeport', 'CA', '93517.0', 'United States');
INSERT into duty_stations (id, created_at, updated_at, name, affiliation, address_id, transportation_office_id) VALUES ('d82df1af-5abd-4831-8290-47bb038be2d8', now(), now(), 'Mountain Warfare Training Center', 'MARINES', '7714056e-a428-4016-8287-e2c41d9de1b7', '35cd7486-3549-435f-882c-cb862e97ff88');

INSERT into addresses (id, created_at, updated_at, street_address_1, city, state, postal_code, country) VALUES ('9b2f6b09-94c6-4472-ba48-3b343399e2d5', now(), now(), '4825 Bougainville Dr', 'Honolulu', 'HI', '96818.0', 'United States');
INSERT into transportation_offices (id, shipping_office_id, name, address_id, latitude, longitude, gbloc, created_at, updated_at) VALUES ('dbf5cc15-f0b1-4808-9598-c2ed4cc75d68', NULL, 'Personal Property Dept, Joint Base Pearl Harbor Hickam (JBPHH)', '9b2f6b09-94c6-4472-ba48-3b343399e2d5', 0.0000, 0.0000, '', now(), now());
INSERT into office_phone_lines (id, transportation_office_id, number, label, is_dsn_number, type, created_at, updated_at) VALUES ('5723e39b-6f02-46b2-919d-93f841d7274d', 'dbf5cc15-f0b1-4808-9598-c2ed4cc75d68', '(808) 473-7750', 'Customer Service', true, 'Voice', now(), now());
INSERT into office_emails (id, transportation_office_id, email, label, created_at, updated_at) VALUES ('1a88b903-e68b-43b0-9440-066c538afc5c', 'dbf5cc15-f0b1-4808-9598-c2ed4cc75d68', 'jppso_ph_counseling@navy.mil', 'Customer Service', now(), now());
INSERT into addresses (id, created_at, updated_at, street_address_1, city, state, postal_code, country) VALUES ('5f3183dc-34a7-4811-a6fb-03a0addbba85', now(), now(), '', 'Honolulu', 'HI', '96818.0', 'United States');
INSERT into duty_stations (id, created_at, updated_at, name, affiliation, address_id, transportation_office_id) VALUES ('b11eb23e-a436-4f28-9dc5-b22426b12471', now(), now(), 'Joint Base Pearl Harbor Hickam', 'NAVY', '5f3183dc-34a7-4811-a6fb-03a0addbba85', 'dbf5cc15-f0b1-4808-9598-c2ed4cc75d68');

INSERT into addresses (id, created_at, updated_at, street_address_1, city, state, postal_code, country) VALUES ('5f8d1491-8a4d-4f78-bae0-1f5597f5b42b', now(), now(), '4100 Hochmuth Ave', 'San Diego', 'CA', '92140.0', 'United States');
INSERT into transportation_offices (id, shipping_office_id, name, address_id, latitude, longitude, gbloc, created_at, updated_at) VALUES ('706b7699-a919-4624-8709-aad3377743b5', NULL, 'USMC San Diego Personal Property Office', '5f8d1491-8a4d-4f78-bae0-1f5597f5b42b', 0.0000, 0.0000, '', now(), now());
INSERT into office_phone_lines (id, transportation_office_id, number, label, is_dsn_number, type, created_at, updated_at) VALUES ('1180a880-21b2-41da-ad74-93fd94beee61', '706b7699-a919-4624-8709-aad3377743b5', '(619) 524-5365', 'Customer Service', true, 'Voice', now(), now());
INSERT into office_emails (id, transportation_office_id, email, label, created_at, updated_at) VALUES ('7948315a-fb08-4bb7-a889-36910b5fdfa0', '706b7699-a919-4624-8709-aad3377743b5', 'selena.espinoza@usmc.mil', 'Customer Service', now(), now());
INSERT into addresses (id, created_at, updated_at, street_address_1, city, state, postal_code, country) VALUES ('4be0ac5e-79f6-485d-8e40-c1102967d613', now(), now(), '', 'San Diego', 'CA', '92140.0', 'United States');
INSERT into duty_stations (id, created_at, updated_at, name, affiliation, address_id, transportation_office_id) VALUES ('464f2b61-5991-4d53-8bed-49978515e050', now(), now(), 'USMC San Diego', 'MARINES', '4be0ac5e-79f6-485d-8e40-c1102967d613', '706b7699-a919-4624-8709-aad3377743b5');

INSERT into addresses (id, created_at, updated_at, street_address_1, city, state, postal_code, country) VALUES ('c0793a2d-2140-4d7c-97bc-4d576b4d352f', now(), now(), '8501 Tanner Williams Rd', 'Mobile', 'AL', '36608.0', 'United States');
INSERT into transportation_offices (id, shipping_office_id, name, address_id, latitude, longitude, gbloc, created_at, updated_at) VALUES ('d5038d0c-c709-498b-9f6c-2e011d110afe', NULL, 'USCG Mobile Personal Property Office', 'c0793a2d-2140-4d7c-97bc-4d576b4d352f', 0.0000, 0.0000, '', now(), now());
INSERT into office_phone_lines (id, transportation_office_id, number, label, is_dsn_number, type, created_at, updated_at) VALUES ('8955606c-c049-4aa9-8e25-d2aae2989aa6', 'd5038d0c-c709-498b-9f6c-2e011d110afe', '(251) 441-6717', 'Customer Service', true, 'Voice', now(), now());
INSERT into office_emails (id, transportation_office_id, email, label, created_at, updated_at) VALUES ('d7383986-5747-4817-a595-1dc8f8dc71fc', 'd5038d0c-c709-498b-9f6c-2e011d110afe', 'd08-pf-xatmo-tmo@uscg.mil', 'Customer Service', now(), now());
INSERT into addresses (id, created_at, updated_at, street_address_1, city, state, postal_code, country) VALUES ('0b5343fa-7069-41ff-aaf6-93d54f529058', now(), now(), '', 'Mobile', 'AL', '36608.0', 'United States');
INSERT into duty_stations (id, created_at, updated_at, name, affiliation, address_id, transportation_office_id) VALUES ('003f09e8-c3b8-4d75-ad3b-2eb0a084b96e', now(), now(), 'US Coast Guard Mobile', 'COAST_GUARD', '0b5343fa-7069-41ff-aaf6-93d54f529058', 'd5038d0c-c709-498b-9f6c-2e011d110afe');

INSERT into addresses (id, created_at, updated_at, street_address_1, city, state, postal_code, country) VALUES ('2b0ae5d2-e8cf-4e67-854b-13866eb7b02e', now(), now(), '2258 Delta Rd', 'Miramar', 'CA', '92145.0', 'United States');
INSERT into transportation_offices (id, shipping_office_id, name, address_id, latitude, longitude, gbloc, created_at, updated_at) VALUES ('ea5df996-dcfd-4f45-b78b-56552fc68d26', NULL, 'USMC Miramar Personal Property Office', '2b0ae5d2-e8cf-4e67-854b-13866eb7b02e', 0.0000, 0.0000, '', now(), now());
INSERT into office_phone_lines (id, transportation_office_id, number, label, is_dsn_number, type, created_at, updated_at) VALUES ('2fd8406d-4c65-4767-8480-6a9abdb0a95e', 'ea5df996-dcfd-4f45-b78b-56552fc68d26', '(858) 577-1670', 'Customer Service', true, 'Voice', now(), now());
INSERT into office_emails (id, transportation_office_id, email, label, created_at, updated_at) VALUES ('89566f9a-f5b7-48f1-bdd8-4185a0e7aa35', 'ea5df996-dcfd-4f45-b78b-56552fc68d26', 'smbmiramarmcas.s4dmo@usmc.mil', 'Customer Service', now(), now());
INSERT into addresses (id, created_at, updated_at, street_address_1, city, state, postal_code, country) VALUES ('66a8fde9-5112-4028-b88d-db0f77f00cfe', now(), now(), '', 'Miramar', 'CA', '92145.0', 'United States');
INSERT into duty_stations (id, created_at, updated_at, name, affiliation, address_id, transportation_office_id) VALUES ('8f44859d-0928-4b3f-bcd9-a470330753d7', now(), now(), 'USMC Miramar', 'MARINES', '66a8fde9-5112-4028-b88d-db0f77f00cfe', 'ea5df996-dcfd-4f45-b78b-56552fc68d26');

INSERT into addresses (id, created_at, updated_at, street_address_1, street_address_2, city, state, postal_code, country) VALUES ('f37d10e5-f49a-426b-b0d1-f07d12651eb1', now(), now(), '10020 Kabrich Cir', 'Bldg. 11-080', 'Pine Bluff', 'AR', '71602.0', 'United States');
INSERT into transportation_offices (id, shipping_office_id, name, address_id, latitude, longitude, gbloc, created_at, updated_at) VALUES ('c177adcd-73a2-4160-b56c-94621a66bcf2', NULL, 'Pine Bluff Arsenal Transportation Office', 'f37d10e5-f49a-426b-b0d1-f07d12651eb1', 0.0000, 0.0000, '', now(), now());
INSERT into office_phone_lines (id, transportation_office_id, number, label, is_dsn_number, type, created_at, updated_at) VALUES ('f099229b-863c-4044-9bbe-e5cd40f54218', 'c177adcd-73a2-4160-b56c-94621a66bcf2', '(870) 540-3816', 'Customer Service', true, 'Voice', now(), now());
INSERT into office_emails (id, transportation_office_id, email, label, created_at, updated_at) VALUES ('20c8ada2-981a-4250-81e7-602e0eb1a980', 'c177adcd-73a2-4160-b56c-94621a66bcf2', 'usarmy.pinebluff.usamc.mbx.transportation-office@mail.mil', 'Customer Service', now(), now());
INSERT into addresses (id, created_at, updated_at, street_address_1, city, state, postal_code, country) VALUES ('44503a52-80b7-4b4a-8efa-c02056e2cb91', now(), now(), '', 'Pine Bluff', 'AR', '71602.0', 'United States');
INSERT into duty_stations (id, created_at, updated_at, name, affiliation, address_id, transportation_office_id) VALUES ('e5151573-a067-4a77-a630-c7315f496e4c', now(), now(), 'Pine Bluff Arsenal', 'ARMY', '44503a52-80b7-4b4a-8efa-c02056e2cb91', 'c177adcd-73a2-4160-b56c-94621a66bcf2');

INSERT into addresses (id, created_at, updated_at, street_address_1, street_address_2, city, state, postal_code, country) VALUES ('fc4fa520-e9ce-47fd-8e3f-13a6f0507788', now(), now(), 'C St', 'Bldg 209', 'Kaneohe', 'HI', '96863.0', 'United States');
INSERT into transportation_offices (id, shipping_office_id, name, address_id, latitude, longitude, gbloc, created_at, updated_at) VALUES ('7738b12f-0efb-4c9f-8fba-f26ce595d37b', NULL, 'Kaneohe Marine Corps Air Station Personal Property Office', 'fc4fa520-e9ce-47fd-8e3f-13a6f0507788', 0.0000, 0.0000, '', now(), now());
INSERT into office_phone_lines (id, transportation_office_id, number, label, is_dsn_number, type, created_at, updated_at) VALUES ('096a00d5-12db-418d-ae2a-4181f1435863', '7738b12f-0efb-4c9f-8fba-f26ce595d37b', '(808) 257-3566', 'Customer Service', true, 'Voice', now(), now());
INSERT into office_emails (id, transportation_office_id, email, label, created_at, updated_at) VALUES ('b84212a9-0a3c-4a8d-8a00-a4752b7bc38d', '7738b12f-0efb-4c9f-8fba-f26ce595d37b', 'KBAZ.MCBH.DMO.PPSO.FMB@usmc.mil', 'Customer Service', now(), now());
INSERT into addresses (id, created_at, updated_at, street_address_1, city, state, postal_code, country) VALUES ('e1c49d18-c60a-44b0-8c7a-790d57d707ed', now(), now(), '', 'Kaneohe', 'HI', '96863.0', 'United States');
INSERT into duty_stations (id, created_at, updated_at, name, affiliation, address_id, transportation_office_id) VALUES ('7bb35752-bca8-495f-b5eb-aaf408a5a3bc', now(), now(), 'Kaneohe Marine Air Station', 'MARINES', 'e1c49d18-c60a-44b0-8c7a-790d57d707ed', '7738b12f-0efb-4c9f-8fba-f26ce595d37b');

INSERT into addresses (id, created_at, updated_at, street_address_1, city, state, postal_code, country) VALUES ('d8c62dc7-3084-4b30-8c5f-ccf59f0613d6', now(), now(), '400 Sand Island Pkwy', 'Honolulu', 'HI', '96819.0', 'United States');
INSERT into transportation_offices (id, shipping_office_id, name, address_id, latitude, longitude, gbloc, created_at, updated_at) VALUES ('f74669e7-f1fb-4a84-bcc1-94c3f85dc311', NULL, 'USCG Base Honolulu Transportation', 'd8c62dc7-3084-4b30-8c5f-ccf59f0613d6', 0.0000, 0.0000, '', now(), now());
INSERT into office_phone_lines (id, transportation_office_id, number, label, is_dsn_number, type, created_at, updated_at) VALUES ('3aba9087-5663-4aaf-b4ea-a7cf26f005a9', 'f74669e7-f1fb-4a84-bcc1-94c3f85dc311', '(808) 842-2020', 'Customer Service', true, 'Voice', now(), now());
INSERT into office_phone_lines (id, transportation_office_id, number, label, is_dsn_number, type, created_at, updated_at) VALUES ('90a12f35-8b1c-4496-8e38-f0bcad7ded84', 'f74669e7-f1fb-4a84-bcc1-94c3f85dc311', '(808) 842-2024', 'Customer Service', true, 'Voice', now(), now());
INSERT into office_emails (id, transportation_office_id, email, label, created_at, updated_at) VALUES ('fcc726d3-00d6-4cfc-a92b-6267dc883525', 'f74669e7-f1fb-4a84-bcc1-94c3f85dc311', 'd14-cmb-basehono-transportation@uscg.mil', 'Customer Service', now(), now());
INSERT into addresses (id, created_at, updated_at, street_address_1, city, state, postal_code, country) VALUES ('2a931f3e-7ad3-4b53-b2df-7033b30c5d38', now(), now(), '', 'Honolulu', 'HI', '96819.0', 'United States');
INSERT into duty_stations (id, created_at, updated_at, name, affiliation, address_id, transportation_office_id) VALUES ('a4c4154c-9207-433c-8630-9ee37152d1fc', now(), now(), 'US Coast Guard Honolulu', 'COAST_GUARD', '2a931f3e-7ad3-4b53-b2df-7033b30c5d38', 'f74669e7-f1fb-4a84-bcc1-94c3f85dc311');

INSERT into addresses (id, created_at, updated_at, street_address_1, street_address_2, city, state, postal_code, country) VALUES ('d750afca-05b6-48c3-a346-1cfa74bebfd4', now(), now(), 'Elrod Rd', 'Bldg 3AA', 'Camp H M Smith', 'HI', '96861.0', 'United States');
INSERT into transportation_offices (id, shipping_office_id, name, address_id, latitude, longitude, gbloc, created_at, updated_at) VALUES ('f0c32dd6-0e25-4ef6-80b6-05ff420fafbc', NULL, 'Camp Smith Personal Property Office', 'd750afca-05b6-48c3-a346-1cfa74bebfd4', 0.0000, 0.0000, '', now(), now());
INSERT into office_phone_lines (id, transportation_office_id, number, label, is_dsn_number, type, created_at, updated_at) VALUES ('d7b0c376-f93e-4355-8c2f-afdfe0239790', 'f0c32dd6-0e25-4ef6-80b6-05ff420fafbc', '(808) 477-8840', 'Customer Service', true, 'Voice', now(), now());
INSERT into office_phone_lines (id, transportation_office_id, number, label, is_dsn_number, type, created_at, updated_at) VALUES ('52018c34-127f-45d0-a4c3-1552ca761066', 'f0c32dd6-0e25-4ef6-80b6-05ff420fafbc', '(808) 477-8747', 'Customer Service', true, 'Voice', now(), now());
INSERT into addresses (id, created_at, updated_at, street_address_1, city, state, postal_code, country) VALUES ('a4a02677-214e-4df2-a461-641155a94b94', now(), now(), '', 'Camp H M Smith', 'HI', '96861.0', 'United States');
INSERT into duty_stations (id, created_at, updated_at, name, affiliation, address_id, transportation_office_id) VALUES ('cc146cc9-9e3d-404b-acfb-792091b31521', now(), now(), 'Camp H M Smith', 'MARINES', 'a4a02677-214e-4df2-a461-641155a94b94', 'f0c32dd6-0e25-4ef6-80b6-05ff420fafbc');

INSERT into addresses (id, created_at, updated_at, street_address_1, street_address_2, city, state, postal_code, country) VALUES ('0aa21ba5-16e0-4569-b69f-3ef6a5b8e8da', now(), now(), 'Bldg 750 Ayers Rd', 'Rm 140', 'Schofield Barracks', 'HI', '96857.0', 'United States');
INSERT into transportation_offices (id, shipping_office_id, name, address_id, latitude, longitude, gbloc, created_at, updated_at) VALUES ('0cf1593a-2198-42e3-9203-1522b1c5f3be', NULL, 'Schofield Barracks / Fort Shafter Transportation office', '0aa21ba5-16e0-4569-b69f-3ef6a5b8e8da', 0.0000, 0.0000, '', now(), now());
INSERT into office_phone_lines (id, transportation_office_id, number, label, is_dsn_number, type, created_at, updated_at) VALUES ('07e20d4d-bb77-44b3-a525-0fa43fd8c68a', '0cf1593a-2198-42e3-9203-1522b1c5f3be', '(808) 655-1868', 'Customer Service', true, 'Voice', now(), now());
INSERT into office_emails (id, transportation_office_id, email, label, created_at, updated_at) VALUES ('fb3acac4-ba4e-432f-9c3e-c4d51287d840', '0cf1593a-2198-42e3-9203-1522b1c5f3be', 'usarmy.schofield.402-afsb.list.lrchi-trans-pppo@mail.mil', 'Customer Service', now(), now());
INSERT into addresses (id, created_at, updated_at, street_address_1, city, state, postal_code, country) VALUES ('38b1aed0-be84-452c-9037-f847efd65be4', now(), now(), '', 'Schofield Barracks', 'HI', '96857.0', 'United States');
INSERT into duty_stations (id, created_at, updated_at, name, affiliation, address_id, transportation_office_id) VALUES ('e58e3ec3-e3f4-474e-ba88-60041053d8c8', now(), now(), 'Fort Shafter', 'ARMY', '38b1aed0-be84-452c-9037-f847efd65be4', '0cf1593a-2198-42e3-9203-1522b1c5f3be');

INSERT into addresses (id, created_at, updated_at, street_address_1, city, state, postal_code, country) VALUES ('61692fe0-9e40-4f07-8cae-ec747a7781f6', now(), now(), 'Bldg 269 Nohili Rd', 'Kauai', 'HI', '96752.0', 'United States');
INSERT into transportation_offices (id, shipping_office_id, name, address_id, latitude, longitude, gbloc, created_at, updated_at) VALUES ('9ef2e9b5-2fab-429f-9897-749bdf1709ed', NULL, 'PACIFIC MISSILE RANGE FACILITY (KAUAI) - NAVY', '61692fe0-9e40-4f07-8cae-ec747a7781f6', 0.0000, 0.0000, '', now(), now());
INSERT into office_phone_lines (id, transportation_office_id, number, label, is_dsn_number, type, created_at, updated_at) VALUES ('a2ac9d10-0f08-42dd-90de-825f70aed32b', '9ef2e9b5-2fab-429f-9897-749bdf1709ed', '(808) 335-4642', 'Customer Service', true, 'Voice', now(), now());
INSERT into office_emails (id, transportation_office_id, email, label, created_at, updated_at) VALUES ('34cbc320-92e6-4efd-a2d4-01ce0b01bb7b', '9ef2e9b5-2fab-429f-9897-749bdf1709ed', 'tammy.perreria@navy.mil', 'Customer Service', now(), now());
INSERT into addresses (id, created_at, updated_at, street_address_1, city, state, postal_code, country) VALUES ('3ac6a4e8-6dcb-4be7-8e1f-3a8c398dad1a', now(), now(), '', 'Kauai', 'HI', '96752.0', 'United States');
INSERT into duty_stations (id, created_at, updated_at, name, affiliation, address_id, transportation_office_id) VALUES ('4087f36d-b841-478e-95e7-a09cef0d9a7c', now(), now(), 'Pacific Missle Range Facility', 'NAVY', '3ac6a4e8-6dcb-4be7-8e1f-3a8c398dad1a', '9ef2e9b5-2fab-429f-9897-749bdf1709ed');

INSERT into addresses (id, created_at, updated_at, street_address_1, city, state, postal_code, country) VALUES ('5afc572d-8272-47b9-ad01-c4f900637aab', now(), now(), '1519 Alaskan Way South', 'Seattle', 'WA', '98734.0', 'United States');
INSERT into transportation_offices (id, shipping_office_id, name, address_id, latitude, longitude, gbloc, created_at, updated_at) VALUES ('ce2ff47f-aefb-4bba-a18e-e9e4d7c4f8c8', NULL, 'USCG Base Seattle', '5afc572d-8272-47b9-ad01-c4f900637aab', 0.0000, 0.0000, '', now(), now());
INSERT into office_phone_lines (id, transportation_office_id, number, label, is_dsn_number, type, created_at, updated_at) VALUES ('ce8a0828-784f-4324-8ad6-69716174810e', 'ce2ff47f-aefb-4bba-a18e-e9e4d7c4f8c8', '(206) 217-6072', 'Customer Service', true, 'Voice', now(), now());
INSERT into office_phone_lines (id, transportation_office_id, number, label, is_dsn_number, type, created_at, updated_at) VALUES ('d2c50346-77f9-455d-87f1-da7f9b7f2bf1', 'ce2ff47f-aefb-4bba-a18e-e9e4d7c4f8c8', '(206) 217-6715', 'Customer Service', true, 'Voice', now(), now());
INSERT into office_emails (id, transportation_office_id, email, label, created_at, updated_at) VALUES ('2882e6f2-5f31-41e4-99c3-2270e0a31161', 'ce2ff47f-aefb-4bba-a18e-e9e4d7c4f8c8', 'd13-pf-baseseaadmintask@uscg.mil', 'Customer Service', now(), now());
INSERT into addresses (id, created_at, updated_at, street_address_1, city, state, postal_code, country) VALUES ('ff1672fc-b9d2-4006-9cb0-332cc487f9a4', now(), now(), '', 'Seattle', 'WA', '98734.0', 'United States');
INSERT into duty_stations (id, created_at, updated_at, name, affiliation, address_id, transportation_office_id) VALUES ('4e9be124-cab3-4c80-ad0c-df910c1e7e04', now(), now(), 'US Coast Guard Seattle', 'COAST_GUARD', 'ff1672fc-b9d2-4006-9cb0-332cc487f9a4', 'ce2ff47f-aefb-4bba-a18e-e9e4d7c4f8c8');

INSERT into addresses (id, created_at, updated_at, street_address_1, street_address_2, city, state, postal_code, country) VALUES ('5738a343-9d02-46d8-9696-10c7da412995', now(), now(), '1500 West Perimeter Rd', 'Suite 2700', 'JB Andrews', 'MD', '20762.0', 'United States');
INSERT into transportation_offices (id, shipping_office_id, name, address_id, latitude, longitude, gbloc, created_at, updated_at) VALUES ('470a92e2-8587-481e-8261-30e3533043d5', NULL, 'PPPO Counseling Office JB Andrews AFB, MD', '5738a343-9d02-46d8-9696-10c7da412995', 0.0000, 0.0000, '', now(), now());
INSERT into office_phone_lines (id, transportation_office_id, number, label, is_dsn_number, type, created_at, updated_at) VALUES ('23817b57-afaf-4ebe-9577-17b3c099a2fe', '470a92e2-8587-481e-8261-30e3533043d5', '(301) 981-7520', 'Customer Service', true, 'Voice', now(), now());
INSERT into office_emails (id, transportation_office_id, email, label, created_at, updated_at) VALUES ('5a85fd9e-823d-48ac-92a3-8df8164ff42d', '470a92e2-8587-481e-8261-30e3533043d5', 'usaf.jbanafw.afdw-staff.mbx.11-tmocustomer-service@mail.mil', 'Customer Service', now(), now());
INSERT into addresses (id, created_at, updated_at, street_address_1, city, state, postal_code, country) VALUES ('b54837b3-250b-4e11-929c-451376b6610d', now(), now(), '', 'JB Andrews', 'MD', '20762.0', 'United States');
INSERT into duty_stations (id, created_at, updated_at, name, affiliation, address_id, transportation_office_id) VALUES ('0fb0e3a1-b7aa-4450-9aac-5cbb45028150', now(), now(), 'JB Andrews', 'AIR_FORCE', 'b54837b3-250b-4e11-929c-451376b6610d', '470a92e2-8587-481e-8261-30e3533043d5');

INSERT into addresses (id, created_at, updated_at, street_address_1, street_address_2, city, state, postal_code, country) VALUES ('6a5b2483-e370-402f-b22b-bcbccf89128c', now(), now(), '1520 Freedman Dr', 'Suite 400 Room 203', 'Fort Detrick', 'MD', '21702.0', 'United States');
INSERT into transportation_offices (id, shipping_office_id, name, address_id, latitude, longitude, gbloc, created_at, updated_at) VALUES ('608f07ba-bd65-4c6c-8239-132fd3469cc2', NULL, 'PPPO Fort Detrick MD', '6a5b2483-e370-402f-b22b-bcbccf89128c', 0.0000, 0.0000, '', now(), now());
INSERT into office_phone_lines (id, transportation_office_id, number, label, is_dsn_number, type, created_at, updated_at) VALUES ('5f1ea957-4817-4246-8630-98c67ebe76e6', '608f07ba-bd65-4c6c-8239-132fd3469cc2', '(301) 619-7179', 'Customer Service', true, 'Voice', now(), now());
INSERT into office_emails (id, transportation_office_id, email, label, created_at, updated_at) VALUES ('7510e1cd-ba31-419a-bba1-a6f4cbc4b1e3', '608f07ba-bd65-4c6c-8239-132fd3469cc2', 'usarmy.detrick.asc.mbx.persproptravel@mail.mil', 'Customer Service', now(), now());
INSERT into addresses (id, created_at, updated_at, street_address_1, city, state, postal_code, country) VALUES ('f0ca0bd4-126e-49fb-8ef0-4e40426e1b58', now(), now(), '', 'Fort Detrick', 'MD', '21702.0', 'United States');
INSERT into duty_stations (id, created_at, updated_at, name, affiliation, address_id, transportation_office_id) VALUES ('52954db8-f30f-46a6-ad15-c1c100b2ab86', now(), now(), 'Fort Detrick', 'ARMY', 'f0ca0bd4-126e-49fb-8ef0-4e40426e1b58', '608f07ba-bd65-4c6c-8239-132fd3469cc2');

INSERT into addresses (id, created_at, updated_at, street_address_1, street_address_2, city, state, postal_code, country) VALUES ('ffe09181-1a13-44eb-8bad-fad828b1912c', now(), now(), '2401 Hawkins Point Rd', 'Transportation Office', 'Curtis Bay', 'MD', '21226.0', 'United States');
INSERT into transportation_offices (id, shipping_office_id, name, address_id, latitude, longitude, gbloc, created_at, updated_at) VALUES ('ffef1838-27c5-4fb5-aeb3-a33302e23e04', NULL, 'PPPO Counseling Office, USCG Baltimore', 'ffe09181-1a13-44eb-8bad-fad828b1912c', 0.0000, 0.0000, '', now(), now());
INSERT into office_phone_lines (id, transportation_office_id, number, label, is_dsn_number, type, created_at, updated_at) VALUES ('02bb893f-bf12-4bc3-aec5-3e206e8efe04', 'ffef1838-27c5-4fb5-aeb3-a33302e23e04', '(401) 762-6023', 'Customer Service', true, 'Voice', now(), now());
INSERT into office_emails (id, transportation_office_id, email, label, created_at, updated_at) VALUES ('f0559fc1-9154-4f44-a10e-48c2cb9f4d8c', 'ffef1838-27c5-4fb5-aeb3-a33302e23e04', 'Ronald.r.baker@uscg.mil', 'Customer Service', now(), now());
INSERT into addresses (id, created_at, updated_at, street_address_1, city, state, postal_code, country) VALUES ('b8525c44-0f7d-4ff4-a66c-6ff93e298eca', now(), now(), '', 'Curtis Bay', 'MD', '21226.0', 'United States');
INSERT into duty_stations (id, created_at, updated_at, name, affiliation, address_id, transportation_office_id) VALUES ('e49255b2-06ce-4903-9c5c-ad19cf406075', now(), now(), 'US Coast Guard Baltimore', 'COAST_GUARD', 'b8525c44-0f7d-4ff4-a66c-6ff93e298eca', 'ffef1838-27c5-4fb5-aeb3-a33302e23e04');

INSERT into addresses (id, created_at, updated_at, street_address_1, street_address_2, city, state, postal_code, country) VALUES ('e53037dc-9113-4af4-a793-790465509069', now(), now(), '4305 Susquehanna Ave', 'Rm 307', 'Aberdeen Proving Ground', 'MD', '21005.0', 'United States');
INSERT into transportation_offices (id, shipping_office_id, name, address_id, latitude, longitude, gbloc, created_at, updated_at) VALUES ('67c70131-f986-47fa-be7e-79cc3d284ece', NULL, 'PPPO COUNSELING OFFICE ABERDEEN PROVING GROUND', 'e53037dc-9113-4af4-a793-790465509069', 0.0000, 0.0000, '', now(), now());
INSERT into office_phone_lines (id, transportation_office_id, number, label, is_dsn_number, type, created_at, updated_at) VALUES ('f057b52e-4ca2-4ee7-8b85-fec05e4e04d1', '67c70131-f986-47fa-be7e-79cc3d284ece', '(410) 306-2056', 'Customer Service', true, 'Voice', now(), now());
INSERT into office_phone_lines (id, transportation_office_id, number, label, is_dsn_number, type, created_at, updated_at) VALUES ('5029ba08-5f4c-4615-a6ff-94f01d6a55b9', '67c70131-f986-47fa-be7e-79cc3d284ece', '(410) 306-2057', 'Customer Service', true, 'Voice', now(), now());
INSERT into addresses (id, created_at, updated_at, street_address_1, city, state, postal_code, country) VALUES ('689ce0b4-4fe1-4541-9904-841b6d3d0627', now(), now(), '', 'Aberdeen Proving Ground', 'MD', '21005.0', 'United States');
INSERT into duty_stations (id, created_at, updated_at, name, affiliation, address_id, transportation_office_id) VALUES ('65ca9dd1-623a-4ee3-8d00-ef095be22c79', now(), now(), 'Aberdeen Proving Ground', 'ARMY', '689ce0b4-4fe1-4541-9904-841b6d3d0627', '67c70131-f986-47fa-be7e-79cc3d284ece');

INSERT into addresses (id, created_at, updated_at, street_address_1, street_address_2, city, state, postal_code, country) VALUES ('b7886bb4-a6c0-457a-8692-20e3327a9cb7', now(), now(), 'Brookley Ave SW', 'JBAB PPPO Bldg 520, Suite 101', 'Washington', 'DC', '20032.0', 'United States');
INSERT into transportation_offices (id, shipping_office_id, name, address_id, latitude, longitude, gbloc, created_at, updated_at) VALUES ('0bd2b95f-f56a-4b4f-a47a-c5a0a64d2260', NULL, 'JBAB PPPO', 'b7886bb4-a6c0-457a-8692-20e3327a9cb7', 0.0000, 0.0000, '', now(), now());
INSERT into office_phone_lines (id, transportation_office_id, number, label, is_dsn_number, type, created_at, updated_at) VALUES ('1e899d62-18df-4aef-9443-4251f2f5fe8a', '0bd2b95f-f56a-4b4f-a47a-c5a0a64d2260', '(202) 767-8888', 'Customer Service', true, 'Voice', now(), now());
INSERT into office_emails (id, transportation_office_id, email, label, created_at, updated_at) VALUES ('aa7f017c-4b1a-43a8-97f8-ee1b024abb41', '0bd2b95f-f56a-4b4f-a47a-c5a0a64d2260', 'flcn.tmo.jbab.fct@navy.mil', 'Customer Service', now(), now());
INSERT into addresses (id, created_at, updated_at, street_address_1, city, state, postal_code, country) VALUES ('c7c37cd9-85dd-480a-9f74-d86f319c0a71', now(), now(), '', 'Washington', 'DC', '20032.0', 'United States');
INSERT into duty_stations (id, created_at, updated_at, name, affiliation, address_id, transportation_office_id) VALUES ('c5acbba3-d752-49f4-b7c3-e85fea597fbc', now(), now(), 'Joint Base AnacostiaBolling', 'NAVY', 'c7c37cd9-85dd-480a-9f74-d86f319c0a71', '0bd2b95f-f56a-4b4f-a47a-c5a0a64d2260');

INSERT into addresses (id, created_at, updated_at, street_address_1, street_address_2, city, state, postal_code, country) VALUES ('e5f65829-0865-474d-8681-2ba634145f17', now(), now(), '1555 Southgate Rd', 'Henderson Hall, Bldg. 29, Rm 302', 'Arlington', 'VA', '22214.0', 'United States');
INSERT into transportation_offices (id, shipping_office_id, name, address_id, latitude, longitude, gbloc, created_at, updated_at) VALUES ('39e59ce2-4856-4d81-bf4f-aefe39d0831d', NULL, 'PPPO Counseling Office, DMO JB Myer-Henderson Hall', 'e5f65829-0865-474d-8681-2ba634145f17', 0.0000, 0.0000, '', now(), now());
INSERT into office_phone_lines (id, transportation_office_id, number, label, is_dsn_number, type, created_at, updated_at) VALUES ('fe2f8edf-b988-4fe4-a414-c7faed5cc774', '39e59ce2-4856-4d81-bf4f-aefe39d0831d', '(703) 614-7190', 'Customer Service', true, 'Voice', now(), now());
INSERT into office_phone_lines (id, transportation_office_id, number, label, is_dsn_number, type, created_at, updated_at) VALUES ('f0a861da-1e54-40b4-8eff-3c94072cd7e3', '39e59ce2-4856-4d81-bf4f-aefe39d0831d', '(703) 614-7191', 'Customer Service', true, 'Voice', now(), now());
INSERT into office_emails (id, transportation_office_id, email, label, created_at, updated_at) VALUES ('682996f0-efdc-441f-a935-046c6793f583', '39e59ce2-4856-4d81-bf4f-aefe39d0831d', 'm_hnhl_hqbn_dmo@usmc.mil', 'Customer Service', now(), now());
INSERT into addresses (id, created_at, updated_at, street_address_1, city, state, postal_code, country) VALUES ('bccb3108-4b2c-4524-93c4-a2b8ba90e4e8', now(), now(), '', 'Arlington', 'VA', '22214.0', 'United States');
INSERT into duty_stations (id, created_at, updated_at, name, affiliation, address_id, transportation_office_id) VALUES ('59f39886-66a9-4cde-96c4-64f8f5514834', now(), now(), 'JB Myer-Henderson Hall', 'MARINES', 'bccb3108-4b2c-4524-93c4-a2b8ba90e4e8', '39e59ce2-4856-4d81-bf4f-aefe39d0831d');

INSERT into addresses (id, created_at, updated_at, street_address_1, street_address_2, city, state, postal_code, country) VALUES ('76070122-567f-4a91-b656-c0412dfc1d42', now(), now(), '2703 Martin Luther King Ave SE', 'Stop 7118', 'Washington', 'DC', '20593.0', 'United States');
INSERT into transportation_offices (id, shipping_office_id, name, address_id, latitude, longitude, gbloc, created_at, updated_at) VALUES ('93dc505f-e3b9-42c3-8d9c-95078c6526fe', NULL, 'PPPO-USCG Counseling Office, Washington DC', '76070122-567f-4a91-b656-c0412dfc1d42', 0.0000, 0.0000, '', now(), now());
INSERT into office_phone_lines (id, transportation_office_id, number, label, is_dsn_number, type, created_at, updated_at) VALUES ('26b753d7-41fc-4273-86ff-75b29224961e', '93dc505f-e3b9-42c3-8d9c-95078c6526fe', '(202) 372-4033', 'Customer Service', true, 'Voice', now(), now());
INSERT into office_emails (id, transportation_office_id, email, label, created_at, updated_at) VALUES ('86649b76-2275-4ccc-a0ed-36ee0b7afbd8', '93dc505f-e3b9-42c3-8d9c-95078c6526fe', 'Deanna.C.Morris@uscg.mil', 'Customer Service', now(), now());
INSERT into addresses (id, created_at, updated_at, street_address_1, city, state, postal_code, country) VALUES ('07ceb4ff-3307-4aaf-96b5-f1bb9e4b78fb', now(), now(), '', 'Washington', 'DC', '20593.0', 'United States');
INSERT into duty_stations (id, created_at, updated_at, name, affiliation, address_id, transportation_office_id) VALUES ('1dd1d884-5555-4aaa-a8a1-c4749e6fed7f', now(), now(), 'US Coast Guard Washington DC', 'COAST_GUARD', '07ceb4ff-3307-4aaf-96b5-f1bb9e4b78fb', '93dc505f-e3b9-42c3-8d9c-95078c6526fe');

INSERT into addresses (id, created_at, updated_at, street_address_1, street_address_2, city, state, postal_code, country) VALUES ('1627f982-f48e-4a13-99cc-fb39ea0f9480', now(), now(), '2234 Huber Rd', 'Room 116', 'Fort Meade', 'MD', '20755.0', 'United States');
INSERT into transportation_offices (id, shipping_office_id, name, address_id, latitude, longitude, gbloc, created_at, updated_at) VALUES ('a3d6df18-ec6d-4bd8-9ae1-048aa20c78af', NULL, 'Fort Meade Transportation Office', '1627f982-f48e-4a13-99cc-fb39ea0f9480', 0.0000, 0.0000, '', now(), now());
INSERT into office_phone_lines (id, transportation_office_id, number, label, is_dsn_number, type, created_at, updated_at) VALUES ('7f5a12f6-f212-4819-8f54-8be11ff67a40', 'a3d6df18-ec6d-4bd8-9ae1-048aa20c78af', '(301) 677-9639', 'Customer Service', true, 'Voice', now(), now());
INSERT into office_emails (id, transportation_office_id, email, label, created_at, updated_at) VALUES ('ff9c582d-9901-408d-b94a-4632b5e11a45', 'a3d6df18-ec6d-4bd8-9ae1-048aa20c78af', 'allan.a.grant.civ@mail.mil', 'Customer Service', now(), now());
INSERT into addresses (id, created_at, updated_at, street_address_1, city, state, postal_code, country) VALUES ('aa0c7e64-221f-4404-b525-94bce9a9ae70', now(), now(), '', 'Fort Meade', 'MD', '20755.0', 'United States');
INSERT into duty_stations (id, created_at, updated_at, name, affiliation, address_id, transportation_office_id) VALUES ('ccabcf54-6639-4e04-93e9-bef0759ae350', now(), now(), 'Fort Meade', 'ARMY', 'aa0c7e64-221f-4404-b525-94bce9a9ae70', 'a3d6df18-ec6d-4bd8-9ae1-048aa20c78af');

INSERT into addresses (id, created_at, updated_at, street_address_1, city, state, postal_code, country) VALUES ('fd378637-6bf7-4376-b53e-a3157b61ef02', now(), now(), '7162 Hedgerow Rd', 'Fort Campbell', 'KY', '42223.0', 'United States');
INSERT into transportation_offices (id, shipping_office_id, name, address_id, latitude, longitude, gbloc, created_at, updated_at) VALUES ('31767927-c211-4f6c-b36f-6a60f03855bf', NULL, 'LRC ITD PPPO', 'fd378637-6bf7-4376-b53e-a3157b61ef02', 0.0000, 0.0000, '', now(), now());
INSERT into office_phone_lines (id, transportation_office_id, number, label, is_dsn_number, type, created_at, updated_at) VALUES ('e51e5cd2-774d-4653-bc5b-8bdf9673b4ee', '31767927-c211-4f6c-b36f-6a60f03855bf', '(270) 798-7151', 'Customer Service', true, 'Voice', now(), now());
INSERT into office_emails (id, transportation_office_id, email, label, created_at, updated_at) VALUES ('d1f1dc5e-5e70-4511-9ce8-8bfc48cfa5fd', '31767927-c211-4f6c-b36f-6a60f03855bf', 'usarmy.campbell.asc.mbx.lrc-obpersprop@mail.mil', 'Customer Service', now(), now());
INSERT into addresses (id, created_at, updated_at, street_address_1, city, state, postal_code, country) VALUES ('083a4494-450f-44f7-a503-9e65d2159023', now(), now(), '', 'Fort Campbell', 'KY', '42223.0', 'United States');
INSERT into duty_stations (id, created_at, updated_at, name, affiliation, address_id, transportation_office_id) VALUES ('c00ef3f3-90d2-4fe2-8dcc-37e2bf31d6c3', now(), now(), 'Fort Campbell', 'ARMY', '083a4494-450f-44f7-a503-9e65d2159023', '31767927-c211-4f6c-b36f-6a60f03855bf');

INSERT into addresses (id, created_at, updated_at, street_address_1, street_address_2, city, state, postal_code, country) VALUES ('4ea0f404-866b-43da-9cbc-e6f8ae2b5096', now(), now(), '2009 Zeilin Rd', 'PPPO Counseling Office DMO Quantico, Bldg. 2009', 'MCB Quantico', 'VA', '22134.0', 'United States');
INSERT into transportation_offices (id, shipping_office_id, name, address_id, latitude, longitude, gbloc, created_at, updated_at) VALUES ('c34d9caf-bb20-4783-91bd-27cdc65584fe', NULL, 'PPPO Counseling Office DMO Quantico', '4ea0f404-866b-43da-9cbc-e6f8ae2b5096', 0.0000, 0.0000, '', now(), now());
INSERT into office_phone_lines (id, transportation_office_id, number, label, is_dsn_number, type, created_at, updated_at) VALUES ('b9599aee-129a-4984-85fc-85ed71f8e185', 'c34d9caf-bb20-4783-91bd-27cdc65584fe', '(703) 784-2831', 'Customer Service', true, 'Voice', now(), now());
INSERT into office_phone_lines (id, transportation_office_id, number, label, is_dsn_number, type, created_at, updated_at) VALUES ('2159f191-fe4b-47b1-a769-0fd530687b16', 'c34d9caf-bb20-4783-91bd-27cdc65584fe', '703-784-2832', 'Customer Service', true, 'Voice', now(), now());
INSERT into office_emails (id, transportation_office_id, email, label, created_at, updated_at) VALUES ('7cc826df-9314-4ef2-9941-24c8fe1ff777', 'c34d9caf-bb20-4783-91bd-27cdc65584fe', 'QUANTICO_DMO_HHG@USMC.MIL', 'Customer Service', now(), now());
INSERT into addresses (id, created_at, updated_at, street_address_1, city, state, postal_code, country) VALUES ('959f120a-9a85-4225-a8f3-a810730cab6e', now(), now(), '', 'MCB Quantico', 'VA', '22134.0', 'United States');
INSERT into duty_stations (id, created_at, updated_at, name, affiliation, address_id, transportation_office_id) VALUES ('27942c49-27dd-4b7f-a107-e0b837d7ea49', now(), now(), 'MCB Quantico', 'MARINES', '959f120a-9a85-4225-a8f3-a810730cab6e', 'c34d9caf-bb20-4783-91bd-27cdc65584fe');

INSERT into addresses (id, created_at, updated_at, street_address_1, street_address_2, city, state, postal_code, country) VALUES ('645b6cf6-16da-43e8-a37a-66407c4a5587', now(), now(), '1401 B Ave', 'Bldg 3400 Rm 119', 'Fort Lee', 'VA', '23801.0', 'United States');
INSERT into transportation_offices (id, shipping_office_id, name, address_id, latitude, longitude, gbloc, created_at, updated_at) VALUES ('12058366-138e-4def-b041-f9a1a898653a', NULL, 'Department of the Army Transportation Office PPPO Fort Lee, VA', '645b6cf6-16da-43e8-a37a-66407c4a5587', 0.0000, 0.0000, '', now(), now());
INSERT into office_phone_lines (id, transportation_office_id, number, label, is_dsn_number, type, created_at, updated_at) VALUES ('e3d918ce-a163-4835-96af-210c82788d8e', '12058366-138e-4def-b041-f9a1a898653a', '(804) 734-4187', 'Customer Service', true, 'Voice', now(), now());
INSERT into office_emails (id, transportation_office_id, email, label, created_at, updated_at) VALUES ('1797c03a-d677-464e-abf0-34d21a756692', '12058366-138e-4def-b041-f9a1a898653a', 'usarmy.lee.imcom.mbx.leee-pptydel@mail.mil', 'Customer Service', now(), now());
INSERT into addresses (id, created_at, updated_at, street_address_1, city, state, postal_code, country) VALUES ('b0bc6388-659b-4947-9573-7d85b864003b', now(), now(), '', 'Fort Lee', 'VA', '23801.0', 'United States');
INSERT into duty_stations (id, created_at, updated_at, name, affiliation, address_id, transportation_office_id) VALUES ('93a4f082-9626-4c8f-beff-8e33d38e66f8', now(), now(), 'Fort Lee', 'ARMY', 'b0bc6388-659b-4947-9573-7d85b864003b', '12058366-138e-4def-b041-f9a1a898653a');

INSERT into addresses (id, created_at, updated_at, street_address_1, street_address_2, city, state, postal_code, country) VALUES ('0c2feb09-dd64-4cc5-8823-37137764386c', now(), now(), '10 Kirtland St', 'Bldg 1240 Rm 200', 'Hanscom AFB', 'MA', '1731.0', 'United States');
INSERT into transportation_offices (id, shipping_office_id, name, address_id, latitude, longitude, gbloc, created_at, updated_at) VALUES ('756b4a83-e08f-4755-b590-a1a35e0efb81', NULL, 'Hanscom AFB', '0c2feb09-dd64-4cc5-8823-37137764386c', 0.0000, 0.0000, '', now(), now());
INSERT into office_phone_lines (id, transportation_office_id, number, label, is_dsn_number, type, created_at, updated_at) VALUES ('7c529c5b-b1b7-4ac1-ab6b-f49a47199b19', '756b4a83-e08f-4755-b590-a1a35e0efb81', '(781) 225-5915', 'Customer Service', true, 'Voice', now(), now());
INSERT into office_phone_lines (id, transportation_office_id, number, label, is_dsn_number, type, created_at, updated_at) VALUES ('68545664-2819-4eaa-b4c9-f9ec9d8e00f0', '756b4a83-e08f-4755-b590-a1a35e0efb81', '(781) 225-6399', 'Customer Service', true, 'Voice', now(), now());
INSERT into office_emails (id, transportation_office_id, email, label, created_at, updated_at) VALUES ('68e9d39d-327a-4dce-a849-905c58be73dd', '756b4a83-e08f-4755-b590-a1a35e0efb81', 'jppso.hafb@us.af.mil', 'Customer Service', now(), now());
INSERT into addresses (id, created_at, updated_at, street_address_1, city, state, postal_code, country) VALUES ('31413b16-63b3-41ea-854e-f090cbdb8a13', now(), now(), '', 'Hanscom AFB', 'MA', '1731.0', 'United States');
INSERT into duty_stations (id, created_at, updated_at, name, affiliation, address_id, transportation_office_id) VALUES ('5c5f6076-994b-4c7d-a84c-7ea1f201c0cc', now(), now(), 'Hanscom AFB', 'AIR_FORCE', '31413b16-63b3-41ea-854e-f090cbdb8a13', '756b4a83-e08f-4755-b590-a1a35e0efb81');

INSERT into addresses (id, created_at, updated_at, street_address_1, street_address_2, city, state, postal_code, country) VALUES ('f88b8a9c-6a3d-4d18-b624-c522b616da47', now(), now(), 'DMO Personal Property Office', 'Bldg 1102, Door 22, Marine Corps Base', '29 Palms', 'CA', '92278.0', 'United States');
INSERT into transportation_offices (id, shipping_office_id, name, address_id, latitude, longitude, gbloc, created_at, updated_at) VALUES ('cd328d07-1727-4a45-841e-271593d3a22d', NULL, 'DMO MCAGCC 29 PALMS CA', 'f88b8a9c-6a3d-4d18-b624-c522b616da47', 0.0000, 0.0000, '', now(), now());
INSERT into office_phone_lines (id, transportation_office_id, number, label, is_dsn_number, type, created_at, updated_at) VALUES ('b09cd65d-cfcd-4fd2-b892-1c1c3bc3c3a0', 'cd328d07-1727-4a45-841e-271593d3a22d', '(760) 830-6119', 'Customer Service', true, 'Voice', now(), now());
INSERT into office_emails (id, transportation_office_id, email, created_at, updated_at) VALUES ('2047f7ae-af9e-4ca8-9686-17477878225d', 'cd328d07-1727-4a45-841e-271593d3a22d', 'smbplmstmohhg@usmc.mil', now(), now());
INSERT into addresses (id, created_at, updated_at, street_address_1, city, state, postal_code, country) VALUES ('f476097c-8c0a-4ab6-9fad-c9ea795b795a', now(), now(), '', '29 Palms', 'CA', '92278.0', 'United States');
INSERT into duty_stations (id, created_at, updated_at, name, affiliation, address_id, transportation_office_id) VALUES ('68ffee5c-9b49-4f3f-80f8-6f49872e6511', now(), now(), 'Marine Corps Air Ground Combat Center', 'MARINES', 'f476097c-8c0a-4ab6-9fad-c9ea795b795a', 'cd328d07-1727-4a45-841e-271593d3a22d');

INSERT into addresses (id, created_at, updated_at, street_address_1, street_address_2, city, state, postal_code, country) VALUES ('5f75282a-3050-4a96-adf2-859bb0d89414', now(), now(), '1651 Stewart St.', 'Bldg. 5616', 'JBSA Lackland', 'TX', '78236.0', 'United States');
INSERT into transportation_offices (id, shipping_office_id, name, address_id, latitude, longitude, gbloc, created_at, updated_at) VALUES ('0fe2aa0e-a576-44f9-ac2f-7db30ee6fae5', NULL, 'Lackland AFB', '5f75282a-3050-4a96-adf2-859bb0d89414', 0.0000, 0.0000, '', now(), now());
INSERT into office_phone_lines (id, transportation_office_id, number, label, is_dsn_number, type, created_at, updated_at) VALUES ('a69c0e0b-a7a6-4a8f-9d63-5c64638a7c36', '0fe2aa0e-a576-44f9-ac2f-7db30ee6fae5', '(210) 671-2821', 'Customer Service', true, 'Voice', now(), now());
INSERT into office_emails (id, transportation_office_id, email, created_at, updated_at) VALUES ('373bdd44-52ed-44fc-8e46-d3cf60d8e1f4', '0fe2aa0e-a576-44f9-ac2f-7db30ee6fae5', '502LRS.LGRDF.PersonalProperty@us.af.mil', now(), now());
INSERT into addresses (id, created_at, updated_at, street_address_1, city, state, postal_code, country) VALUES ('451257b6-3475-4993-a7f7-cf9faecbcd1b', now(), now(), '', 'JBSA Lackland', 'TX', '78236.0', 'United States');
INSERT into duty_stations (id, created_at, updated_at, name, affiliation, address_id, transportation_office_id) VALUES ('4878e2aa-ef7b-42c7-88df-6f331bd9ed7e', now(), now(), 'JBSA Lackland', 'AIR_FORCE', '451257b6-3475-4993-a7f7-cf9faecbcd1b', '0fe2aa0e-a576-44f9-ac2f-7db30ee6fae5');

INSERT into addresses (id, created_at, updated_at, street_address_1, city, state, postal_code, country) VALUES ('5420fc92-cfd4-49b1-a1d7-8d9ce560046e', now(), now(), 'Bldg 423', 'Goodfellow AFB', 'TX', '76908.0', 'United States');
INSERT into transportation_offices (id, shipping_office_id, name, address_id, latitude, longitude, gbloc, created_at, updated_at) VALUES ('4f056d6a-ae40-4fe4-bf32-c4d624b25fc4', NULL, 'Goodfellow AFB, Texas', '5420fc92-cfd4-49b1-a1d7-8d9ce560046e', 0.0000, 0.0000, '', now(), now());
INSERT into office_phone_lines (id, transportation_office_id, number, label, is_dsn_number, type, created_at, updated_at) VALUES ('c6031d43-0dbd-41c7-b132-87ef26aac26b', '4f056d6a-ae40-4fe4-bf32-c4d624b25fc4', '(325) 654-3707', 'Customer Service', true, 'Voice', now(), now());
INSERT into office_emails (id, transportation_office_id, email, label, created_at, updated_at) VALUES ('402df99d-241e-4e45-abe5-b042af588b0a', '4f056d6a-ae40-4fe4-bf32-c4d624b25fc4', '17LRS.tmo.hhg@us.af.mil', 'Personal Property/Passenger Service', now(), now());
INSERT into addresses (id, created_at, updated_at, street_address_1, city, state, postal_code, country) VALUES ('d595a656-ef1c-4a2a-a14f-746cb5700668', now(), now(), '158 Cody Road', 'Goodfellow AFB', 'TX', '76908.0', 'United States');
INSERT into duty_stations (id, created_at, updated_at, name, affiliation, address_id, transportation_office_id) VALUES ('e2ec7d94-b6d3-43c7-8aa4-c9ccb281e64f', now(), now(), 'Goodfellow AFB', 'AIR_FORCE', 'd595a656-ef1c-4a2a-a14f-746cb5700668', '4f056d6a-ae40-4fe4-bf32-c4d624b25fc4');

INSERT into addresses (id, created_at, updated_at, street_address_1, city, state, postal_code, country) VALUES ('289bd165-697f-487d-8d9e-936fbbe8e006', now(), now(), '540 Airlift Dr', 'Travis AFB', 'CA', '94535.0', 'United States');
INSERT into transportation_offices (id, shipping_office_id, name, address_id, latitude, longitude, gbloc, created_at, updated_at) VALUES ('f511c523-61d5-488f-9395-deba02c092a4', NULL, 'Travis AFB', '289bd165-697f-487d-8d9e-936fbbe8e006', 0.0000, 0.0000, '', now(), now());
INSERT into office_phone_lines (id, transportation_office_id, number, label, is_dsn_number, type, created_at, updated_at) VALUES ('038de90f-68f2-4a8e-aa4e-18849130a2bb', 'f511c523-61d5-488f-9395-deba02c092a4', '(707) 424-4180', 'Customer Service', true, 'Voice', now(), now());
INSERT into office_emails (id, transportation_office_id, email, label, created_at, updated_at) VALUES ('9d93fe48-6586-4c9e-84d4-7add828075b0', 'f511c523-61d5-488f-9395-deba02c092a4', 'personal.property-02@us.af.mil', 'Customer Service', now(), now());
INSERT into addresses (id, created_at, updated_at, street_address_1, city, state, postal_code, country) VALUES ('8768ffa2-7977-4907-a816-b8db4ec39f93', now(), now(), '', 'Moffett Field', 'CA', '94035.0', 'United States');
INSERT into duty_stations (id, created_at, updated_at, name, affiliation, address_id, transportation_office_id) VALUES ('679131b1-defd-40fb-be25-9eb3b85d96fa', now(), now(), 'Moffett Federal Airfield', 'AIR_FORCE', '8768ffa2-7977-4907-a816-b8db4ec39f93', 'f511c523-61d5-488f-9395-deba02c092a4');

