--
-- PostgreSQL database dump
--

-- Dumped from database version 12.2 (Debian 12.2-2.pgdg100+1)
-- Dumped by pg_dump version 13.1

SET statement_timeout = 0;
SET lock_timeout = 0;
SET idle_in_transaction_session_timeout = 0;
SET client_encoding = 'UTF8';
SET standard_conforming_strings = on;
SELECT pg_catalog.set_config('search_path', '', false);
SET check_function_bodies = false;
SET xmloption = content;
SET client_min_messages = warning;
SET row_security = off;

--
-- Data for Name: re_services; Type: TABLE DATA; Schema: public; Owner: postgres
--

INSERT INTO re_services (id, code, name, created_at, updated_at, priority) VALUES ('68417bd7-4a9d-4472-941e-2ba6aeaf15f4', 'DCRT', 'Dom. Crating', '2021-01-12 00:55:31.398658', '2021-01-12 00:55:31.398658', 99);
INSERT INTO re_services (id, code, name, created_at, updated_at, priority) VALUES ('86203d72-7f7c-49ff-82f0-5b95e4958f60', 'ICRT', 'Int''l. Crating', '2021-01-12 00:55:31.398658', '2021-01-12 00:55:31.398658', 99);
INSERT INTO re_services (id, code, name, created_at, updated_at, priority) VALUES ('1130e612-94eb-49a7-973d-72f33685e551', 'MS', 'Shipment Mgmt. Services', '2021-01-12 00:55:31.398658', '2021-01-12 00:55:31.664587', 99);
INSERT INTO re_services (id, code, name, created_at, updated_at, priority) VALUES ('9dc919da-9b66-407b-9f17-05c0f03fcb50', 'CS', 'Counseling Services', '2021-01-12 00:55:31.398658', '2021-01-12 00:55:31.664587', 99);
INSERT INTO re_services (id, code, name, created_at, updated_at, priority) VALUES ('998beda7-e390-4a83-b15e-578a24326937', 'DOFSIT', 'Dom. Origin 1st Day SIT', '2021-01-12 00:55:31.398658', '2021-01-12 00:55:31.664587', 99);
INSERT INTO re_services (id, code, name, created_at, updated_at, priority) VALUES ('05eb6ff1-5cf6-4918-b887-8260dda6b9fe', 'DOASIT', 'Dom. Origin Add''l SIT', '2021-01-12 00:55:31.398658', '2021-01-12 00:55:31.664587', 99);
INSERT INTO re_services (id, code, name, created_at, updated_at, priority) VALUES ('d1a4f062-0ca3-4387-8f8e-3dd20493d0b7', 'DOPSIT', 'Dom. Origin SIT Pickup', '2021-01-12 00:55:31.398658', '2021-01-12 00:55:31.664587', 99);
INSERT INTO re_services (id, code, name, created_at, updated_at, priority) VALUES ('15f01bc1-0754-4341-8e0f-25c8f04d5a77', 'DUPK', 'Dom. Unpacking', '2021-01-12 00:55:31.398658', '2021-01-12 00:55:31.664587', 99);
INSERT INTO re_services (id, code, name, created_at, updated_at, priority) VALUES ('fc14935b-ebd3-4df3-940b-f30e71b6a56c', 'DUCRT', 'Dom. Uncrating', '2021-01-12 00:55:31.398658', '2021-01-12 00:55:31.664587', 99);
INSERT INTO re_services (id, code, name, created_at, updated_at, priority) VALUES ('d979e8af-501a-44bb-8532-2799753a5810', 'DOSHUT', 'Dom. Origin Shuttle Service', '2021-01-12 00:55:31.398658', '2021-01-12 00:55:31.664587', 99);
INSERT INTO re_services (id, code, name, created_at, updated_at, priority) VALUES ('133bc44a-2c0f-4ff9-a61d-9f2dad349d14', 'IOOUB', 'Int''l. O->O UB', '2021-01-12 00:55:31.398658', '2021-01-12 00:55:31.664587', 99);
INSERT INTO re_services (id, code, name, created_at, updated_at, priority) VALUES ('16949697-6171-47aa-bcd4-479995cc5206', 'ICOUB', 'Int''l. C->O UB', '2021-01-12 00:55:31.398658', '2021-01-12 00:55:31.664587', 99);
INSERT INTO re_services (id, code, name, created_at, updated_at, priority) VALUES ('7f14f357-f2ae-42b9-b834-5ab24c2cd2af', 'IOCUB', 'Int''l. O->C UB', '2021-01-12 00:55:31.398658', '2021-01-12 00:55:31.664587', 99);
INSERT INTO re_services (id, code, name, created_at, updated_at, priority) VALUES ('56e91c2d-015d-4243-9657-3ed34867abaa', 'IHUPK', 'Int''l. HHG Unpack', '2021-01-12 00:55:31.398658', '2021-01-12 00:55:31.664587', 99);
INSERT INTO re_services (id, code, name, created_at, updated_at, priority) VALUES ('ae84d292-f885-4138-86e2-b451855ffbf2', 'IUBPK', 'Int''l. UB Pack', '2021-01-12 00:55:31.398658', '2021-01-12 00:55:31.664587', 99);
INSERT INTO re_services (id, code, name, created_at, updated_at, priority) VALUES ('f2739142-97d1-40f3-a8f4-6a9daf390806', 'IUBUPK', 'Int''l. UB Unpack', '2021-01-12 00:55:31.398658', '2021-01-12 00:55:31.664587', 99);
INSERT INTO re_services (id, code, name, created_at, updated_at, priority) VALUES ('b488bf85-ea5e-49c8-ba5c-e2fa278ac806', 'IOFSIT', 'Int''l. Origin 1st Day SIT', '2021-01-12 00:55:31.398658', '2021-01-12 00:55:31.664587', 99);
INSERT INTO re_services (id, code, name, created_at, updated_at, priority) VALUES ('bd424e45-397b-4766-9712-de4ae3a2da36', 'IOASIT', 'Int''l. Origin Add''l Day SIT', '2021-01-12 00:55:31.398658', '2021-01-12 00:55:31.664587', 99);
INSERT INTO re_services (id, code, name, created_at, updated_at, priority) VALUES ('6f4f6e31-0675-4051-b659-89832259f390', 'IOPSIT', 'Int''l. Origin SIT Pickup', '2021-01-12 00:55:31.398658', '2021-01-12 00:55:31.664587', 99);
INSERT INTO re_services (id, code, name, created_at, updated_at, priority) VALUES ('4132416b-b1aa-42e7-98f2-0ac0a03e8a31', 'IUCRT', 'Int''l. Uncrating', '2021-01-12 00:55:31.398658', '2021-01-12 00:55:31.664587', 99);
INSERT INTO re_services (id, code, name, created_at, updated_at, priority) VALUES ('624a97c5-dfbf-4da9-a6e9-526b4f95af8d', 'IOSHUT', 'Int''l. Origin Shuttle Service', '2021-01-12 00:55:31.398658', '2021-01-12 00:55:31.664587', 99);
INSERT INTO re_services (id, code, name, created_at, updated_at, priority) VALUES ('7e1c4f99-0054-4fac-a302-1a07a1daf58e', 'NSTH', 'NonStd. HHG', '2021-01-12 00:55:31.398658', '2021-01-12 00:55:31.664587', 99);
INSERT INTO re_services (id, code, name, created_at, updated_at, priority) VALUES ('a68fa051-b09d-43f3-8290-f56fc89a4fe8', 'NSTUB', 'NonStd. UB', '2021-01-12 00:55:31.398658', '2021-01-12 00:55:31.664587', 99);
INSERT INTO re_services (id, code, name, created_at, updated_at, priority) VALUES ('d0561c49-e1a9-40b8-a739-3e639a9d77af', 'DDFSIT', 'Dom. Destination 1st Day SIT', '2021-01-12 00:55:31.664587', '2021-01-12 00:55:31.664587', 99);
INSERT INTO re_services (id, code, name, created_at, updated_at, priority) VALUES ('a0ead168-7469-4cb6-bc5b-2ebef5a38f92', 'DDASIT', 'Dom. Destination Add''l SIT', '2021-01-12 00:55:31.664587', '2021-01-12 00:55:31.664587', 99);
INSERT INTO re_services (id, code, name, created_at, updated_at, priority) VALUES ('5c80f3b5-548e-4077-9b8e-8d0390e73668', 'DDDSIT', 'Dom. Destination SIT Delivery', '2021-01-12 00:55:31.664587', '2021-01-12 00:55:31.664587', 99);
INSERT INTO re_services (id, code, name, created_at, updated_at, priority) VALUES ('556663e3-675a-4b06-8da3-e4f1e9a9d3cd', 'DDSHUT', 'Dom. Destination Shuttle Service', '2021-01-12 00:55:31.664587', '2021-01-12 00:55:31.664587', 99);
INSERT INTO re_services (id, code, name, created_at, updated_at, priority) VALUES ('bd6064ca-e780-4ab4-a37b-0ae98eebb244', 'IDFSIT', 'Int''l. Destination 1st Day SIT', '2021-01-12 00:55:31.664587', '2021-01-12 00:55:31.664587', 99);
INSERT INTO re_services (id, code, name, created_at, updated_at, priority) VALUES ('806c6d59-57ff-4a3f-9518-ebf29ba9cb10', 'IDASIT', 'Int''l. Destination Add''l Day SIT', '2021-01-12 00:55:31.664587', '2021-01-12 00:55:31.664587', 99);
INSERT INTO re_services (id, code, name, created_at, updated_at, priority) VALUES ('28389ee1-56cf-400c-aa52-1501ecdd7c69', 'IDDSIT', 'Int''l. Destination SIT Delivery', '2021-01-12 00:55:31.664587', '2021-01-12 00:55:31.664587', 99);
INSERT INTO re_services (id, code, name, created_at, updated_at, priority) VALUES ('22fc07ed-be15-4f50-b941-cbd38153b378', 'IDSHUT', 'Int''l. Destination Shuttle Service', '2021-01-12 00:55:31.664587', '2021-01-12 00:55:31.664587', 99);
INSERT INTO re_services (id, code, name, created_at, updated_at, priority) VALUES ('4780b30c-e846-437a-b39a-c499a6b09872', 'FSC', 'Fuel Surcharge', '2021-01-12 00:55:31.664587', '2021-01-12 00:55:31.664587', 99);
INSERT INTO re_services (id, code, name, created_at, updated_at, priority) VALUES ('dbd3a39a-6bb9-42da-b81a-9229df7019cf', 'DMHF', 'Dom. Mobile Home Factor', '2021-01-12 00:55:31.664587', '2021-01-12 00:55:31.664587', 99);
INSERT INTO re_services (id, code, name, created_at, updated_at, priority) VALUES ('0e45b6f5-f2f5-4235-94e4-7b4cb899eb5d', 'DBTF', 'Dom. Tow Away Boat Factor', '2021-01-12 00:55:31.664587', '2021-01-12 00:55:31.664587', 99);
INSERT INTO re_services (id, code, name, created_at, updated_at, priority) VALUES ('2471cc2d-6ed5-4ecc-9d43-db9711c8645b', 'DBHF', 'Dom. Haul Away Boat Factor', '2021-01-12 00:55:31.664587', '2021-01-12 00:55:31.664587', 99);
INSERT INTO re_services (id, code, name, created_at, updated_at, priority) VALUES ('20998cfd-bfc7-410b-a3c5-d709ead4f94e', 'IBTF', 'Int’l. Tow Away Boat Factor', '2021-01-12 00:55:31.664587', '2021-01-12 00:55:31.664587', 99);
INSERT INTO re_services (id, code, name, created_at, updated_at, priority) VALUES ('387b9654-5685-4ac9-b213-81962be9c145', 'IBHF', 'Int’l. Haul Away Boat Factor', '2021-01-12 00:55:31.664587', '2021-01-12 00:55:31.664587', 99);
INSERT INTO re_services (id, code, name, created_at, updated_at, priority) VALUES ('3cc83af7-ecb9-4b33-bbc6-ff1459f001e2', 'DNPKF', 'Dom. NTS Packing Factor', '2021-01-12 00:55:31.664587', '2021-01-12 00:55:31.664587', 99);
INSERT INTO re_services (id, code, name, created_at, updated_at, priority) VALUES ('874cb86a-bc39-4f57-a614-53ee3fcacf14', 'INPKF', 'Int’l. NTS Packing Factor', '2021-01-12 00:55:31.664587', '2021-01-12 00:55:31.664587', 99);
INSERT INTO re_services (id, code, name, created_at, updated_at, priority) VALUES ('84d53f9a-ad54-4d79-87ad-68a5e7af6912', 'DCRTSA', 'Dom. Crating - Standalone', '2021-01-12 00:55:35.158473', '2021-01-12 00:55:35.158473', 99);
INSERT INTO re_services (id, code, name, created_at, updated_at, priority) VALUES ('021791b8-26ca-4494-a3d1-6945e4dde387', 'ICRTSA', 'Int''l. Crating - Standalone', '2021-01-12 00:55:35.158473', '2021-01-12 00:55:35.158473', 99);
INSERT INTO re_services (id, code, name, created_at, updated_at, priority) VALUES ('50f1179a-3b72-4fa1-a951-fe5bcc70bd14', 'DDP', 'Dom. Destination Price', '2021-01-12 00:55:31.664587', '2021-01-12 00:55:31.664587', 1);
INSERT INTO re_services (id, code, name, created_at, updated_at, priority) VALUES ('8d600f25-1def-422d-b159-617c7d59156e', 'DLH', 'Dom. Linehaul', '2021-01-12 00:55:31.398658', '2021-01-12 00:55:31.398658', 1);
INSERT INTO re_services (id, code, name, created_at, updated_at, priority) VALUES ('2bc3e5cb-adef-46b1-bde9-55570bfdd43e', 'DOP', 'Dom. Origin Price', '2021-01-12 00:55:31.398658', '2021-01-12 00:55:31.664587', 1);
INSERT INTO re_services (id, code, name, created_at, updated_at, priority) VALUES ('bdea5a8d-f15f-47d2-85c9-bba5694802ce', 'DPK', 'Dom. Packing', '2021-01-12 00:55:31.398658', '2021-01-12 00:55:31.398658', 1);
INSERT INTO re_services (id, code, name, created_at, updated_at, priority) VALUES ('4b85962e-25d3-4485-b43c-2497c4365598', 'DSH', 'Dom. Shorthaul', '2021-01-12 00:55:31.398658', '2021-01-12 00:55:31.398658', 1);
INSERT INTO re_services (id, code, name, created_at, updated_at, priority) VALUES ('07051352-4715-49b5-88e7-045b7541919d', 'ICOLH', 'Int''l. C->O Shipping & LH', '2021-01-12 00:55:31.398658', '2021-01-12 00:55:31.664587', 1);
INSERT INTO re_services (id, code, name, created_at, updated_at, priority) VALUES ('67ba1eaf-6ffd-49de-9a69-497be7789877', 'IHPK', 'Int''l. HHG Pack', '2021-01-12 00:55:31.398658', '2021-01-12 00:55:31.664587', 1);
INSERT INTO re_services (id, code, name, created_at, updated_at, priority) VALUES ('d0bb2cae-838a-4fc7-8efc-f7c6ad57431d', 'IOCLH', 'Int''l. O->C Shipping & LH', '2021-01-12 00:55:31.398658', '2021-01-12 00:55:31.664587', 1);
INSERT INTO re_services (id, code, name, created_at, updated_at, priority) VALUES ('56bb94cd-f160-4239-a028-b31ffc641eb7', 'IOOLH', 'Int''l. O->O Shipping & LH', '2021-01-12 00:55:31.398658', '2021-01-12 00:55:31.664587', 1);


--
-- Data for Name: service_item_param_keys; Type: TABLE DATA; Schema: public; Owner: postgres
--

INSERT INTO service_item_param_keys (id, key, description, type, origin, created_at, updated_at) VALUES ('164050e3-e35b-480d-bf6e-ed2fab86f370', 'RequestedPickupDate', 'Customer requested pick up date', 'DATE', 'PRIME', '2021-01-12 00:55:33.046208', '2021-01-12 00:55:33.046208');
INSERT INTO service_item_param_keys (id, key, description, type, origin, created_at, updated_at) VALUES ('8c0c57e2-0acc-4319-9757-59608936a154', 'NumberDaysSIT', 'Number of days in SIT', 'INTEGER', 'PRIME', '2021-01-12 00:55:33.046208', '2021-01-12 00:55:33.046208');
INSERT INTO service_item_param_keys (id, key, description, type, origin, created_at, updated_at) VALUES ('02e6ab7a-818e-4a90-92a3-709019ba36a1', 'MarketOrigin', 'Origin market', 'STRING', 'PRIME', '2021-01-12 00:55:33.046208', '2021-01-12 00:55:33.046208');
INSERT INTO service_item_param_keys (id, key, description, type, origin, created_at, updated_at) VALUES ('6a6cb0e2-d9e4-4155-b57c-0af0ea87dc06', 'MarketDest', 'Dest market', 'STRING', 'PRIME', '2021-01-12 00:55:33.046208', '2021-01-12 00:55:33.046208');
INSERT INTO service_item_param_keys (id, key, description, type, origin, created_at, updated_at) VALUES ('1df2468b-8fb4-4371-b8ce-3c05d7da2050', 'CanStandAlone', 'Can stand alone', 'STRING', 'PRIME', '2021-01-12 00:55:33.046208', '2021-01-12 00:55:33.046208');
INSERT INTO service_item_param_keys (id, key, description, type, origin, created_at, updated_at) VALUES ('b9739817-6408-4829-8719-1e26f8a9ceb3', 'WeightBilledActual', 'Billed actual weight', 'INTEGER', 'SYSTEM', '2021-01-12 00:55:33.046208', '2021-01-12 00:55:33.046208');
INSERT INTO service_item_param_keys (id, key, description, type, origin, created_at, updated_at) VALUES ('0c95581d-67de-48ae-a54b-a3748851d613', 'WeightActual', 'Actual weight', 'INTEGER', 'PRIME', '2021-01-12 00:55:33.046208', '2021-01-12 00:55:33.046208');
INSERT INTO service_item_param_keys (id, key, description, type, origin, created_at, updated_at) VALUES ('b79978a7-21b7-4656-af83-25585acffb20', 'WeightEstimated', 'Estimated weight', 'INTEGER', 'PRIME', '2021-01-12 00:55:33.046208', '2021-01-12 00:55:33.046208');
INSERT INTO service_item_param_keys (id, key, description, type, origin, created_at, updated_at) VALUES ('1fe986ae-dbff-4fe1-b528-714560f7d2f5', 'CubicFeetBilled', 'Billed cubic feet', 'INTEGER', 'SYSTEM', '2021-01-12 00:55:33.046208', '2021-01-12 00:55:33.046208');
INSERT INTO service_item_param_keys (id, key, description, type, origin, created_at, updated_at) VALUES ('9dcab9f4-aac4-4639-a11c-d85be1560b95', 'CubicFeetCrating', 'Crating cubic feet', 'INTEGER', 'PRIME', '2021-01-12 00:55:33.046208', '2021-01-12 00:55:33.046208');
INSERT INTO service_item_param_keys (id, key, description, type, origin, created_at, updated_at) VALUES ('7a99efc3-df2b-401f-ae56-f293517afbde', 'DistanceZip3', 'Distance using ZIP3', 'INTEGER', 'SYSTEM', '2021-01-12 00:55:33.046208', '2021-01-12 00:55:33.046208');
INSERT INTO service_item_param_keys (id, key, description, type, origin, created_at, updated_at) VALUES ('60b0d960-eb2e-4597-846b-d97720493799', 'DistanceZip5', 'Distance using ZIP5', 'INTEGER', 'SYSTEM', '2021-01-12 00:55:33.046208', '2021-01-12 00:55:33.046208');
INSERT INTO service_item_param_keys (id, key, description, type, origin, created_at, updated_at) VALUES ('f9753611-4b3e-4bf5-8e00-6d9ce9900f50', 'DistanceZip5SITOrigin', 'Distance from pickup address to SIT facility ZIP', 'INTEGER', 'SYSTEM', '2021-01-12 00:55:33.046208', '2021-01-12 00:55:33.046208');
INSERT INTO service_item_param_keys (id, key, description, type, origin, created_at, updated_at) VALUES ('45ede48b-364d-473a-8c61-0f520a6a4e04', 'DistanceZip5SITDest', 'Distance from  SIT facility ZIP to destination address', 'INTEGER', 'SYSTEM', '2021-01-12 00:55:33.046208', '2021-01-12 00:55:33.046208');
INSERT INTO service_item_param_keys (id, key, description, type, origin, created_at, updated_at) VALUES ('e6096350-9ac4-40aa-90c4-bbdff6e0b194', 'ZipPickupAddress', 'Pickup address ZIP', 'STRING', 'PRIME', '2021-01-12 00:55:33.046208', '2021-01-12 00:55:33.046208');
INSERT INTO service_item_param_keys (id, key, description, type, origin, created_at, updated_at) VALUES ('45fce5ce-6a4c-4a6c-ab37-16ee0133628c', 'ZipDestAddress', 'Destination address ZIP', 'STRING', 'PRIME', '2021-01-12 00:55:33.046208', '2021-01-12 00:55:33.046208');
INSERT INTO service_item_param_keys (id, key, description, type, origin, created_at, updated_at) VALUES ('70eecf7f-beae-4906-95ba-cbfe6797cf3a', 'ZipSITAddress', 'SIT facility address ZIP', 'STRING', 'PRIME', '2021-01-12 00:55:33.046208', '2021-01-12 00:55:33.046208');
INSERT INTO service_item_param_keys (id, key, description, type, origin, created_at, updated_at) VALUES ('599bbc21-8d1d-4039-9a89-ff52e3582144', 'ServiceAreaOrigin', 'Origin service area', 'STRING', 'SYSTEM', '2021-01-12 00:55:33.046208', '2021-01-12 00:55:33.046208');
INSERT INTO service_item_param_keys (id, key, description, type, origin, created_at, updated_at) VALUES ('af92f0ca-f669-4483-95d2-d66e9c0c69e4', 'ServiceAreaDest', 'Destination service area', 'STRING', 'SYSTEM', '2021-01-12 00:55:33.046208', '2021-01-12 00:55:33.046208');
INSERT INTO service_item_param_keys (id, key, description, type, origin, created_at, updated_at) VALUES ('86f9b2b6-6315-409f-a563-e91998a5043f', 'PriceAreaOrigin', 'Origin price area', 'STRING', 'SYSTEM', '2021-01-12 00:55:33.046208', '2021-01-12 00:55:33.046208');
INSERT INTO service_item_param_keys (id, key, description, type, origin, created_at, updated_at) VALUES ('07e3ff12-0717-4661-a4e1-dca325da0fcc', 'PriceAreaDest', 'Dest orice area', 'STRING', 'SYSTEM', '2021-01-12 00:55:33.046208', '2021-01-12 00:55:33.046208');
INSERT INTO service_item_param_keys (id, key, description, type, origin, created_at, updated_at) VALUES ('6d44624c-b91b-4226-8fcd-98046e2f433d', 'PriceAreaIntlOrigin', 'Intl origin price area', 'STRING', 'PRIME', '2021-01-12 00:55:33.046208', '2021-01-12 00:55:33.046208');
INSERT INTO service_item_param_keys (id, key, description, type, origin, created_at, updated_at) VALUES ('4736f489-dfda-4df1-a303-8c434a120d5d', 'PriceAreaIntlDest', 'Intl dest price area', 'STRING', 'PRIME', '2021-01-12 00:55:33.046208', '2021-01-12 00:55:33.046208');
INSERT INTO service_item_param_keys (id, key, description, type, origin, created_at, updated_at) VALUES ('0f564bdd-153c-44af-97ae-117b62339c02', 'RateAreaNonStdOrigin', 'Origin non std rate area', 'STRING', 'PRIME', '2021-01-12 00:55:33.046208', '2021-01-12 00:55:33.046208');
INSERT INTO service_item_param_keys (id, key, description, type, origin, created_at, updated_at) VALUES ('73060cd4-15fd-4d6d-9d38-9f362c7da7af', 'RateAreaNonStdDest', 'Destination non std rate area', 'STRING', 'PRIME', '2021-01-12 00:55:33.046208', '2021-01-12 00:55:33.046208');
INSERT INTO service_item_param_keys (id, key, description, type, origin, created_at, updated_at) VALUES ('b051e180-4435-4dc1-b3b1-dbde8f1ba8ae', 'PSI_LinehaulDom', 'Payment service item domestic linehaul', 'PaymentServiceItemUUID', 'SYSTEM', '2021-01-12 00:55:33.046208', '2021-01-12 00:55:33.046208');
INSERT INTO service_item_param_keys (id, key, description, type, origin, created_at, updated_at) VALUES ('eeabaff6-3b6c-4637-80a2-bfe3efad335c', 'PSI_LinehaulDomPrice', 'Payment service item domestic linehaul price', 'DECIMAL', 'SYSTEM', '2021-01-12 00:55:33.046208', '2021-01-12 00:55:33.046208');
INSERT INTO service_item_param_keys (id, key, description, type, origin, created_at, updated_at) VALUES ('30eb55c4-f8e2-4b83-8e40-3e734c292841', 'PSI_LinehaulShort', 'Payment service item short linehaul', 'PaymentServiceItemUUID', 'SYSTEM', '2021-01-12 00:55:33.046208', '2021-01-12 00:55:33.046208');
INSERT INTO service_item_param_keys (id, key, description, type, origin, created_at, updated_at) VALUES ('137a75a5-2d05-4c23-aef9-999c8e0418fc', 'PSI_LinehaulShortPrice', 'Payment service item short linehaul price', 'DECIMAL', 'SYSTEM', '2021-01-12 00:55:33.046208', '2021-01-12 00:55:33.046208');
INSERT INTO service_item_param_keys (id, key, description, type, origin, created_at, updated_at) VALUES ('4f029437-2ba3-4d5d-b25f-c43c6aeb7077', 'PSI_PriceDomOrigin', 'Payment service item domestic origin', 'PaymentServiceItemUUID', 'SYSTEM', '2021-01-12 00:55:33.046208', '2021-01-12 00:55:33.046208');
INSERT INTO service_item_param_keys (id, key, description, type, origin, created_at, updated_at) VALUES ('bfb33051-301a-4cd0-8271-e681e78ee095', 'PSI_PriceDomOriginPrice', 'Payment service item domestic origin price', 'DECIMAL', 'SYSTEM', '2021-01-12 00:55:33.046208', '2021-01-12 00:55:33.046208');
INSERT INTO service_item_param_keys (id, key, description, type, origin, created_at, updated_at) VALUES ('7ae62314-55f1-4fef-8b3d-c83edda9a4fd', 'PSI_PriceDomDest', 'Payment service item domestic destination', 'PaymentServiceItemUUID', 'SYSTEM', '2021-01-12 00:55:33.046208', '2021-01-12 00:55:33.046208');
INSERT INTO service_item_param_keys (id, key, description, type, origin, created_at, updated_at) VALUES ('6d1e8e68-4dcc-4ece-b96d-61ee3dfd67ea', 'PSI_PriceDomDestPrice', 'Payment service item domestic destination price', 'DECIMAL', 'SYSTEM', '2021-01-12 00:55:33.046208', '2021-01-12 00:55:33.046208');
INSERT INTO service_item_param_keys (id, key, description, type, origin, created_at, updated_at) VALUES ('2e913e12-ac88-4425-bc89-a6bccb12734b', 'PSI_ShippingLinehaulIntlCO', 'Payment service item intl CO shipping & linehaul', 'PaymentServiceItemUUID', 'SYSTEM', '2021-01-12 00:55:33.046208', '2021-01-12 00:55:33.046208');
INSERT INTO service_item_param_keys (id, key, description, type, origin, created_at, updated_at) VALUES ('8d3af988-0e2f-4ee0-9fbb-3df9235d01df', 'PSI_ShippingLinehaulIntlCOPrice', 'Payment service item intl CO shipping & linehaul Price', 'DECIMAL', 'SYSTEM', '2021-01-12 00:55:33.046208', '2021-01-12 00:55:33.046208');
INSERT INTO service_item_param_keys (id, key, description, type, origin, created_at, updated_at) VALUES ('d5900ed8-f5e6-49a1-af4c-6958c1190500', 'PSI_ShippingLinehaulIntlOC', 'Intl OC shipping & linehaul', 'PaymentServiceItemUUID', 'SYSTEM', '2021-01-12 00:55:33.046208', '2021-01-12 00:55:33.046208');
INSERT INTO service_item_param_keys (id, key, description, type, origin, created_at, updated_at) VALUES ('c2813d4f-918a-450a-9b76-a1aa0a58b987', 'PSI_ShippingLinehaulIntlOCPrice', 'Intl OC shipping & linehaul price', 'DECIMAL', 'SYSTEM', '2021-01-12 00:55:33.046208', '2021-01-12 00:55:33.046208');
INSERT INTO service_item_param_keys (id, key, description, type, origin, created_at, updated_at) VALUES ('afb75a59-8c88-4355-b55e-cc9eda672a55', 'PSI_ShippingLinehaulIntlOO', 'Intl OO shipping & linehaul', 'PaymentServiceItemUUID', 'SYSTEM', '2021-01-12 00:55:33.046208', '2021-01-12 00:55:33.046208');
INSERT INTO service_item_param_keys (id, key, description, type, origin, created_at, updated_at) VALUES ('421a4330-accc-44f4-9418-86fd5fc6195a', 'PSI_ShippingLinehaulIntlOOPrice', 'Intl OO shipping & linehaul price', 'DECIMAL', 'SYSTEM', '2021-01-12 00:55:33.046208', '2021-01-12 00:55:33.046208');
INSERT INTO service_item_param_keys (id, key, description, type, origin, created_at, updated_at) VALUES ('0891eda2-bbba-4f04-bf84-e5266b059f76', 'PSI_PackingDom', 'Domestic packing', 'PaymentServiceItemUUID', 'SYSTEM', '2021-01-12 00:55:33.046208', '2021-01-12 00:55:33.046208');
INSERT INTO service_item_param_keys (id, key, description, type, origin, created_at, updated_at) VALUES ('ce6cd6db-d2af-4f0a-a17b-63bfb12f47a0', 'PSI_PackingDomPrice', 'Domestic packing price', 'DECIMAL', 'SYSTEM', '2021-01-12 00:55:33.046208', '2021-01-12 00:55:33.046208');
INSERT INTO service_item_param_keys (id, key, description, type, origin, created_at, updated_at) VALUES ('30bfc8e7-5219-4204-87e0-e96c46fcfe32', 'PSI_PackingHHGIntl', 'Intl HHG packing', 'PaymentServiceItemUUID', 'SYSTEM', '2021-01-12 00:55:33.046208', '2021-01-12 00:55:33.046208');
INSERT INTO service_item_param_keys (id, key, description, type, origin, created_at, updated_at) VALUES ('5ec93806-b0a2-48e2-b7c7-fd1fce4eead0', 'PSI_PackingHHGIntlPrice', 'Intl HHG packing price', 'DECIMAL', 'SYSTEM', '2021-01-12 00:55:33.046208', '2021-01-12 00:55:33.046208');
INSERT INTO service_item_param_keys (id, key, description, type, origin, created_at, updated_at) VALUES ('958e43d9-a10c-4cf9-9737-4103f9d2de29', 'MTOAvailableToPrimeAt', 'Timestamp MTO was made available to prime', 'TIMESTAMP', 'SYSTEM', '2021-01-12 00:55:35.477572', '2021-01-12 00:55:35.477572');
INSERT INTO service_item_param_keys (id, key, description, type, origin, created_at, updated_at) VALUES ('a1d31d35-c87d-4a7d-b0b8-8b2646b96e43', 'ContractCode', 'Contract code to be used for pricing', 'STRING', 'SYSTEM', '2021-01-12 00:55:35.540508', '2021-01-12 00:55:35.540508');
INSERT INTO service_item_param_keys (id, key, description, type, origin, created_at, updated_at) VALUES ('14a93209-370d-42f3-8ca2-479c953be839', 'ActualPickupDate', 'Actual pickup date of the shipment', 'DATE', 'PRIME', '2021-01-12 00:55:40.451511', '2021-01-12 00:55:40.451511');
INSERT INTO service_item_param_keys (id, key, description, type, origin, created_at, updated_at) VALUES ('54c9cc4e-0d46-4956-b92e-be9847f894de', 'FSCWeightBasedDistanceMultiplier', 'Cost multiplier applied per mile based on the shipment weight', 'DECIMAL', 'SYSTEM', '2021-01-12 00:55:40.451511', '2021-01-12 00:55:40.451511');
INSERT INTO service_item_param_keys (id, key, description, type, origin, created_at, updated_at) VALUES ('edeb108a-3aa8-4e7c-9571-de81951cbb51', 'SITScheduleOrigin', 'Origin SIT schedule', 'INTEGER', 'SYSTEM', '2021-01-12 00:55:33.046208', '2021-01-12 00:55:33.046208');
INSERT INTO service_item_param_keys (id, key, description, type, origin, created_at, updated_at) VALUES ('5a3cf5bb-2bbf-4af6-8966-143d52d8f94b', 'SITScheduleDest', 'Dest SIT schedule', 'INTEGER', 'SYSTEM', '2021-01-12 00:55:33.046208', '2021-01-12 00:55:33.046208');
INSERT INTO service_item_param_keys (id, key, description, type, origin, created_at, updated_at) VALUES ('cd37b2a6-ac7d-4c93-a148-ca67f7f67cff', 'ServicesScheduleOrigin', 'Origin services schedule', 'INTEGER', 'SYSTEM', '2021-01-12 00:55:33.046208', '2021-01-12 00:55:33.046208');
INSERT INTO service_item_param_keys (id, key, description, type, origin, created_at, updated_at) VALUES ('33751a6a-0a20-4ee2-9e46-ece2c1e997ba', 'ServicesScheduleDest', 'Dest services schedule', 'INTEGER', 'SYSTEM', '2021-01-12 00:55:33.046208', '2021-01-12 00:55:33.046208');
INSERT INTO service_item_param_keys (id, key, description, type, origin, created_at, updated_at) VALUES ('adeb57e5-6b1c-4c0f-b5c9-9e57e600303f', 'EIAFuelPrice', 'EIA diesel fuel price', 'INTEGER', 'SYSTEM', '2021-01-12 00:55:33.046208', '2021-01-12 00:55:33.046208');



-- Data for Name: service_params; Type: TABLE DATA; Schema: public; Owner: postgres
--

INSERT INTO service_params (id, service_id, service_item_param_key_id, created_at, updated_at) VALUES ('01f34b3c-7491-49da-862d-c8e2de8d64c9', '8d600f25-1def-422d-b159-617c7d59156e', '164050e3-e35b-480d-bf6e-ed2fab86f370', '2021-01-12 00:55:33.046208', '2021-01-12 00:55:33.046208');
INSERT INTO service_params (id, service_id, service_item_param_key_id, created_at, updated_at) VALUES ('48f59a0b-3afe-499c-a0c0-917d7691161f', '8d600f25-1def-422d-b159-617c7d59156e', '7a99efc3-df2b-401f-ae56-f293517afbde', '2021-01-12 00:55:33.046208', '2021-01-12 00:55:33.046208');
INSERT INTO service_params (id, service_id, service_item_param_key_id, created_at, updated_at) VALUES ('a1d0aa66-213e-4d10-8f20-8745237ce295', '8d600f25-1def-422d-b159-617c7d59156e', 'e6096350-9ac4-40aa-90c4-bbdff6e0b194', '2021-01-12 00:55:33.046208', '2021-01-12 00:55:33.046208');
INSERT INTO service_params (id, service_id, service_item_param_key_id, created_at, updated_at) VALUES ('2c1a9989-b8c8-4ebf-8a5f-bd1bc2021a5e', '8d600f25-1def-422d-b159-617c7d59156e', '45fce5ce-6a4c-4a6c-ab37-16ee0133628c', '2021-01-12 00:55:33.046208', '2021-01-12 00:55:33.046208');
INSERT INTO service_params (id, service_id, service_item_param_key_id, created_at, updated_at) VALUES ('3dab2ac4-3ef1-423e-9500-6c778230de2a', '8d600f25-1def-422d-b159-617c7d59156e', 'b9739817-6408-4829-8719-1e26f8a9ceb3', '2021-01-12 00:55:33.046208', '2021-01-12 00:55:33.046208');
INSERT INTO service_params (id, service_id, service_item_param_key_id, created_at, updated_at) VALUES ('99d91769-0ce8-4b84-ab62-3ec2195d53cf', '8d600f25-1def-422d-b159-617c7d59156e', '0c95581d-67de-48ae-a54b-a3748851d613', '2021-01-12 00:55:33.046208', '2021-01-12 00:55:33.046208');
INSERT INTO service_params (id, service_id, service_item_param_key_id, created_at, updated_at) VALUES ('fe5277d4-ca03-480c-830d-fc83ff446e1d', '8d600f25-1def-422d-b159-617c7d59156e', 'b79978a7-21b7-4656-af83-25585acffb20', '2021-01-12 00:55:33.046208', '2021-01-12 00:55:33.046208');
INSERT INTO service_params (id, service_id, service_item_param_key_id, created_at, updated_at) VALUES ('512825bd-98f6-4b1c-aa1a-d1f5b2405934', '8d600f25-1def-422d-b159-617c7d59156e', '599bbc21-8d1d-4039-9a89-ff52e3582144', '2021-01-12 00:55:33.046208', '2021-01-12 00:55:33.046208');
INSERT INTO service_params (id, service_id, service_item_param_key_id, created_at, updated_at) VALUES ('452f9b29-e17c-499e-aa32-83eea5757ed4', '4b85962e-25d3-4485-b43c-2497c4365598', '164050e3-e35b-480d-bf6e-ed2fab86f370', '2021-01-12 00:55:33.046208', '2021-01-12 00:55:33.046208');
INSERT INTO service_params (id, service_id, service_item_param_key_id, created_at, updated_at) VALUES ('f5067fa1-5f7b-4a8f-927b-386774cbc7dd', '4b85962e-25d3-4485-b43c-2497c4365598', '60b0d960-eb2e-4597-846b-d97720493799', '2021-01-12 00:55:33.046208', '2021-01-12 00:55:33.046208');
INSERT INTO service_params (id, service_id, service_item_param_key_id, created_at, updated_at) VALUES ('0ed4b90d-7346-4f16-95e4-0a6ce6ddd7e3', '4b85962e-25d3-4485-b43c-2497c4365598', 'e6096350-9ac4-40aa-90c4-bbdff6e0b194', '2021-01-12 00:55:33.046208', '2021-01-12 00:55:33.046208');
INSERT INTO service_params (id, service_id, service_item_param_key_id, created_at, updated_at) VALUES ('645278f1-a22c-459a-ab2f-d563fb21ebb2', '4b85962e-25d3-4485-b43c-2497c4365598', '45fce5ce-6a4c-4a6c-ab37-16ee0133628c', '2021-01-12 00:55:33.046208', '2021-01-12 00:55:33.046208');
INSERT INTO service_params (id, service_id, service_item_param_key_id, created_at, updated_at) VALUES ('d40c57d1-9777-4c53-ae50-5af782ec9e0e', '4b85962e-25d3-4485-b43c-2497c4365598', 'b9739817-6408-4829-8719-1e26f8a9ceb3', '2021-01-12 00:55:33.046208', '2021-01-12 00:55:33.046208');
INSERT INTO service_params (id, service_id, service_item_param_key_id, created_at, updated_at) VALUES ('62af6937-2db0-4e76-b2db-362b25fcd2d5', '4b85962e-25d3-4485-b43c-2497c4365598', '0c95581d-67de-48ae-a54b-a3748851d613', '2021-01-12 00:55:33.046208', '2021-01-12 00:55:33.046208');
INSERT INTO service_params (id, service_id, service_item_param_key_id, created_at, updated_at) VALUES ('ed1d97c3-82c5-4ec7-8f95-ba757abaf2db', '4b85962e-25d3-4485-b43c-2497c4365598', 'b79978a7-21b7-4656-af83-25585acffb20', '2021-01-12 00:55:33.046208', '2021-01-12 00:55:33.046208');
INSERT INTO service_params (id, service_id, service_item_param_key_id, created_at, updated_at) VALUES ('75a6a5a7-33bb-48c1-bf46-5e485a18ef69', '4b85962e-25d3-4485-b43c-2497c4365598', '599bbc21-8d1d-4039-9a89-ff52e3582144', '2021-01-12 00:55:33.046208', '2021-01-12 00:55:33.046208');
INSERT INTO service_params (id, service_id, service_item_param_key_id, created_at, updated_at) VALUES ('105d9f5a-003e-4f33-a3e8-323d60e3aea8', '2bc3e5cb-adef-46b1-bde9-55570bfdd43e', '164050e3-e35b-480d-bf6e-ed2fab86f370', '2021-01-12 00:55:33.046208', '2021-01-12 00:55:33.046208');
INSERT INTO service_params (id, service_id, service_item_param_key_id, created_at, updated_at) VALUES ('e779e7aa-791a-4775-8088-2e11e518d801', '2bc3e5cb-adef-46b1-bde9-55570bfdd43e', 'b9739817-6408-4829-8719-1e26f8a9ceb3', '2021-01-12 00:55:33.046208', '2021-01-12 00:55:33.046208');
INSERT INTO service_params (id, service_id, service_item_param_key_id, created_at, updated_at) VALUES ('a683dbcf-a155-42df-8748-053423fde238', '2bc3e5cb-adef-46b1-bde9-55570bfdd43e', '0c95581d-67de-48ae-a54b-a3748851d613', '2021-01-12 00:55:33.046208', '2021-01-12 00:55:33.046208');
INSERT INTO service_params (id, service_id, service_item_param_key_id, created_at, updated_at) VALUES ('0cb1fe2c-8e6d-478d-97b1-27337ce538eb', '2bc3e5cb-adef-46b1-bde9-55570bfdd43e', 'b79978a7-21b7-4656-af83-25585acffb20', '2021-01-12 00:55:33.046208', '2021-01-12 00:55:33.046208');
INSERT INTO service_params (id, service_id, service_item_param_key_id, created_at, updated_at) VALUES ('35891772-d117-4340-aac3-26048516cfa3', '2bc3e5cb-adef-46b1-bde9-55570bfdd43e', '599bbc21-8d1d-4039-9a89-ff52e3582144', '2021-01-12 00:55:33.046208', '2021-01-12 00:55:33.046208');
INSERT INTO service_params (id, service_id, service_item_param_key_id, created_at, updated_at) VALUES ('d2bc3cec-e8b4-4d70-8c83-f9085b097127', '2bc3e5cb-adef-46b1-bde9-55570bfdd43e', 'e6096350-9ac4-40aa-90c4-bbdff6e0b194', '2021-01-12 00:55:33.046208', '2021-01-12 00:55:33.046208');
INSERT INTO service_params (id, service_id, service_item_param_key_id, created_at, updated_at) VALUES ('b6dfdb0d-83aa-4f24-bbb4-fb83af8148a3', '50f1179a-3b72-4fa1-a951-fe5bcc70bd14', '164050e3-e35b-480d-bf6e-ed2fab86f370', '2021-01-12 00:55:33.046208', '2021-01-12 00:55:33.046208');
INSERT INTO service_params (id, service_id, service_item_param_key_id, created_at, updated_at) VALUES ('1d67b4e2-bbbb-4aa0-9e24-9c9fe7287ccc', '50f1179a-3b72-4fa1-a951-fe5bcc70bd14', 'b9739817-6408-4829-8719-1e26f8a9ceb3', '2021-01-12 00:55:33.046208', '2021-01-12 00:55:33.046208');
INSERT INTO service_params (id, service_id, service_item_param_key_id, created_at, updated_at) VALUES ('852c7886-d570-4bc0-a8a8-636e7e2bced3', '50f1179a-3b72-4fa1-a951-fe5bcc70bd14', '0c95581d-67de-48ae-a54b-a3748851d613', '2021-01-12 00:55:33.046208', '2021-01-12 00:55:33.046208');
INSERT INTO service_params (id, service_id, service_item_param_key_id, created_at, updated_at) VALUES ('0d1a8b82-bd47-49e2-bf64-469471b1ee7a', '50f1179a-3b72-4fa1-a951-fe5bcc70bd14', 'b79978a7-21b7-4656-af83-25585acffb20', '2021-01-12 00:55:33.046208', '2021-01-12 00:55:33.046208');
INSERT INTO service_params (id, service_id, service_item_param_key_id, created_at, updated_at) VALUES ('7b5bb8a7-62f6-47f4-9e1a-ef3d1dcbff90', '50f1179a-3b72-4fa1-a951-fe5bcc70bd14', 'af92f0ca-f669-4483-95d2-d66e9c0c69e4', '2021-01-12 00:55:33.046208', '2021-01-12 00:55:33.046208');
INSERT INTO service_params (id, service_id, service_item_param_key_id, created_at, updated_at) VALUES ('066d5bb8-9d11-40b5-bd91-808fd62da3e5', '50f1179a-3b72-4fa1-a951-fe5bcc70bd14', '45fce5ce-6a4c-4a6c-ab37-16ee0133628c', '2021-01-12 00:55:33.046208', '2021-01-12 00:55:33.046208');
INSERT INTO service_params (id, service_id, service_item_param_key_id, created_at, updated_at) VALUES ('4207774c-166e-490f-ae8a-69eb29f92ca8', '998beda7-e390-4a83-b15e-578a24326937', '164050e3-e35b-480d-bf6e-ed2fab86f370', '2021-01-12 00:55:33.046208', '2021-01-12 00:55:33.046208');
INSERT INTO service_params (id, service_id, service_item_param_key_id, created_at, updated_at) VALUES ('4f6c0dac-6865-4c0a-99e3-4d2da49860e2', '998beda7-e390-4a83-b15e-578a24326937', 'b9739817-6408-4829-8719-1e26f8a9ceb3', '2021-01-12 00:55:33.046208', '2021-01-12 00:55:33.046208');
INSERT INTO service_params (id, service_id, service_item_param_key_id, created_at, updated_at) VALUES ('a5c36a26-06ac-41ef-bc0b-645de8f0df1d', '998beda7-e390-4a83-b15e-578a24326937', '0c95581d-67de-48ae-a54b-a3748851d613', '2021-01-12 00:55:33.046208', '2021-01-12 00:55:33.046208');
INSERT INTO service_params (id, service_id, service_item_param_key_id, created_at, updated_at) VALUES ('16baae8b-404b-4a91-97cd-2f171e5ffbf9', '998beda7-e390-4a83-b15e-578a24326937', 'b79978a7-21b7-4656-af83-25585acffb20', '2021-01-12 00:55:33.046208', '2021-01-12 00:55:33.046208');
INSERT INTO service_params (id, service_id, service_item_param_key_id, created_at, updated_at) VALUES ('421e6c66-8961-4372-abdf-4137f75488cf', '998beda7-e390-4a83-b15e-578a24326937', '599bbc21-8d1d-4039-9a89-ff52e3582144', '2021-01-12 00:55:33.046208', '2021-01-12 00:55:33.046208');
INSERT INTO service_params (id, service_id, service_item_param_key_id, created_at, updated_at) VALUES ('06037204-4df7-4ca3-8a90-16c9481f27a1', '998beda7-e390-4a83-b15e-578a24326937', 'e6096350-9ac4-40aa-90c4-bbdff6e0b194', '2021-01-12 00:55:33.046208', '2021-01-12 00:55:33.046208');
INSERT INTO service_params (id, service_id, service_item_param_key_id, created_at, updated_at) VALUES ('0439e51f-f99f-4914-824a-c1c19513436a', 'd0561c49-e1a9-40b8-a739-3e639a9d77af', '164050e3-e35b-480d-bf6e-ed2fab86f370', '2021-01-12 00:55:33.046208', '2021-01-12 00:55:33.046208');
INSERT INTO service_params (id, service_id, service_item_param_key_id, created_at, updated_at) VALUES ('7c73ec45-a00f-4d4c-b9d5-adb49995252c', 'd0561c49-e1a9-40b8-a739-3e639a9d77af', 'b9739817-6408-4829-8719-1e26f8a9ceb3', '2021-01-12 00:55:33.046208', '2021-01-12 00:55:33.046208');
INSERT INTO service_params (id, service_id, service_item_param_key_id, created_at, updated_at) VALUES ('9df6c796-34b6-474c-beb9-40a306194fe1', 'd0561c49-e1a9-40b8-a739-3e639a9d77af', '0c95581d-67de-48ae-a54b-a3748851d613', '2021-01-12 00:55:33.046208', '2021-01-12 00:55:33.046208');
INSERT INTO service_params (id, service_id, service_item_param_key_id, created_at, updated_at) VALUES ('2017ff01-ad69-4ead-87a7-38cd244bc821', 'd0561c49-e1a9-40b8-a739-3e639a9d77af', 'b79978a7-21b7-4656-af83-25585acffb20', '2021-01-12 00:55:33.046208', '2021-01-12 00:55:33.046208');
INSERT INTO service_params (id, service_id, service_item_param_key_id, created_at, updated_at) VALUES ('092e23a1-6842-4967-806b-6f1b899349e2', 'd0561c49-e1a9-40b8-a739-3e639a9d77af', 'af92f0ca-f669-4483-95d2-d66e9c0c69e4', '2021-01-12 00:55:33.046208', '2021-01-12 00:55:33.046208');
INSERT INTO service_params (id, service_id, service_item_param_key_id, created_at, updated_at) VALUES ('d9712caa-fd8a-4f5a-825d-e934e22830b6', 'd0561c49-e1a9-40b8-a739-3e639a9d77af', '45fce5ce-6a4c-4a6c-ab37-16ee0133628c', '2021-01-12 00:55:33.046208', '2021-01-12 00:55:33.046208');
INSERT INTO service_params (id, service_id, service_item_param_key_id, created_at, updated_at) VALUES ('4e8e84f5-d254-4237-8a47-fa0cda5f7a5c', '05eb6ff1-5cf6-4918-b887-8260dda6b9fe', '164050e3-e35b-480d-bf6e-ed2fab86f370', '2021-01-12 00:55:33.046208', '2021-01-12 00:55:33.046208');
INSERT INTO service_params (id, service_id, service_item_param_key_id, created_at, updated_at) VALUES ('5f51ba93-d0e8-4ae0-8195-b937ee4bde6a', '05eb6ff1-5cf6-4918-b887-8260dda6b9fe', '8c0c57e2-0acc-4319-9757-59608936a154', '2021-01-12 00:55:33.046208', '2021-01-12 00:55:33.046208');
INSERT INTO service_params (id, service_id, service_item_param_key_id, created_at, updated_at) VALUES ('678b8488-47c3-4f05-a9a0-6155fd062c8a', '05eb6ff1-5cf6-4918-b887-8260dda6b9fe', 'b9739817-6408-4829-8719-1e26f8a9ceb3', '2021-01-12 00:55:33.046208', '2021-01-12 00:55:33.046208');
INSERT INTO service_params (id, service_id, service_item_param_key_id, created_at, updated_at) VALUES ('925fbfa4-b6be-4285-a2c0-137985ec8167', '05eb6ff1-5cf6-4918-b887-8260dda6b9fe', '0c95581d-67de-48ae-a54b-a3748851d613', '2021-01-12 00:55:33.046208', '2021-01-12 00:55:33.046208');
INSERT INTO service_params (id, service_id, service_item_param_key_id, created_at, updated_at) VALUES ('7da90c8f-f3f5-4daa-a674-60c68d6c1fb9', '05eb6ff1-5cf6-4918-b887-8260dda6b9fe', 'b79978a7-21b7-4656-af83-25585acffb20', '2021-01-12 00:55:33.046208', '2021-01-12 00:55:33.046208');
INSERT INTO service_params (id, service_id, service_item_param_key_id, created_at, updated_at) VALUES ('4df8aa63-d87b-4579-9603-20b522d27371', '05eb6ff1-5cf6-4918-b887-8260dda6b9fe', '599bbc21-8d1d-4039-9a89-ff52e3582144', '2021-01-12 00:55:33.046208', '2021-01-12 00:55:33.046208');
INSERT INTO service_params (id, service_id, service_item_param_key_id, created_at, updated_at) VALUES ('18dc558c-18b4-4147-bbff-4ee9f6883614', '05eb6ff1-5cf6-4918-b887-8260dda6b9fe', 'e6096350-9ac4-40aa-90c4-bbdff6e0b194', '2021-01-12 00:55:33.046208', '2021-01-12 00:55:33.046208');
INSERT INTO service_params (id, service_id, service_item_param_key_id, created_at, updated_at) VALUES ('65cfc862-051c-4fd3-bea5-092da05a86c7', 'a0ead168-7469-4cb6-bc5b-2ebef5a38f92', '164050e3-e35b-480d-bf6e-ed2fab86f370', '2021-01-12 00:55:33.046208', '2021-01-12 00:55:33.046208');
INSERT INTO service_params (id, service_id, service_item_param_key_id, created_at, updated_at) VALUES ('82e8672c-23e4-4aea-88f4-7ba40d7f9efc', 'a0ead168-7469-4cb6-bc5b-2ebef5a38f92', '8c0c57e2-0acc-4319-9757-59608936a154', '2021-01-12 00:55:33.046208', '2021-01-12 00:55:33.046208');
INSERT INTO service_params (id, service_id, service_item_param_key_id, created_at, updated_at) VALUES ('9de41f0c-19d1-4e3a-b626-e90a9646eaf3', 'a0ead168-7469-4cb6-bc5b-2ebef5a38f92', 'b9739817-6408-4829-8719-1e26f8a9ceb3', '2021-01-12 00:55:33.046208', '2021-01-12 00:55:33.046208');
INSERT INTO service_params (id, service_id, service_item_param_key_id, created_at, updated_at) VALUES ('226472a7-1e19-4040-91d1-cad67977edb3', 'a0ead168-7469-4cb6-bc5b-2ebef5a38f92', '0c95581d-67de-48ae-a54b-a3748851d613', '2021-01-12 00:55:33.046208', '2021-01-12 00:55:33.046208');
INSERT INTO service_params (id, service_id, service_item_param_key_id, created_at, updated_at) VALUES ('d051a133-af33-4593-8907-f267cca9033e', 'a0ead168-7469-4cb6-bc5b-2ebef5a38f92', 'b79978a7-21b7-4656-af83-25585acffb20', '2021-01-12 00:55:33.046208', '2021-01-12 00:55:33.046208');
INSERT INTO service_params (id, service_id, service_item_param_key_id, created_at, updated_at) VALUES ('a934d40b-4fff-4c53-91f7-ace45ffee655', 'a0ead168-7469-4cb6-bc5b-2ebef5a38f92', 'af92f0ca-f669-4483-95d2-d66e9c0c69e4', '2021-01-12 00:55:33.046208', '2021-01-12 00:55:33.046208');
INSERT INTO service_params (id, service_id, service_item_param_key_id, created_at, updated_at) VALUES ('eec25e73-bcae-4e31-b2f1-06dea7866daa', 'a0ead168-7469-4cb6-bc5b-2ebef5a38f92', '45fce5ce-6a4c-4a6c-ab37-16ee0133628c', '2021-01-12 00:55:33.046208', '2021-01-12 00:55:33.046208');
INSERT INTO service_params (id, service_id, service_item_param_key_id, created_at, updated_at) VALUES ('dc9a0e5a-a5b8-4b45-88ba-44284af4d064', 'd1a4f062-0ca3-4387-8f8e-3dd20493d0b7', '164050e3-e35b-480d-bf6e-ed2fab86f370', '2021-01-12 00:55:33.046208', '2021-01-12 00:55:33.046208');
INSERT INTO service_params (id, service_id, service_item_param_key_id, created_at, updated_at) VALUES ('694988ab-93ad-46f4-b654-343eda690a9e', 'd1a4f062-0ca3-4387-8f8e-3dd20493d0b7', 'f9753611-4b3e-4bf5-8e00-6d9ce9900f50', '2021-01-12 00:55:33.046208', '2021-01-12 00:55:33.046208');
INSERT INTO service_params (id, service_id, service_item_param_key_id, created_at, updated_at) VALUES ('67202a07-ecc0-46ea-b1eb-26927d579002', 'd1a4f062-0ca3-4387-8f8e-3dd20493d0b7', 'e6096350-9ac4-40aa-90c4-bbdff6e0b194', '2021-01-12 00:55:33.046208', '2021-01-12 00:55:33.046208');
INSERT INTO service_params (id, service_id, service_item_param_key_id, created_at, updated_at) VALUES ('244266ca-2548-4f11-9113-7e9a49dbce8a', 'd1a4f062-0ca3-4387-8f8e-3dd20493d0b7', '70eecf7f-beae-4906-95ba-cbfe6797cf3a', '2021-01-12 00:55:33.046208', '2021-01-12 00:55:33.046208');
INSERT INTO service_params (id, service_id, service_item_param_key_id, created_at, updated_at) VALUES ('ec2dc91f-5b8e-47d4-bac6-b219cb8fb9bc', 'd1a4f062-0ca3-4387-8f8e-3dd20493d0b7', 'b9739817-6408-4829-8719-1e26f8a9ceb3', '2021-01-12 00:55:33.046208', '2021-01-12 00:55:33.046208');
INSERT INTO service_params (id, service_id, service_item_param_key_id, created_at, updated_at) VALUES ('ed1559bf-6671-42d5-8e7b-4ae0e1b48a88', 'd1a4f062-0ca3-4387-8f8e-3dd20493d0b7', '0c95581d-67de-48ae-a54b-a3748851d613', '2021-01-12 00:55:33.046208', '2021-01-12 00:55:33.046208');
INSERT INTO service_params (id, service_id, service_item_param_key_id, created_at, updated_at) VALUES ('74331a8b-efb8-4937-99d6-faed95cea758', 'd1a4f062-0ca3-4387-8f8e-3dd20493d0b7', 'b79978a7-21b7-4656-af83-25585acffb20', '2021-01-12 00:55:33.046208', '2021-01-12 00:55:33.046208');
INSERT INTO service_params (id, service_id, service_item_param_key_id, created_at, updated_at) VALUES ('782d4060-7528-4b46-8618-775ce184ee2f', 'd1a4f062-0ca3-4387-8f8e-3dd20493d0b7', 'edeb108a-3aa8-4e7c-9571-de81951cbb51', '2021-01-12 00:55:33.046208', '2021-01-12 00:55:33.046208');
INSERT INTO service_params (id, service_id, service_item_param_key_id, created_at, updated_at) VALUES ('edc95b42-dd0f-49b5-9320-29d32a8440d0', 'd1a4f062-0ca3-4387-8f8e-3dd20493d0b7', '599bbc21-8d1d-4039-9a89-ff52e3582144', '2021-01-12 00:55:33.046208', '2021-01-12 00:55:33.046208');
INSERT INTO service_params (id, service_id, service_item_param_key_id, created_at, updated_at) VALUES ('70a2d389-9c72-4d44-8348-bfe3ddd182b1', '5c80f3b5-548e-4077-9b8e-8d0390e73668', '164050e3-e35b-480d-bf6e-ed2fab86f370', '2021-01-12 00:55:33.046208', '2021-01-12 00:55:33.046208');
INSERT INTO service_params (id, service_id, service_item_param_key_id, created_at, updated_at) VALUES ('36876790-1efb-4c51-bd74-ee63e0eb72ee', '5c80f3b5-548e-4077-9b8e-8d0390e73668', '45ede48b-364d-473a-8c61-0f520a6a4e04', '2021-01-12 00:55:33.046208', '2021-01-12 00:55:33.046208');
INSERT INTO service_params (id, service_id, service_item_param_key_id, created_at, updated_at) VALUES ('adbee4dd-8905-49d9-9c81-bb54db21d0e6', '5c80f3b5-548e-4077-9b8e-8d0390e73668', '70eecf7f-beae-4906-95ba-cbfe6797cf3a', '2021-01-12 00:55:33.046208', '2021-01-12 00:55:33.046208');
INSERT INTO service_params (id, service_id, service_item_param_key_id, created_at, updated_at) VALUES ('c122f26e-9cad-4c67-b31c-9bda2c2b63cd', '5c80f3b5-548e-4077-9b8e-8d0390e73668', '45fce5ce-6a4c-4a6c-ab37-16ee0133628c', '2021-01-12 00:55:33.046208', '2021-01-12 00:55:33.046208');
INSERT INTO service_params (id, service_id, service_item_param_key_id, created_at, updated_at) VALUES ('cbb1dcac-71dc-41b1-a285-29310003a2d4', '5c80f3b5-548e-4077-9b8e-8d0390e73668', 'b9739817-6408-4829-8719-1e26f8a9ceb3', '2021-01-12 00:55:33.046208', '2021-01-12 00:55:33.046208');
INSERT INTO service_params (id, service_id, service_item_param_key_id, created_at, updated_at) VALUES ('e829a1f2-a44c-40a2-bfee-1b2aa20be956', '5c80f3b5-548e-4077-9b8e-8d0390e73668', '0c95581d-67de-48ae-a54b-a3748851d613', '2021-01-12 00:55:33.046208', '2021-01-12 00:55:33.046208');
INSERT INTO service_params (id, service_id, service_item_param_key_id, created_at, updated_at) VALUES ('0ad9450e-88af-4958-9b96-b8a9f4185b19', '5c80f3b5-548e-4077-9b8e-8d0390e73668', 'b79978a7-21b7-4656-af83-25585acffb20', '2021-01-12 00:55:33.046208', '2021-01-12 00:55:33.046208');
INSERT INTO service_params (id, service_id, service_item_param_key_id, created_at, updated_at) VALUES ('f8e9e01d-cd1d-4293-85fc-c00dff309671', '5c80f3b5-548e-4077-9b8e-8d0390e73668', '5a3cf5bb-2bbf-4af6-8966-143d52d8f94b', '2021-01-12 00:55:33.046208', '2021-01-12 00:55:33.046208');
INSERT INTO service_params (id, service_id, service_item_param_key_id, created_at, updated_at) VALUES ('9d516755-c48a-4a18-afc3-e40a40a394e5', '5c80f3b5-548e-4077-9b8e-8d0390e73668', 'af92f0ca-f669-4483-95d2-d66e9c0c69e4', '2021-01-12 00:55:33.046208', '2021-01-12 00:55:33.046208');
INSERT INTO service_params (id, service_id, service_item_param_key_id, created_at, updated_at) VALUES ('47b81436-f1df-4c61-810c-939467d02826', 'bdea5a8d-f15f-47d2-85c9-bba5694802ce', '164050e3-e35b-480d-bf6e-ed2fab86f370', '2021-01-12 00:55:33.046208', '2021-01-12 00:55:33.046208');
INSERT INTO service_params (id, service_id, service_item_param_key_id, created_at, updated_at) VALUES ('0a21ebb3-4de1-4527-9dd7-594100477dd4', 'bdea5a8d-f15f-47d2-85c9-bba5694802ce', 'b9739817-6408-4829-8719-1e26f8a9ceb3', '2021-01-12 00:55:33.046208', '2021-01-12 00:55:33.046208');
INSERT INTO service_params (id, service_id, service_item_param_key_id, created_at, updated_at) VALUES ('347dec46-b396-45b7-8dd8-af34f3e89ace', 'bdea5a8d-f15f-47d2-85c9-bba5694802ce', '0c95581d-67de-48ae-a54b-a3748851d613', '2021-01-12 00:55:33.046208', '2021-01-12 00:55:33.046208');
INSERT INTO service_params (id, service_id, service_item_param_key_id, created_at, updated_at) VALUES ('9b504541-73bf-4c22-960e-119db7cc7cc2', 'bdea5a8d-f15f-47d2-85c9-bba5694802ce', 'b79978a7-21b7-4656-af83-25585acffb20', '2021-01-12 00:55:33.046208', '2021-01-12 00:55:33.046208');
INSERT INTO service_params (id, service_id, service_item_param_key_id, created_at, updated_at) VALUES ('7dcc822c-7a5c-4622-a95d-5d662bbd439f', 'bdea5a8d-f15f-47d2-85c9-bba5694802ce', 'cd37b2a6-ac7d-4c93-a148-ca67f7f67cff', '2021-01-12 00:55:33.046208', '2021-01-12 00:55:33.046208');
INSERT INTO service_params (id, service_id, service_item_param_key_id, created_at, updated_at) VALUES ('828323e6-3bdb-45a4-ac4c-d6a318255453', 'bdea5a8d-f15f-47d2-85c9-bba5694802ce', '599bbc21-8d1d-4039-9a89-ff52e3582144', '2021-01-12 00:55:33.046208', '2021-01-12 00:55:33.046208');
INSERT INTO service_params (id, service_id, service_item_param_key_id, created_at, updated_at) VALUES ('d706f57d-dcf3-44e6-987b-644492f97005', 'bdea5a8d-f15f-47d2-85c9-bba5694802ce', 'e6096350-9ac4-40aa-90c4-bbdff6e0b194', '2021-01-12 00:55:33.046208', '2021-01-12 00:55:33.046208');
INSERT INTO service_params (id, service_id, service_item_param_key_id, created_at, updated_at) VALUES ('6a40fd50-f0fd-4067-a9a7-d5258983db31', '15f01bc1-0754-4341-8e0f-25c8f04d5a77', '164050e3-e35b-480d-bf6e-ed2fab86f370', '2021-01-12 00:55:33.046208', '2021-01-12 00:55:33.046208');
INSERT INTO service_params (id, service_id, service_item_param_key_id, created_at, updated_at) VALUES ('2ba6276a-2c72-47f9-8550-aee7cb7e1c18', '15f01bc1-0754-4341-8e0f-25c8f04d5a77', 'b9739817-6408-4829-8719-1e26f8a9ceb3', '2021-01-12 00:55:33.046208', '2021-01-12 00:55:33.046208');
INSERT INTO service_params (id, service_id, service_item_param_key_id, created_at, updated_at) VALUES ('35da65be-d22f-47dc-b829-e1367d47a563', '15f01bc1-0754-4341-8e0f-25c8f04d5a77', '0c95581d-67de-48ae-a54b-a3748851d613', '2021-01-12 00:55:33.046208', '2021-01-12 00:55:33.046208');
INSERT INTO service_params (id, service_id, service_item_param_key_id, created_at, updated_at) VALUES ('d1683c43-9e90-4c7b-91a3-bbd6fb6ddd08', '15f01bc1-0754-4341-8e0f-25c8f04d5a77', 'b79978a7-21b7-4656-af83-25585acffb20', '2021-01-12 00:55:33.046208', '2021-01-12 00:55:33.046208');
INSERT INTO service_params (id, service_id, service_item_param_key_id, created_at, updated_at) VALUES ('fea8e93a-7f4a-4b51-88ca-f57de797333f', '15f01bc1-0754-4341-8e0f-25c8f04d5a77', '33751a6a-0a20-4ee2-9e46-ece2c1e997ba', '2021-01-12 00:55:33.046208', '2021-01-12 00:55:33.046208');
INSERT INTO service_params (id, service_id, service_item_param_key_id, created_at, updated_at) VALUES ('c77b33b5-5890-4360-a713-7402a7fa4f06', '15f01bc1-0754-4341-8e0f-25c8f04d5a77', 'af92f0ca-f669-4483-95d2-d66e9c0c69e4', '2021-01-12 00:55:33.046208', '2021-01-12 00:55:33.046208');
INSERT INTO service_params (id, service_id, service_item_param_key_id, created_at, updated_at) VALUES ('0323359f-a5d2-4622-8a44-bedfab2c2940', '15f01bc1-0754-4341-8e0f-25c8f04d5a77', '45fce5ce-6a4c-4a6c-ab37-16ee0133628c', '2021-01-12 00:55:33.046208', '2021-01-12 00:55:33.046208');
INSERT INTO service_params (id, service_id, service_item_param_key_id, created_at, updated_at) VALUES ('769f15bb-8b22-403a-a444-975101855013', '68417bd7-4a9d-4472-941e-2ba6aeaf15f4', '164050e3-e35b-480d-bf6e-ed2fab86f370', '2021-01-12 00:55:33.046208', '2021-01-12 00:55:33.046208');
INSERT INTO service_params (id, service_id, service_item_param_key_id, created_at, updated_at) VALUES ('246d5628-16ad-4b37-89e2-db20963f7db1', '68417bd7-4a9d-4472-941e-2ba6aeaf15f4', '1df2468b-8fb4-4371-b8ce-3c05d7da2050', '2021-01-12 00:55:33.046208', '2021-01-12 00:55:33.046208');
INSERT INTO service_params (id, service_id, service_item_param_key_id, created_at, updated_at) VALUES ('336f790e-ec2c-4587-99b4-6b75d278ecb9', '68417bd7-4a9d-4472-941e-2ba6aeaf15f4', '1fe986ae-dbff-4fe1-b528-714560f7d2f5', '2021-01-12 00:55:33.046208', '2021-01-12 00:55:33.046208');
INSERT INTO service_params (id, service_id, service_item_param_key_id, created_at, updated_at) VALUES ('baab49f0-9363-42f5-8136-82d3900df12e', '68417bd7-4a9d-4472-941e-2ba6aeaf15f4', '9dcab9f4-aac4-4639-a11c-d85be1560b95', '2021-01-12 00:55:33.046208', '2021-01-12 00:55:33.046208');
INSERT INTO service_params (id, service_id, service_item_param_key_id, created_at, updated_at) VALUES ('a4145ea0-be9d-4b4c-8cd9-bacde58dfc4c', '68417bd7-4a9d-4472-941e-2ba6aeaf15f4', 'cd37b2a6-ac7d-4c93-a148-ca67f7f67cff', '2021-01-12 00:55:33.046208', '2021-01-12 00:55:33.046208');
INSERT INTO service_params (id, service_id, service_item_param_key_id, created_at, updated_at) VALUES ('00c8da71-0314-4414-835b-052996fbc61a', '68417bd7-4a9d-4472-941e-2ba6aeaf15f4', '599bbc21-8d1d-4039-9a89-ff52e3582144', '2021-01-12 00:55:33.046208', '2021-01-12 00:55:33.046208');
INSERT INTO service_params (id, service_id, service_item_param_key_id, created_at, updated_at) VALUES ('f8b5627d-5b61-4327-b8b9-970957b1e694', '68417bd7-4a9d-4472-941e-2ba6aeaf15f4', 'e6096350-9ac4-40aa-90c4-bbdff6e0b194', '2021-01-12 00:55:33.046208', '2021-01-12 00:55:33.046208');
INSERT INTO service_params (id, service_id, service_item_param_key_id, created_at, updated_at) VALUES ('a5a7b555-f135-470e-b94b-251f966b5a57', 'fc14935b-ebd3-4df3-940b-f30e71b6a56c', '164050e3-e35b-480d-bf6e-ed2fab86f370', '2021-01-12 00:55:33.046208', '2021-01-12 00:55:33.046208');
INSERT INTO service_params (id, service_id, service_item_param_key_id, created_at, updated_at) VALUES ('15ddfdba-9907-4f79-ba5f-87af493f5e3a', 'fc14935b-ebd3-4df3-940b-f30e71b6a56c', '1fe986ae-dbff-4fe1-b528-714560f7d2f5', '2021-01-12 00:55:33.046208', '2021-01-12 00:55:33.046208');
INSERT INTO service_params (id, service_id, service_item_param_key_id, created_at, updated_at) VALUES ('7f5288e7-b3f3-488c-b325-f6022b4fa945', 'fc14935b-ebd3-4df3-940b-f30e71b6a56c', '9dcab9f4-aac4-4639-a11c-d85be1560b95', '2021-01-12 00:55:33.046208', '2021-01-12 00:55:33.046208');
INSERT INTO service_params (id, service_id, service_item_param_key_id, created_at, updated_at) VALUES ('5190e621-fe26-4e10-9ff6-faf8488b0157', 'fc14935b-ebd3-4df3-940b-f30e71b6a56c', '33751a6a-0a20-4ee2-9e46-ece2c1e997ba', '2021-01-12 00:55:33.046208', '2021-01-12 00:55:33.046208');
INSERT INTO service_params (id, service_id, service_item_param_key_id, created_at, updated_at) VALUES ('6f80167e-d47d-46ad-afeb-33c87f2de13f', 'fc14935b-ebd3-4df3-940b-f30e71b6a56c', 'af92f0ca-f669-4483-95d2-d66e9c0c69e4', '2021-01-12 00:55:33.046208', '2021-01-12 00:55:33.046208');
INSERT INTO service_params (id, service_id, service_item_param_key_id, created_at, updated_at) VALUES ('40bf5c09-afb0-4fc1-b994-58c4bc72b177', 'fc14935b-ebd3-4df3-940b-f30e71b6a56c', '45fce5ce-6a4c-4a6c-ab37-16ee0133628c', '2021-01-12 00:55:33.046208', '2021-01-12 00:55:33.046208');
INSERT INTO service_params (id, service_id, service_item_param_key_id, created_at, updated_at) VALUES ('d1dc3d9d-e0ce-4409-a783-bc87702abbd0', 'd979e8af-501a-44bb-8532-2799753a5810', '164050e3-e35b-480d-bf6e-ed2fab86f370', '2021-01-12 00:55:33.046208', '2021-01-12 00:55:33.046208');
INSERT INTO service_params (id, service_id, service_item_param_key_id, created_at, updated_at) VALUES ('26de29be-736a-4746-b9c4-0831a4a29850', 'd979e8af-501a-44bb-8532-2799753a5810', 'b9739817-6408-4829-8719-1e26f8a9ceb3', '2021-01-12 00:55:33.046208', '2021-01-12 00:55:33.046208');
INSERT INTO service_params (id, service_id, service_item_param_key_id, created_at, updated_at) VALUES ('03505a97-0cf3-4529-9d3c-e16c79ac9da3', 'd979e8af-501a-44bb-8532-2799753a5810', '0c95581d-67de-48ae-a54b-a3748851d613', '2021-01-12 00:55:33.046208', '2021-01-12 00:55:33.046208');
INSERT INTO service_params (id, service_id, service_item_param_key_id, created_at, updated_at) VALUES ('f743cd33-e3ec-4325-b9ac-8f68229939e7', 'd979e8af-501a-44bb-8532-2799753a5810', 'b79978a7-21b7-4656-af83-25585acffb20', '2021-01-12 00:55:33.046208', '2021-01-12 00:55:33.046208');
INSERT INTO service_params (id, service_id, service_item_param_key_id, created_at, updated_at) VALUES ('61476f61-1ab5-4336-b38d-010e6502c4c4', 'd979e8af-501a-44bb-8532-2799753a5810', 'cd37b2a6-ac7d-4c93-a148-ca67f7f67cff', '2021-01-12 00:55:33.046208', '2021-01-12 00:55:33.046208');
INSERT INTO service_params (id, service_id, service_item_param_key_id, created_at, updated_at) VALUES ('ea68f76a-66b0-417b-b88f-9d963a188333', 'd979e8af-501a-44bb-8532-2799753a5810', '599bbc21-8d1d-4039-9a89-ff52e3582144', '2021-01-12 00:55:33.046208', '2021-01-12 00:55:33.046208');
INSERT INTO service_params (id, service_id, service_item_param_key_id, created_at, updated_at) VALUES ('9ae175d1-23cc-4586-b37a-eda907d326e7', 'd979e8af-501a-44bb-8532-2799753a5810', 'e6096350-9ac4-40aa-90c4-bbdff6e0b194', '2021-01-12 00:55:33.046208', '2021-01-12 00:55:33.046208');
INSERT INTO service_params (id, service_id, service_item_param_key_id, created_at, updated_at) VALUES ('1a340b6e-1d72-4967-ad3f-3e1097f22ac5', '556663e3-675a-4b06-8da3-e4f1e9a9d3cd', '164050e3-e35b-480d-bf6e-ed2fab86f370', '2021-01-12 00:55:33.046208', '2021-01-12 00:55:33.046208');
INSERT INTO service_params (id, service_id, service_item_param_key_id, created_at, updated_at) VALUES ('76cf0d69-ded1-4988-98d9-06efb4d731e8', '556663e3-675a-4b06-8da3-e4f1e9a9d3cd', 'b9739817-6408-4829-8719-1e26f8a9ceb3', '2021-01-12 00:55:33.046208', '2021-01-12 00:55:33.046208');
INSERT INTO service_params (id, service_id, service_item_param_key_id, created_at, updated_at) VALUES ('39284a80-4c3b-4d77-90bf-0824d7a69fcd', '556663e3-675a-4b06-8da3-e4f1e9a9d3cd', '0c95581d-67de-48ae-a54b-a3748851d613', '2021-01-12 00:55:33.046208', '2021-01-12 00:55:33.046208');
INSERT INTO service_params (id, service_id, service_item_param_key_id, created_at, updated_at) VALUES ('df5a7b6a-4f3c-4d2f-aa0a-5c38bd5e3af3', '556663e3-675a-4b06-8da3-e4f1e9a9d3cd', 'b79978a7-21b7-4656-af83-25585acffb20', '2021-01-12 00:55:33.046208', '2021-01-12 00:55:33.046208');
INSERT INTO service_params (id, service_id, service_item_param_key_id, created_at, updated_at) VALUES ('603934a7-1fcd-455a-ba04-12766b8c607d', '556663e3-675a-4b06-8da3-e4f1e9a9d3cd', '33751a6a-0a20-4ee2-9e46-ece2c1e997ba', '2021-01-12 00:55:33.046208', '2021-01-12 00:55:33.046208');
INSERT INTO service_params (id, service_id, service_item_param_key_id, created_at, updated_at) VALUES ('5533b850-cd88-4054-bfc8-58efafea8b8e', '556663e3-675a-4b06-8da3-e4f1e9a9d3cd', 'af92f0ca-f669-4483-95d2-d66e9c0c69e4', '2021-01-12 00:55:33.046208', '2021-01-12 00:55:33.046208');
INSERT INTO service_params (id, service_id, service_item_param_key_id, created_at, updated_at) VALUES ('c8392f1a-d55a-4d7a-b2b6-298e0a0c323b', '556663e3-675a-4b06-8da3-e4f1e9a9d3cd', '45fce5ce-6a4c-4a6c-ab37-16ee0133628c', '2021-01-12 00:55:33.046208', '2021-01-12 00:55:33.046208');
INSERT INTO service_params (id, service_id, service_item_param_key_id, created_at, updated_at) VALUES ('c298d508-b922-49c3-be29-a344a6cb133a', '56bb94cd-f160-4239-a028-b31ffc641eb7', '164050e3-e35b-480d-bf6e-ed2fab86f370', '2021-01-12 00:55:33.046208', '2021-01-12 00:55:33.046208');
INSERT INTO service_params (id, service_id, service_item_param_key_id, created_at, updated_at) VALUES ('06af387d-7eae-46f8-b038-9865e6989558', '56bb94cd-f160-4239-a028-b31ffc641eb7', 'b9739817-6408-4829-8719-1e26f8a9ceb3', '2021-01-12 00:55:33.046208', '2021-01-12 00:55:33.046208');
INSERT INTO service_params (id, service_id, service_item_param_key_id, created_at, updated_at) VALUES ('8a936057-dc82-4c49-8915-1ed8ee094713', '56bb94cd-f160-4239-a028-b31ffc641eb7', '0c95581d-67de-48ae-a54b-a3748851d613', '2021-01-12 00:55:33.046208', '2021-01-12 00:55:33.046208');
INSERT INTO service_params (id, service_id, service_item_param_key_id, created_at, updated_at) VALUES ('57193a33-bf96-42e4-9bb3-e6b8d57cc951', '56bb94cd-f160-4239-a028-b31ffc641eb7', 'b79978a7-21b7-4656-af83-25585acffb20', '2021-01-12 00:55:33.046208', '2021-01-12 00:55:33.046208');
INSERT INTO service_params (id, service_id, service_item_param_key_id, created_at, updated_at) VALUES ('a1c4ab39-e918-45c7-a0fe-b31e65a745ac', '56bb94cd-f160-4239-a028-b31ffc641eb7', '6d44624c-b91b-4226-8fcd-98046e2f433d', '2021-01-12 00:55:33.046208', '2021-01-12 00:55:33.046208');
INSERT INTO service_params (id, service_id, service_item_param_key_id, created_at, updated_at) VALUES ('ed73e791-f997-4267-97a7-769a8fc56e40', '56bb94cd-f160-4239-a028-b31ffc641eb7', '4736f489-dfda-4df1-a303-8c434a120d5d', '2021-01-12 00:55:33.046208', '2021-01-12 00:55:33.046208');
INSERT INTO service_params (id, service_id, service_item_param_key_id, created_at, updated_at) VALUES ('44954698-2a70-4e05-8ad9-1308bafb1b6c', '133bc44a-2c0f-4ff9-a61d-9f2dad349d14', '164050e3-e35b-480d-bf6e-ed2fab86f370', '2021-01-12 00:55:33.046208', '2021-01-12 00:55:33.046208');
INSERT INTO service_params (id, service_id, service_item_param_key_id, created_at, updated_at) VALUES ('4931b3ae-e4a6-4b06-a292-3c5761d36f0f', '133bc44a-2c0f-4ff9-a61d-9f2dad349d14', 'b9739817-6408-4829-8719-1e26f8a9ceb3', '2021-01-12 00:55:33.046208', '2021-01-12 00:55:33.046208');
INSERT INTO service_params (id, service_id, service_item_param_key_id, created_at, updated_at) VALUES ('0407f35d-7990-488e-bf90-4302306a7082', '133bc44a-2c0f-4ff9-a61d-9f2dad349d14', '0c95581d-67de-48ae-a54b-a3748851d613', '2021-01-12 00:55:33.046208', '2021-01-12 00:55:33.046208');
INSERT INTO service_params (id, service_id, service_item_param_key_id, created_at, updated_at) VALUES ('0a394c56-d9ac-4f71-976b-dfda78fe51f7', '133bc44a-2c0f-4ff9-a61d-9f2dad349d14', 'b79978a7-21b7-4656-af83-25585acffb20', '2021-01-12 00:55:33.046208', '2021-01-12 00:55:33.046208');
INSERT INTO service_params (id, service_id, service_item_param_key_id, created_at, updated_at) VALUES ('0110646d-de0c-46ba-b810-d5b617340be0', '133bc44a-2c0f-4ff9-a61d-9f2dad349d14', '6d44624c-b91b-4226-8fcd-98046e2f433d', '2021-01-12 00:55:33.046208', '2021-01-12 00:55:33.046208');
INSERT INTO service_params (id, service_id, service_item_param_key_id, created_at, updated_at) VALUES ('51403057-2c10-4704-ac98-36b47241574c', '133bc44a-2c0f-4ff9-a61d-9f2dad349d14', '4736f489-dfda-4df1-a303-8c434a120d5d', '2021-01-12 00:55:33.046208', '2021-01-12 00:55:33.046208');
INSERT INTO service_params (id, service_id, service_item_param_key_id, created_at, updated_at) VALUES ('b0c1a2da-40dc-4ffc-8daf-639512a86832', '07051352-4715-49b5-88e7-045b7541919d', '164050e3-e35b-480d-bf6e-ed2fab86f370', '2021-01-12 00:55:33.046208', '2021-01-12 00:55:33.046208');
INSERT INTO service_params (id, service_id, service_item_param_key_id, created_at, updated_at) VALUES ('943b00bd-05fe-480e-ab7e-b44075b3584e', '07051352-4715-49b5-88e7-045b7541919d', 'b9739817-6408-4829-8719-1e26f8a9ceb3', '2021-01-12 00:55:33.046208', '2021-01-12 00:55:33.046208');
INSERT INTO service_params (id, service_id, service_item_param_key_id, created_at, updated_at) VALUES ('6af4abad-5b5d-4728-a7ab-dfcd74a0b8f7', '07051352-4715-49b5-88e7-045b7541919d', '0c95581d-67de-48ae-a54b-a3748851d613', '2021-01-12 00:55:33.046208', '2021-01-12 00:55:33.046208');
INSERT INTO service_params (id, service_id, service_item_param_key_id, created_at, updated_at) VALUES ('b25e1c47-83cd-4514-8932-4f6ac1ed22ae', '07051352-4715-49b5-88e7-045b7541919d', 'b79978a7-21b7-4656-af83-25585acffb20', '2021-01-12 00:55:33.046208', '2021-01-12 00:55:33.046208');
INSERT INTO service_params (id, service_id, service_item_param_key_id, created_at, updated_at) VALUES ('985f5bf2-48d2-4bb1-afcb-0ecb8d379dbe', '07051352-4715-49b5-88e7-045b7541919d', '86f9b2b6-6315-409f-a563-e91998a5043f', '2021-01-12 00:55:33.046208', '2021-01-12 00:55:33.046208');
INSERT INTO service_params (id, service_id, service_item_param_key_id, created_at, updated_at) VALUES ('0759768a-b72e-4ed2-b10f-e4b77352c314', '07051352-4715-49b5-88e7-045b7541919d', 'e6096350-9ac4-40aa-90c4-bbdff6e0b194', '2021-01-12 00:55:33.046208', '2021-01-12 00:55:33.046208');
INSERT INTO service_params (id, service_id, service_item_param_key_id, created_at, updated_at) VALUES ('2f32e977-eb18-48d3-82ab-f80b79920b63', '07051352-4715-49b5-88e7-045b7541919d', '4736f489-dfda-4df1-a303-8c434a120d5d', '2021-01-12 00:55:33.046208', '2021-01-12 00:55:33.046208');
INSERT INTO service_params (id, service_id, service_item_param_key_id, created_at, updated_at) VALUES ('6c923165-d8f3-495f-a962-fc9aeb5e0b15', '16949697-6171-47aa-bcd4-479995cc5206', '164050e3-e35b-480d-bf6e-ed2fab86f370', '2021-01-12 00:55:33.046208', '2021-01-12 00:55:33.046208');
INSERT INTO service_params (id, service_id, service_item_param_key_id, created_at, updated_at) VALUES ('a7f25d48-0b4a-4acd-bbd0-cba600aa86af', '16949697-6171-47aa-bcd4-479995cc5206', 'b9739817-6408-4829-8719-1e26f8a9ceb3', '2021-01-12 00:55:33.046208', '2021-01-12 00:55:33.046208');
INSERT INTO service_params (id, service_id, service_item_param_key_id, created_at, updated_at) VALUES ('28b8bb7d-6d02-4e92-8e79-9432329b92a1', '16949697-6171-47aa-bcd4-479995cc5206', '0c95581d-67de-48ae-a54b-a3748851d613', '2021-01-12 00:55:33.046208', '2021-01-12 00:55:33.046208');
INSERT INTO service_params (id, service_id, service_item_param_key_id, created_at, updated_at) VALUES ('dfe44e6d-5053-4ef3-a7da-5689f398b61e', '16949697-6171-47aa-bcd4-479995cc5206', 'b79978a7-21b7-4656-af83-25585acffb20', '2021-01-12 00:55:33.046208', '2021-01-12 00:55:33.046208');
INSERT INTO service_params (id, service_id, service_item_param_key_id, created_at, updated_at) VALUES ('3f997e31-6949-4e49-aebc-1307b1f911ae', '16949697-6171-47aa-bcd4-479995cc5206', '86f9b2b6-6315-409f-a563-e91998a5043f', '2021-01-12 00:55:33.046208', '2021-01-12 00:55:33.046208');
INSERT INTO service_params (id, service_id, service_item_param_key_id, created_at, updated_at) VALUES ('f010d824-10a0-4337-9b9d-5548c17223cd', '16949697-6171-47aa-bcd4-479995cc5206', 'e6096350-9ac4-40aa-90c4-bbdff6e0b194', '2021-01-12 00:55:33.046208', '2021-01-12 00:55:33.046208');
INSERT INTO service_params (id, service_id, service_item_param_key_id, created_at, updated_at) VALUES ('c1d576bf-6846-4cab-9ed2-292fe6b31517', '16949697-6171-47aa-bcd4-479995cc5206', '4736f489-dfda-4df1-a303-8c434a120d5d', '2021-01-12 00:55:33.046208', '2021-01-12 00:55:33.046208');
INSERT INTO service_params (id, service_id, service_item_param_key_id, created_at, updated_at) VALUES ('0375a7e4-0b45-409d-9502-4cc35a630d58', 'd0bb2cae-838a-4fc7-8efc-f7c6ad57431d', '164050e3-e35b-480d-bf6e-ed2fab86f370', '2021-01-12 00:55:33.046208', '2021-01-12 00:55:33.046208');
INSERT INTO service_params (id, service_id, service_item_param_key_id, created_at, updated_at) VALUES ('ca0b1132-a862-435a-be49-ae183c744033', 'd0bb2cae-838a-4fc7-8efc-f7c6ad57431d', 'b9739817-6408-4829-8719-1e26f8a9ceb3', '2021-01-12 00:55:33.046208', '2021-01-12 00:55:33.046208');
INSERT INTO service_params (id, service_id, service_item_param_key_id, created_at, updated_at) VALUES ('0979ab45-7b31-437a-aa63-869af54d98aa', 'd0bb2cae-838a-4fc7-8efc-f7c6ad57431d', '0c95581d-67de-48ae-a54b-a3748851d613', '2021-01-12 00:55:33.046208', '2021-01-12 00:55:33.046208');
INSERT INTO service_params (id, service_id, service_item_param_key_id, created_at, updated_at) VALUES ('8b6e31b3-b32b-4edb-94e4-c0ad1c0391c4', 'd0bb2cae-838a-4fc7-8efc-f7c6ad57431d', 'b79978a7-21b7-4656-af83-25585acffb20', '2021-01-12 00:55:33.046208', '2021-01-12 00:55:33.046208');
INSERT INTO service_params (id, service_id, service_item_param_key_id, created_at, updated_at) VALUES ('ad5a77f6-8b54-4579-a408-197158a76e6f', 'd0bb2cae-838a-4fc7-8efc-f7c6ad57431d', '6d44624c-b91b-4226-8fcd-98046e2f433d', '2021-01-12 00:55:33.046208', '2021-01-12 00:55:33.046208');
INSERT INTO service_params (id, service_id, service_item_param_key_id, created_at, updated_at) VALUES ('27df3253-0986-488f-8636-b98a8d8b326c', 'd0bb2cae-838a-4fc7-8efc-f7c6ad57431d', '07e3ff12-0717-4661-a4e1-dca325da0fcc', '2021-01-12 00:55:33.046208', '2021-01-12 00:55:33.046208');
INSERT INTO service_params (id, service_id, service_item_param_key_id, created_at, updated_at) VALUES ('d2908855-7561-4f3b-afb9-8cf6e652f5a4', 'd0bb2cae-838a-4fc7-8efc-f7c6ad57431d', '45fce5ce-6a4c-4a6c-ab37-16ee0133628c', '2021-01-12 00:55:33.046208', '2021-01-12 00:55:33.046208');
INSERT INTO service_params (id, service_id, service_item_param_key_id, created_at, updated_at) VALUES ('6b1d22b3-3511-4a06-9462-6e1a42a16526', '7f14f357-f2ae-42b9-b834-5ab24c2cd2af', '164050e3-e35b-480d-bf6e-ed2fab86f370', '2021-01-12 00:55:33.046208', '2021-01-12 00:55:33.046208');
INSERT INTO service_params (id, service_id, service_item_param_key_id, created_at, updated_at) VALUES ('cdbc5b22-69bc-4474-8270-ba12255b2df2', '7f14f357-f2ae-42b9-b834-5ab24c2cd2af', 'b9739817-6408-4829-8719-1e26f8a9ceb3', '2021-01-12 00:55:33.046208', '2021-01-12 00:55:33.046208');
INSERT INTO service_params (id, service_id, service_item_param_key_id, created_at, updated_at) VALUES ('dfbad93b-c41e-4e49-9616-34819104d387', '7f14f357-f2ae-42b9-b834-5ab24c2cd2af', '0c95581d-67de-48ae-a54b-a3748851d613', '2021-01-12 00:55:33.046208', '2021-01-12 00:55:33.046208');
INSERT INTO service_params (id, service_id, service_item_param_key_id, created_at, updated_at) VALUES ('9884200d-fec3-4a44-8c4a-ad95bc18b9ff', '7f14f357-f2ae-42b9-b834-5ab24c2cd2af', 'b79978a7-21b7-4656-af83-25585acffb20', '2021-01-12 00:55:33.046208', '2021-01-12 00:55:33.046208');
INSERT INTO service_params (id, service_id, service_item_param_key_id, created_at, updated_at) VALUES ('ce7c56c9-da99-4488-bf7e-830d39d6c375', '7f14f357-f2ae-42b9-b834-5ab24c2cd2af', '6d44624c-b91b-4226-8fcd-98046e2f433d', '2021-01-12 00:55:33.046208', '2021-01-12 00:55:33.046208');
INSERT INTO service_params (id, service_id, service_item_param_key_id, created_at, updated_at) VALUES ('4ad7b8b4-424f-4198-91d1-bbc40e71a4e3', '7f14f357-f2ae-42b9-b834-5ab24c2cd2af', '07e3ff12-0717-4661-a4e1-dca325da0fcc', '2021-01-12 00:55:33.046208', '2021-01-12 00:55:33.046208');
INSERT INTO service_params (id, service_id, service_item_param_key_id, created_at, updated_at) VALUES ('c107ed7d-a847-4133-972c-0877fd4e85cd', '7f14f357-f2ae-42b9-b834-5ab24c2cd2af', '45fce5ce-6a4c-4a6c-ab37-16ee0133628c', '2021-01-12 00:55:33.046208', '2021-01-12 00:55:33.046208');
INSERT INTO service_params (id, service_id, service_item_param_key_id, created_at, updated_at) VALUES ('fdb72da3-6297-4748-b22c-c4ceb546525e', '67ba1eaf-6ffd-49de-9a69-497be7789877', '164050e3-e35b-480d-bf6e-ed2fab86f370', '2021-01-12 00:55:33.046208', '2021-01-12 00:55:33.046208');
INSERT INTO service_params (id, service_id, service_item_param_key_id, created_at, updated_at) VALUES ('79b0b82c-9e78-4514-810b-b91bcc339b8a', '67ba1eaf-6ffd-49de-9a69-497be7789877', 'b9739817-6408-4829-8719-1e26f8a9ceb3', '2021-01-12 00:55:33.046208', '2021-01-12 00:55:33.046208');
INSERT INTO service_params (id, service_id, service_item_param_key_id, created_at, updated_at) VALUES ('83fd35e1-36bb-4bb2-8cb9-7260a456920f', '67ba1eaf-6ffd-49de-9a69-497be7789877', '0c95581d-67de-48ae-a54b-a3748851d613', '2021-01-12 00:55:33.046208', '2021-01-12 00:55:33.046208');
INSERT INTO service_params (id, service_id, service_item_param_key_id, created_at, updated_at) VALUES ('e039fc3c-a5d1-4977-8610-8048d71b1e07', '67ba1eaf-6ffd-49de-9a69-497be7789877', 'b79978a7-21b7-4656-af83-25585acffb20', '2021-01-12 00:55:33.046208', '2021-01-12 00:55:33.046208');
INSERT INTO service_params (id, service_id, service_item_param_key_id, created_at, updated_at) VALUES ('ebfdcfb1-e612-483e-87d4-36f12d336ea9', '67ba1eaf-6ffd-49de-9a69-497be7789877', '6d44624c-b91b-4226-8fcd-98046e2f433d', '2021-01-12 00:55:33.046208', '2021-01-12 00:55:33.046208');
INSERT INTO service_params (id, service_id, service_item_param_key_id, created_at, updated_at) VALUES ('3fa3a40e-6bd3-4bb8-8d83-06c93bd23b63', '56e91c2d-015d-4243-9657-3ed34867abaa', '164050e3-e35b-480d-bf6e-ed2fab86f370', '2021-01-12 00:55:33.046208', '2021-01-12 00:55:33.046208');
INSERT INTO service_params (id, service_id, service_item_param_key_id, created_at, updated_at) VALUES ('6b6e9766-1292-44de-b434-5cc1b80d80de', '56e91c2d-015d-4243-9657-3ed34867abaa', 'b9739817-6408-4829-8719-1e26f8a9ceb3', '2021-01-12 00:55:33.046208', '2021-01-12 00:55:33.046208');
INSERT INTO service_params (id, service_id, service_item_param_key_id, created_at, updated_at) VALUES ('0885f3fe-dac7-4c56-8b5f-d410541e339f', '56e91c2d-015d-4243-9657-3ed34867abaa', '0c95581d-67de-48ae-a54b-a3748851d613', '2021-01-12 00:55:33.046208', '2021-01-12 00:55:33.046208');
INSERT INTO service_params (id, service_id, service_item_param_key_id, created_at, updated_at) VALUES ('8cdc3354-dac7-4f9c-b1c6-ae8057cfa4ae', '56e91c2d-015d-4243-9657-3ed34867abaa', 'b79978a7-21b7-4656-af83-25585acffb20', '2021-01-12 00:55:33.046208', '2021-01-12 00:55:33.046208');
INSERT INTO service_params (id, service_id, service_item_param_key_id, created_at, updated_at) VALUES ('d1df9449-e6a9-4a4a-8117-8daf70c4475b', '56e91c2d-015d-4243-9657-3ed34867abaa', '4736f489-dfda-4df1-a303-8c434a120d5d', '2021-01-12 00:55:33.046208', '2021-01-12 00:55:33.046208');
INSERT INTO service_params (id, service_id, service_item_param_key_id, created_at, updated_at) VALUES ('45f304ff-2597-416b-8aa6-120265f56b90', 'ae84d292-f885-4138-86e2-b451855ffbf2', '164050e3-e35b-480d-bf6e-ed2fab86f370', '2021-01-12 00:55:33.046208', '2021-01-12 00:55:33.046208');
INSERT INTO service_params (id, service_id, service_item_param_key_id, created_at, updated_at) VALUES ('7308af31-df0f-4584-834b-bf7480aedb9f', 'ae84d292-f885-4138-86e2-b451855ffbf2', 'b9739817-6408-4829-8719-1e26f8a9ceb3', '2021-01-12 00:55:33.046208', '2021-01-12 00:55:33.046208');
INSERT INTO service_params (id, service_id, service_item_param_key_id, created_at, updated_at) VALUES ('97299899-e4d6-4291-924c-d2c9d117b4d6', 'ae84d292-f885-4138-86e2-b451855ffbf2', '0c95581d-67de-48ae-a54b-a3748851d613', '2021-01-12 00:55:33.046208', '2021-01-12 00:55:33.046208');
INSERT INTO service_params (id, service_id, service_item_param_key_id, created_at, updated_at) VALUES ('cb97faff-f848-42aa-9f13-6ac36b671ff8', 'ae84d292-f885-4138-86e2-b451855ffbf2', 'b79978a7-21b7-4656-af83-25585acffb20', '2021-01-12 00:55:33.046208', '2021-01-12 00:55:33.046208');
INSERT INTO service_params (id, service_id, service_item_param_key_id, created_at, updated_at) VALUES ('a8d577ba-f277-4f7b-9170-b36d67c7b738', 'ae84d292-f885-4138-86e2-b451855ffbf2', '6d44624c-b91b-4226-8fcd-98046e2f433d', '2021-01-12 00:55:33.046208', '2021-01-12 00:55:33.046208');
INSERT INTO service_params (id, service_id, service_item_param_key_id, created_at, updated_at) VALUES ('a3df75f7-216f-4083-b638-52a5e9400a0a', 'f2739142-97d1-40f3-a8f4-6a9daf390806', '164050e3-e35b-480d-bf6e-ed2fab86f370', '2021-01-12 00:55:33.046208', '2021-01-12 00:55:33.046208');
INSERT INTO service_params (id, service_id, service_item_param_key_id, created_at, updated_at) VALUES ('4c9bb859-9f31-4b70-8d30-21ddf8b964a7', 'f2739142-97d1-40f3-a8f4-6a9daf390806', 'b9739817-6408-4829-8719-1e26f8a9ceb3', '2021-01-12 00:55:33.046208', '2021-01-12 00:55:33.046208');
INSERT INTO service_params (id, service_id, service_item_param_key_id, created_at, updated_at) VALUES ('072d02fa-413d-4a9c-a1bd-0e7d797f7e89', 'f2739142-97d1-40f3-a8f4-6a9daf390806', '0c95581d-67de-48ae-a54b-a3748851d613', '2021-01-12 00:55:33.046208', '2021-01-12 00:55:33.046208');
INSERT INTO service_params (id, service_id, service_item_param_key_id, created_at, updated_at) VALUES ('0286cac0-2d5a-4e08-869e-e782b118d197', 'f2739142-97d1-40f3-a8f4-6a9daf390806', 'b79978a7-21b7-4656-af83-25585acffb20', '2021-01-12 00:55:33.046208', '2021-01-12 00:55:33.046208');
INSERT INTO service_params (id, service_id, service_item_param_key_id, created_at, updated_at) VALUES ('88323d4b-46b5-46dd-840c-6039cb48f93b', 'f2739142-97d1-40f3-a8f4-6a9daf390806', '4736f489-dfda-4df1-a303-8c434a120d5d', '2021-01-12 00:55:33.046208', '2021-01-12 00:55:33.046208');
INSERT INTO service_params (id, service_id, service_item_param_key_id, created_at, updated_at) VALUES ('72c52a8c-1b9d-4097-b061-7cb0ef185eb5', 'b488bf85-ea5e-49c8-ba5c-e2fa278ac806', '164050e3-e35b-480d-bf6e-ed2fab86f370', '2021-01-12 00:55:33.046208', '2021-01-12 00:55:33.046208');
INSERT INTO service_params (id, service_id, service_item_param_key_id, created_at, updated_at) VALUES ('01da041c-82b1-4893-aba1-12eaa0e1f25e', 'b488bf85-ea5e-49c8-ba5c-e2fa278ac806', 'b9739817-6408-4829-8719-1e26f8a9ceb3', '2021-01-12 00:55:33.046208', '2021-01-12 00:55:33.046208');
INSERT INTO service_params (id, service_id, service_item_param_key_id, created_at, updated_at) VALUES ('d5a29646-2f1a-426e-a91d-9b4413adb64d', 'b488bf85-ea5e-49c8-ba5c-e2fa278ac806', '0c95581d-67de-48ae-a54b-a3748851d613', '2021-01-12 00:55:33.046208', '2021-01-12 00:55:33.046208');
INSERT INTO service_params (id, service_id, service_item_param_key_id, created_at, updated_at) VALUES ('596c5239-047f-4272-a832-1872bfb18e4e', 'b488bf85-ea5e-49c8-ba5c-e2fa278ac806', 'b79978a7-21b7-4656-af83-25585acffb20', '2021-01-12 00:55:33.046208', '2021-01-12 00:55:33.046208');
INSERT INTO service_params (id, service_id, service_item_param_key_id, created_at, updated_at) VALUES ('7dcd21ac-e327-4183-8b15-a4d770807a9c', 'b488bf85-ea5e-49c8-ba5c-e2fa278ac806', '6d44624c-b91b-4226-8fcd-98046e2f433d', '2021-01-12 00:55:33.046208', '2021-01-12 00:55:33.046208');
INSERT INTO service_params (id, service_id, service_item_param_key_id, created_at, updated_at) VALUES ('b40286a9-afc0-45a1-b3bf-59a2f53284d2', 'bd6064ca-e780-4ab4-a37b-0ae98eebb244', '164050e3-e35b-480d-bf6e-ed2fab86f370', '2021-01-12 00:55:33.046208', '2021-01-12 00:55:33.046208');
INSERT INTO service_params (id, service_id, service_item_param_key_id, created_at, updated_at) VALUES ('62412254-7bc5-4d99-8026-430fcc03743d', 'bd6064ca-e780-4ab4-a37b-0ae98eebb244', 'b9739817-6408-4829-8719-1e26f8a9ceb3', '2021-01-12 00:55:33.046208', '2021-01-12 00:55:33.046208');
INSERT INTO service_params (id, service_id, service_item_param_key_id, created_at, updated_at) VALUES ('94182ccb-a562-4c44-8673-3466f7bf0df3', 'bd6064ca-e780-4ab4-a37b-0ae98eebb244', '0c95581d-67de-48ae-a54b-a3748851d613', '2021-01-12 00:55:33.046208', '2021-01-12 00:55:33.046208');
INSERT INTO service_params (id, service_id, service_item_param_key_id, created_at, updated_at) VALUES ('385fd6ad-7b8b-49ba-980e-c28d697caf52', 'bd6064ca-e780-4ab4-a37b-0ae98eebb244', 'b79978a7-21b7-4656-af83-25585acffb20', '2021-01-12 00:55:33.046208', '2021-01-12 00:55:33.046208');
INSERT INTO service_params (id, service_id, service_item_param_key_id, created_at, updated_at) VALUES ('23483138-1b7f-4ace-9b21-d07d1fecb734', 'bd6064ca-e780-4ab4-a37b-0ae98eebb244', '4736f489-dfda-4df1-a303-8c434a120d5d', '2021-01-12 00:55:33.046208', '2021-01-12 00:55:33.046208');
INSERT INTO service_params (id, service_id, service_item_param_key_id, created_at, updated_at) VALUES ('8678b18e-80de-4e17-b426-261aad3575c3', 'bd424e45-397b-4766-9712-de4ae3a2da36', '164050e3-e35b-480d-bf6e-ed2fab86f370', '2021-01-12 00:55:33.046208', '2021-01-12 00:55:33.046208');
INSERT INTO service_params (id, service_id, service_item_param_key_id, created_at, updated_at) VALUES ('30dfd247-3f02-49c3-ab3e-87e381256655', 'bd424e45-397b-4766-9712-de4ae3a2da36', 'b9739817-6408-4829-8719-1e26f8a9ceb3', '2021-01-12 00:55:33.046208', '2021-01-12 00:55:33.046208');
INSERT INTO service_params (id, service_id, service_item_param_key_id, created_at, updated_at) VALUES ('90a510d4-4c5f-466a-a621-8a59cc156664', 'bd424e45-397b-4766-9712-de4ae3a2da36', '0c95581d-67de-48ae-a54b-a3748851d613', '2021-01-12 00:55:33.046208', '2021-01-12 00:55:33.046208');
INSERT INTO service_params (id, service_id, service_item_param_key_id, created_at, updated_at) VALUES ('c93bb020-f7e4-43f4-966c-f3921147d98d', 'bd424e45-397b-4766-9712-de4ae3a2da36', 'b79978a7-21b7-4656-af83-25585acffb20', '2021-01-12 00:55:33.046208', '2021-01-12 00:55:33.046208');
INSERT INTO service_params (id, service_id, service_item_param_key_id, created_at, updated_at) VALUES ('55d73836-c567-4abe-9d38-77d4eb7f68d7', 'bd424e45-397b-4766-9712-de4ae3a2da36', '6d44624c-b91b-4226-8fcd-98046e2f433d', '2021-01-12 00:55:33.046208', '2021-01-12 00:55:33.046208');
INSERT INTO service_params (id, service_id, service_item_param_key_id, created_at, updated_at) VALUES ('8adcf10e-8be7-4fd8-88e8-b59284c29821', '806c6d59-57ff-4a3f-9518-ebf29ba9cb10', '164050e3-e35b-480d-bf6e-ed2fab86f370', '2021-01-12 00:55:33.046208', '2021-01-12 00:55:33.046208');
INSERT INTO service_params (id, service_id, service_item_param_key_id, created_at, updated_at) VALUES ('579d7e93-088d-4bf3-8c5e-f3763dc2e29c', '806c6d59-57ff-4a3f-9518-ebf29ba9cb10', 'b9739817-6408-4829-8719-1e26f8a9ceb3', '2021-01-12 00:55:33.046208', '2021-01-12 00:55:33.046208');
INSERT INTO service_params (id, service_id, service_item_param_key_id, created_at, updated_at) VALUES ('853ed9e5-8ce6-41ee-8f5a-32f1333ed9f4', '806c6d59-57ff-4a3f-9518-ebf29ba9cb10', '0c95581d-67de-48ae-a54b-a3748851d613', '2021-01-12 00:55:33.046208', '2021-01-12 00:55:33.046208');
INSERT INTO service_params (id, service_id, service_item_param_key_id, created_at, updated_at) VALUES ('e158e824-1ddf-40fe-aff4-8c7cac7e4524', '806c6d59-57ff-4a3f-9518-ebf29ba9cb10', 'b79978a7-21b7-4656-af83-25585acffb20', '2021-01-12 00:55:33.046208', '2021-01-12 00:55:33.046208');
INSERT INTO service_params (id, service_id, service_item_param_key_id, created_at, updated_at) VALUES ('081a809d-3aaf-4818-a546-d6e1dbecc499', '806c6d59-57ff-4a3f-9518-ebf29ba9cb10', '4736f489-dfda-4df1-a303-8c434a120d5d', '2021-01-12 00:55:33.046208', '2021-01-12 00:55:33.046208');
INSERT INTO service_params (id, service_id, service_item_param_key_id, created_at, updated_at) VALUES ('3a2b5fe8-4fe1-436d-b03f-f8a5e773dc74', '6f4f6e31-0675-4051-b659-89832259f390', '164050e3-e35b-480d-bf6e-ed2fab86f370', '2021-01-12 00:55:33.046208', '2021-01-12 00:55:33.046208');
INSERT INTO service_params (id, service_id, service_item_param_key_id, created_at, updated_at) VALUES ('6fbff63f-f63e-4de1-8429-28dea833171c', '6f4f6e31-0675-4051-b659-89832259f390', 'b9739817-6408-4829-8719-1e26f8a9ceb3', '2021-01-12 00:55:33.046208', '2021-01-12 00:55:33.046208');
INSERT INTO service_params (id, service_id, service_item_param_key_id, created_at, updated_at) VALUES ('51e77058-1519-4f77-b2c2-991a16ba2f40', '6f4f6e31-0675-4051-b659-89832259f390', '0c95581d-67de-48ae-a54b-a3748851d613', '2021-01-12 00:55:33.046208', '2021-01-12 00:55:33.046208');
INSERT INTO service_params (id, service_id, service_item_param_key_id, created_at, updated_at) VALUES ('d359719e-dc8f-462d-b4fe-e40f19b32c7b', '6f4f6e31-0675-4051-b659-89832259f390', 'b79978a7-21b7-4656-af83-25585acffb20', '2021-01-12 00:55:33.046208', '2021-01-12 00:55:33.046208');
INSERT INTO service_params (id, service_id, service_item_param_key_id, created_at, updated_at) VALUES ('459c72da-abb7-435f-84d8-e46262caba49', '6f4f6e31-0675-4051-b659-89832259f390', '6d44624c-b91b-4226-8fcd-98046e2f433d', '2021-01-12 00:55:33.046208', '2021-01-12 00:55:33.046208');
INSERT INTO service_params (id, service_id, service_item_param_key_id, created_at, updated_at) VALUES ('f2800b0f-6bf3-425c-9b91-a7a59b39abc2', '28389ee1-56cf-400c-aa52-1501ecdd7c69', '164050e3-e35b-480d-bf6e-ed2fab86f370', '2021-01-12 00:55:33.046208', '2021-01-12 00:55:33.046208');
INSERT INTO service_params (id, service_id, service_item_param_key_id, created_at, updated_at) VALUES ('e23e5b16-6759-4957-aa2c-4138c928ddcd', '28389ee1-56cf-400c-aa52-1501ecdd7c69', 'b9739817-6408-4829-8719-1e26f8a9ceb3', '2021-01-12 00:55:33.046208', '2021-01-12 00:55:33.046208');
INSERT INTO service_params (id, service_id, service_item_param_key_id, created_at, updated_at) VALUES ('1d136f63-5893-473a-bbfc-c5655290d750', '28389ee1-56cf-400c-aa52-1501ecdd7c69', '0c95581d-67de-48ae-a54b-a3748851d613', '2021-01-12 00:55:33.046208', '2021-01-12 00:55:33.046208');
INSERT INTO service_params (id, service_id, service_item_param_key_id, created_at, updated_at) VALUES ('0dea3b2c-cccb-4d9a-87b5-03dae01397ff', '28389ee1-56cf-400c-aa52-1501ecdd7c69', 'b79978a7-21b7-4656-af83-25585acffb20', '2021-01-12 00:55:33.046208', '2021-01-12 00:55:33.046208');
INSERT INTO service_params (id, service_id, service_item_param_key_id, created_at, updated_at) VALUES ('af5a41d2-2711-4265-8752-f46e3e17a936', '28389ee1-56cf-400c-aa52-1501ecdd7c69', '4736f489-dfda-4df1-a303-8c434a120d5d', '2021-01-12 00:55:33.046208', '2021-01-12 00:55:33.046208');
INSERT INTO service_params (id, service_id, service_item_param_key_id, created_at, updated_at) VALUES ('62d41787-716a-4302-b7a6-4afd344a0079', '86203d72-7f7c-49ff-82f0-5b95e4958f60', '164050e3-e35b-480d-bf6e-ed2fab86f370', '2021-01-12 00:55:33.046208', '2021-01-12 00:55:33.046208');
INSERT INTO service_params (id, service_id, service_item_param_key_id, created_at, updated_at) VALUES ('61e7fd20-70fa-4464-83fb-7ab995178f26', '86203d72-7f7c-49ff-82f0-5b95e4958f60', '1fe986ae-dbff-4fe1-b528-714560f7d2f5', '2021-01-12 00:55:33.046208', '2021-01-12 00:55:33.046208');
INSERT INTO service_params (id, service_id, service_item_param_key_id, created_at, updated_at) VALUES ('a0bc145d-9d1d-44d8-b1a2-9dab5d925254', '86203d72-7f7c-49ff-82f0-5b95e4958f60', '9dcab9f4-aac4-4639-a11c-d85be1560b95', '2021-01-12 00:55:33.046208', '2021-01-12 00:55:33.046208');
INSERT INTO service_params (id, service_id, service_item_param_key_id, created_at, updated_at) VALUES ('d755c944-7380-4ca3-a01e-b273edf2a7cc', '86203d72-7f7c-49ff-82f0-5b95e4958f60', '02e6ab7a-818e-4a90-92a3-709019ba36a1', '2021-01-12 00:55:33.046208', '2021-01-12 00:55:33.046208');
INSERT INTO service_params (id, service_id, service_item_param_key_id, created_at, updated_at) VALUES ('18f7be16-1fc3-449e-a240-586c2c17f707', '4132416b-b1aa-42e7-98f2-0ac0a03e8a31', '164050e3-e35b-480d-bf6e-ed2fab86f370', '2021-01-12 00:55:33.046208', '2021-01-12 00:55:33.046208');
INSERT INTO service_params (id, service_id, service_item_param_key_id, created_at, updated_at) VALUES ('9a98ceef-5629-435e-8214-8c30511467e1', '4132416b-b1aa-42e7-98f2-0ac0a03e8a31', '1fe986ae-dbff-4fe1-b528-714560f7d2f5', '2021-01-12 00:55:33.046208', '2021-01-12 00:55:33.046208');
INSERT INTO service_params (id, service_id, service_item_param_key_id, created_at, updated_at) VALUES ('8a15c26e-c531-4836-8617-e75068317dfc', '4132416b-b1aa-42e7-98f2-0ac0a03e8a31', '9dcab9f4-aac4-4639-a11c-d85be1560b95', '2021-01-12 00:55:33.046208', '2021-01-12 00:55:33.046208');
INSERT INTO service_params (id, service_id, service_item_param_key_id, created_at, updated_at) VALUES ('b34b9c68-21b0-4b01-a553-78d4cbf0a516', '4132416b-b1aa-42e7-98f2-0ac0a03e8a31', '6a6cb0e2-d9e4-4155-b57c-0af0ea87dc06', '2021-01-12 00:55:33.046208', '2021-01-12 00:55:33.046208');
INSERT INTO service_params (id, service_id, service_item_param_key_id, created_at, updated_at) VALUES ('100b3224-de5e-4242-b160-fc71d59a19de', '624a97c5-dfbf-4da9-a6e9-526b4f95af8d', '164050e3-e35b-480d-bf6e-ed2fab86f370', '2021-01-12 00:55:33.046208', '2021-01-12 00:55:33.046208');
INSERT INTO service_params (id, service_id, service_item_param_key_id, created_at, updated_at) VALUES ('9c3ce9ca-df95-4a0a-bf40-8ad5ee54f692', '624a97c5-dfbf-4da9-a6e9-526b4f95af8d', 'b9739817-6408-4829-8719-1e26f8a9ceb3', '2021-01-12 00:55:33.046208', '2021-01-12 00:55:33.046208');
INSERT INTO service_params (id, service_id, service_item_param_key_id, created_at, updated_at) VALUES ('8aa222a5-59ec-4dfe-97e9-cccc9197fe89', '624a97c5-dfbf-4da9-a6e9-526b4f95af8d', '0c95581d-67de-48ae-a54b-a3748851d613', '2021-01-12 00:55:33.046208', '2021-01-12 00:55:33.046208');
INSERT INTO service_params (id, service_id, service_item_param_key_id, created_at, updated_at) VALUES ('e440932d-5a1c-460c-9ed9-69574a29959f', '624a97c5-dfbf-4da9-a6e9-526b4f95af8d', 'b79978a7-21b7-4656-af83-25585acffb20', '2021-01-12 00:55:33.046208', '2021-01-12 00:55:33.046208');
INSERT INTO service_params (id, service_id, service_item_param_key_id, created_at, updated_at) VALUES ('3876a014-0e63-45cf-82dc-bc2c8e92d1b0', '624a97c5-dfbf-4da9-a6e9-526b4f95af8d', '02e6ab7a-818e-4a90-92a3-709019ba36a1', '2021-01-12 00:55:33.046208', '2021-01-12 00:55:33.046208');
INSERT INTO service_params (id, service_id, service_item_param_key_id, created_at, updated_at) VALUES ('eb253cd4-b27b-4393-8ecc-e29a0d3f4f8f', '22fc07ed-be15-4f50-b941-cbd38153b378', '164050e3-e35b-480d-bf6e-ed2fab86f370', '2021-01-12 00:55:33.046208', '2021-01-12 00:55:33.046208');
INSERT INTO service_params (id, service_id, service_item_param_key_id, created_at, updated_at) VALUES ('d45f0292-d252-4eff-91fa-f77680ac3d6f', '22fc07ed-be15-4f50-b941-cbd38153b378', 'b9739817-6408-4829-8719-1e26f8a9ceb3', '2021-01-12 00:55:33.046208', '2021-01-12 00:55:33.046208');
INSERT INTO service_params (id, service_id, service_item_param_key_id, created_at, updated_at) VALUES ('74ac7312-ede6-409f-a851-04bbb7a8ff20', '22fc07ed-be15-4f50-b941-cbd38153b378', '0c95581d-67de-48ae-a54b-a3748851d613', '2021-01-12 00:55:33.046208', '2021-01-12 00:55:33.046208');
INSERT INTO service_params (id, service_id, service_item_param_key_id, created_at, updated_at) VALUES ('28a361ec-bb1f-4fb3-b05c-0c5dc2af5333', '22fc07ed-be15-4f50-b941-cbd38153b378', 'b79978a7-21b7-4656-af83-25585acffb20', '2021-01-12 00:55:33.046208', '2021-01-12 00:55:33.046208');
INSERT INTO service_params (id, service_id, service_item_param_key_id, created_at, updated_at) VALUES ('54de2e15-f0c7-490e-9770-22d2660eabc1', '22fc07ed-be15-4f50-b941-cbd38153b378', '6a6cb0e2-d9e4-4155-b57c-0af0ea87dc06', '2021-01-12 00:55:33.046208', '2021-01-12 00:55:33.046208');
INSERT INTO service_params (id, service_id, service_item_param_key_id, created_at, updated_at) VALUES ('83caa7e3-625d-4722-b3d8-81bf90d5b53a', '7e1c4f99-0054-4fac-a302-1a07a1daf58e', '164050e3-e35b-480d-bf6e-ed2fab86f370', '2021-01-12 00:55:33.046208', '2021-01-12 00:55:33.046208');
INSERT INTO service_params (id, service_id, service_item_param_key_id, created_at, updated_at) VALUES ('3d6fa54f-8f74-4fcf-89a7-77e495aff7be', '7e1c4f99-0054-4fac-a302-1a07a1daf58e', 'b9739817-6408-4829-8719-1e26f8a9ceb3', '2021-01-12 00:55:33.046208', '2021-01-12 00:55:33.046208');
INSERT INTO service_params (id, service_id, service_item_param_key_id, created_at, updated_at) VALUES ('7892c7cf-b314-45cb-8943-084a2433e79d', '7e1c4f99-0054-4fac-a302-1a07a1daf58e', '0c95581d-67de-48ae-a54b-a3748851d613', '2021-01-12 00:55:33.046208', '2021-01-12 00:55:33.046208');
INSERT INTO service_params (id, service_id, service_item_param_key_id, created_at, updated_at) VALUES ('c276c59c-5251-467a-8bb8-47fa6bc4fdb6', '7e1c4f99-0054-4fac-a302-1a07a1daf58e', 'b79978a7-21b7-4656-af83-25585acffb20', '2021-01-12 00:55:33.046208', '2021-01-12 00:55:33.046208');
INSERT INTO service_params (id, service_id, service_item_param_key_id, created_at, updated_at) VALUES ('0e7ae010-ebb1-41ad-8138-8d2dd2e780d0', '7e1c4f99-0054-4fac-a302-1a07a1daf58e', '0f564bdd-153c-44af-97ae-117b62339c02', '2021-01-12 00:55:33.046208', '2021-01-12 00:55:33.046208');
INSERT INTO service_params (id, service_id, service_item_param_key_id, created_at, updated_at) VALUES ('1d24be3a-0540-49dd-bd49-23d0ede9ea23', '7e1c4f99-0054-4fac-a302-1a07a1daf58e', '73060cd4-15fd-4d6d-9d38-9f362c7da7af', '2021-01-12 00:55:33.046208', '2021-01-12 00:55:33.046208');
INSERT INTO service_params (id, service_id, service_item_param_key_id, created_at, updated_at) VALUES ('f07868ad-c7f9-491d-9709-efc5a5f9acce', 'a68fa051-b09d-43f3-8290-f56fc89a4fe8', '164050e3-e35b-480d-bf6e-ed2fab86f370', '2021-01-12 00:55:33.046208', '2021-01-12 00:55:33.046208');
INSERT INTO service_params (id, service_id, service_item_param_key_id, created_at, updated_at) VALUES ('7ab04a2a-7a25-4ce2-b575-aad16ea3145a', 'a68fa051-b09d-43f3-8290-f56fc89a4fe8', 'b9739817-6408-4829-8719-1e26f8a9ceb3', '2021-01-12 00:55:33.046208', '2021-01-12 00:55:33.046208');
INSERT INTO service_params (id, service_id, service_item_param_key_id, created_at, updated_at) VALUES ('32e2e9f8-03b4-421e-bcdc-18d3feafff8c', 'a68fa051-b09d-43f3-8290-f56fc89a4fe8', '0c95581d-67de-48ae-a54b-a3748851d613', '2021-01-12 00:55:33.046208', '2021-01-12 00:55:33.046208');
INSERT INTO service_params (id, service_id, service_item_param_key_id, created_at, updated_at) VALUES ('52c999c6-bfab-4326-9d68-35d5071fd84d', 'a68fa051-b09d-43f3-8290-f56fc89a4fe8', 'b79978a7-21b7-4656-af83-25585acffb20', '2021-01-12 00:55:33.046208', '2021-01-12 00:55:33.046208');
INSERT INTO service_params (id, service_id, service_item_param_key_id, created_at, updated_at) VALUES ('5fa25515-ff12-4043-a837-254926cf5b6d', 'a68fa051-b09d-43f3-8290-f56fc89a4fe8', '0f564bdd-153c-44af-97ae-117b62339c02', '2021-01-12 00:55:33.046208', '2021-01-12 00:55:33.046208');
INSERT INTO service_params (id, service_id, service_item_param_key_id, created_at, updated_at) VALUES ('99cbf769-24d1-469b-ac29-b3c4c4e417c9', 'a68fa051-b09d-43f3-8290-f56fc89a4fe8', '73060cd4-15fd-4d6d-9d38-9f362c7da7af', '2021-01-12 00:55:33.046208', '2021-01-12 00:55:33.046208');
INSERT INTO service_params (id, service_id, service_item_param_key_id, created_at, updated_at) VALUES ('64d4e3ae-c69b-4c43-9a64-2bff0f8b29ea', '4780b30c-e846-437a-b39a-c499a6b09872', 'adeb57e5-6b1c-4c0f-b5c9-9e57e600303f', '2021-01-12 00:55:33.046208', '2021-01-12 00:55:33.046208');
INSERT INTO service_params (id, service_id, service_item_param_key_id, created_at, updated_at) VALUES ('78837c64-1953-49c2-9446-dfc92a30c028', 'dbd3a39a-6bb9-42da-b81a-9229df7019cf', '4f029437-2ba3-4d5d-b25f-c43c6aeb7077', '2021-01-12 00:55:33.046208', '2021-01-12 00:55:33.046208');
INSERT INTO service_params (id, service_id, service_item_param_key_id, created_at, updated_at) VALUES ('39845521-5a28-4d03-bca1-dd80366ae2d3', 'dbd3a39a-6bb9-42da-b81a-9229df7019cf', 'bfb33051-301a-4cd0-8271-e681e78ee095', '2021-01-12 00:55:33.046208', '2021-01-12 00:55:33.046208');
INSERT INTO service_params (id, service_id, service_item_param_key_id, created_at, updated_at) VALUES ('f2ad93c6-11e4-4b31-b026-15b2878a617c', 'dbd3a39a-6bb9-42da-b81a-9229df7019cf', '7ae62314-55f1-4fef-8b3d-c83edda9a4fd', '2021-01-12 00:55:33.046208', '2021-01-12 00:55:33.046208');
INSERT INTO service_params (id, service_id, service_item_param_key_id, created_at, updated_at) VALUES ('4b0fdda0-d86d-4073-bbb4-98a5d5106435', 'dbd3a39a-6bb9-42da-b81a-9229df7019cf', '6d1e8e68-4dcc-4ece-b96d-61ee3dfd67ea', '2021-01-12 00:55:33.046208', '2021-01-12 00:55:33.046208');
INSERT INTO service_params (id, service_id, service_item_param_key_id, created_at, updated_at) VALUES ('ab07b8b4-22d5-455f-9c43-ad264890ea73', '0e45b6f5-f2f5-4235-94e4-7b4cb899eb5d', '4f029437-2ba3-4d5d-b25f-c43c6aeb7077', '2021-01-12 00:55:33.046208', '2021-01-12 00:55:33.046208');
INSERT INTO service_params (id, service_id, service_item_param_key_id, created_at, updated_at) VALUES ('ca5374b8-c265-4ee3-b04d-e881ef155691', '0e45b6f5-f2f5-4235-94e4-7b4cb899eb5d', 'bfb33051-301a-4cd0-8271-e681e78ee095', '2021-01-12 00:55:33.046208', '2021-01-12 00:55:33.046208');
INSERT INTO service_params (id, service_id, service_item_param_key_id, created_at, updated_at) VALUES ('8d4df03a-88a5-4f44-b776-26056a4e5265', '0e45b6f5-f2f5-4235-94e4-7b4cb899eb5d', '7ae62314-55f1-4fef-8b3d-c83edda9a4fd', '2021-01-12 00:55:33.046208', '2021-01-12 00:55:33.046208');
INSERT INTO service_params (id, service_id, service_item_param_key_id, created_at, updated_at) VALUES ('7727f0a2-8218-47af-ab87-1c4b92f62bd5', '0e45b6f5-f2f5-4235-94e4-7b4cb899eb5d', '6d1e8e68-4dcc-4ece-b96d-61ee3dfd67ea', '2021-01-12 00:55:33.046208', '2021-01-12 00:55:33.046208');
INSERT INTO service_params (id, service_id, service_item_param_key_id, created_at, updated_at) VALUES ('b7b8fb51-ce90-4e3f-ba5b-810e8448a911', '2471cc2d-6ed5-4ecc-9d43-db9711c8645b', '4f029437-2ba3-4d5d-b25f-c43c6aeb7077', '2021-01-12 00:55:33.046208', '2021-01-12 00:55:33.046208');
INSERT INTO service_params (id, service_id, service_item_param_key_id, created_at, updated_at) VALUES ('3b3a66f3-62f2-4109-9155-b931c4dc3895', '2471cc2d-6ed5-4ecc-9d43-db9711c8645b', 'bfb33051-301a-4cd0-8271-e681e78ee095', '2021-01-12 00:55:33.046208', '2021-01-12 00:55:33.046208');
INSERT INTO service_params (id, service_id, service_item_param_key_id, created_at, updated_at) VALUES ('a4fc9c74-bb72-4351-8920-ec228aa1e3a9', '2471cc2d-6ed5-4ecc-9d43-db9711c8645b', '7ae62314-55f1-4fef-8b3d-c83edda9a4fd', '2021-01-12 00:55:33.046208', '2021-01-12 00:55:33.046208');
INSERT INTO service_params (id, service_id, service_item_param_key_id, created_at, updated_at) VALUES ('6293baf4-74a6-4f75-b4cd-90b9df7f46cb', '2471cc2d-6ed5-4ecc-9d43-db9711c8645b', '6d1e8e68-4dcc-4ece-b96d-61ee3dfd67ea', '2021-01-12 00:55:33.046208', '2021-01-12 00:55:33.046208');
INSERT INTO service_params (id, service_id, service_item_param_key_id, created_at, updated_at) VALUES ('b19959da-375c-4b71-b088-37968bc7e4e7', '20998cfd-bfc7-410b-a3c5-d709ead4f94e', 'afb75a59-8c88-4355-b55e-cc9eda672a55', '2021-01-12 00:55:33.046208', '2021-01-12 00:55:33.046208');
INSERT INTO service_params (id, service_id, service_item_param_key_id, created_at, updated_at) VALUES ('72b96ff2-ebf5-4380-aad4-e16008e0b3f9', '20998cfd-bfc7-410b-a3c5-d709ead4f94e', '421a4330-accc-44f4-9418-86fd5fc6195a', '2021-01-12 00:55:33.046208', '2021-01-12 00:55:33.046208');
INSERT INTO service_params (id, service_id, service_item_param_key_id, created_at, updated_at) VALUES ('1600c27b-e7c5-4548-a926-f87ba863e9ff', '20998cfd-bfc7-410b-a3c5-d709ead4f94e', '2e913e12-ac88-4425-bc89-a6bccb12734b', '2021-01-12 00:55:33.046208', '2021-01-12 00:55:33.046208');
INSERT INTO service_params (id, service_id, service_item_param_key_id, created_at, updated_at) VALUES ('831347e5-aa56-4171-b74c-f4d3667e4c15', '20998cfd-bfc7-410b-a3c5-d709ead4f94e', '8d3af988-0e2f-4ee0-9fbb-3df9235d01df', '2021-01-12 00:55:33.046208', '2021-01-12 00:55:33.046208');
INSERT INTO service_params (id, service_id, service_item_param_key_id, created_at, updated_at) VALUES ('746ca650-f544-41e3-a599-fb02eb5cb8d7', '20998cfd-bfc7-410b-a3c5-d709ead4f94e', 'd5900ed8-f5e6-49a1-af4c-6958c1190500', '2021-01-12 00:55:33.046208', '2021-01-12 00:55:33.046208');
INSERT INTO service_params (id, service_id, service_item_param_key_id, created_at, updated_at) VALUES ('7fa0dce7-e685-4dd7-9785-afa0423a8185', '20998cfd-bfc7-410b-a3c5-d709ead4f94e', 'c2813d4f-918a-450a-9b76-a1aa0a58b987', '2021-01-12 00:55:33.046208', '2021-01-12 00:55:33.046208');
INSERT INTO service_params (id, service_id, service_item_param_key_id, created_at, updated_at) VALUES ('3f9364df-eebe-47ba-bf53-b5a7973e159f', '387b9654-5685-4ac9-b213-81962be9c145', 'afb75a59-8c88-4355-b55e-cc9eda672a55', '2021-01-12 00:55:33.046208', '2021-01-12 00:55:33.046208');
INSERT INTO service_params (id, service_id, service_item_param_key_id, created_at, updated_at) VALUES ('86124953-f676-4421-bc3a-bd0f228bef22', '387b9654-5685-4ac9-b213-81962be9c145', '421a4330-accc-44f4-9418-86fd5fc6195a', '2021-01-12 00:55:33.046208', '2021-01-12 00:55:33.046208');
INSERT INTO service_params (id, service_id, service_item_param_key_id, created_at, updated_at) VALUES ('1759cc7f-1d00-4b27-ac3e-52b123842e1c', '387b9654-5685-4ac9-b213-81962be9c145', '2e913e12-ac88-4425-bc89-a6bccb12734b', '2021-01-12 00:55:33.046208', '2021-01-12 00:55:33.046208');
INSERT INTO service_params (id, service_id, service_item_param_key_id, created_at, updated_at) VALUES ('a1d4ca25-742b-477b-a0fb-86d78e1f1519', '387b9654-5685-4ac9-b213-81962be9c145', '8d3af988-0e2f-4ee0-9fbb-3df9235d01df', '2021-01-12 00:55:33.046208', '2021-01-12 00:55:33.046208');
INSERT INTO service_params (id, service_id, service_item_param_key_id, created_at, updated_at) VALUES ('5b920850-16b2-4af6-8553-1fa897bdd013', '387b9654-5685-4ac9-b213-81962be9c145', 'd5900ed8-f5e6-49a1-af4c-6958c1190500', '2021-01-12 00:55:33.046208', '2021-01-12 00:55:33.046208');
INSERT INTO service_params (id, service_id, service_item_param_key_id, created_at, updated_at) VALUES ('3aaaac7c-b5c0-4116-816b-9ed56e55b4cc', '387b9654-5685-4ac9-b213-81962be9c145', 'c2813d4f-918a-450a-9b76-a1aa0a58b987', '2021-01-12 00:55:33.046208', '2021-01-12 00:55:33.046208');
INSERT INTO service_params (id, service_id, service_item_param_key_id, created_at, updated_at) VALUES ('b82e1e45-8286-4247-b1c0-7f18d15a5896', '3cc83af7-ecb9-4b33-bbc6-ff1459f001e2', '0891eda2-bbba-4f04-bf84-e5266b059f76', '2021-01-12 00:55:33.046208', '2021-01-12 00:55:33.046208');
INSERT INTO service_params (id, service_id, service_item_param_key_id, created_at, updated_at) VALUES ('1bc91a8c-8c78-4863-90ff-7fc64bb52246', '3cc83af7-ecb9-4b33-bbc6-ff1459f001e2', 'ce6cd6db-d2af-4f0a-a17b-63bfb12f47a0', '2021-01-12 00:55:33.046208', '2021-01-12 00:55:33.046208');
INSERT INTO service_params (id, service_id, service_item_param_key_id, created_at, updated_at) VALUES ('1105dad9-e167-4fea-a84d-fc5db52802bd', '874cb86a-bc39-4f57-a614-53ee3fcacf14', '30bfc8e7-5219-4204-87e0-e96c46fcfe32', '2021-01-12 00:55:33.046208', '2021-01-12 00:55:33.046208');
INSERT INTO service_params (id, service_id, service_item_param_key_id, created_at, updated_at) VALUES ('18f15c57-5fad-4227-ba69-9efb782f3326', '874cb86a-bc39-4f57-a614-53ee3fcacf14', '5ec93806-b0a2-48e2-b7c7-fd1fce4eead0', '2021-01-12 00:55:33.046208', '2021-01-12 00:55:33.046208');
INSERT INTO service_params (id, service_id, service_item_param_key_id, created_at, updated_at) VALUES ('d6a05fbe-195a-4da5-9337-924f1a6a14e5', '84d53f9a-ad54-4d79-87ad-68a5e7af6912', '164050e3-e35b-480d-bf6e-ed2fab86f370', '2021-01-12 00:55:35.158473', '2021-01-12 00:55:35.158473');
INSERT INTO service_params (id, service_id, service_item_param_key_id, created_at, updated_at) VALUES ('888a33af-650a-4a7a-8339-c7c126016b4c', '84d53f9a-ad54-4d79-87ad-68a5e7af6912', '1df2468b-8fb4-4371-b8ce-3c05d7da2050', '2021-01-12 00:55:35.158473', '2021-01-12 00:55:35.158473');
INSERT INTO service_params (id, service_id, service_item_param_key_id, created_at, updated_at) VALUES ('687f05f6-7314-4dea-acbb-9716d50ef4e1', '84d53f9a-ad54-4d79-87ad-68a5e7af6912', '1fe986ae-dbff-4fe1-b528-714560f7d2f5', '2021-01-12 00:55:35.158473', '2021-01-12 00:55:35.158473');
INSERT INTO service_params (id, service_id, service_item_param_key_id, created_at, updated_at) VALUES ('5fa74c1a-d5e4-4282-a01f-d14cda185b04', '84d53f9a-ad54-4d79-87ad-68a5e7af6912', '9dcab9f4-aac4-4639-a11c-d85be1560b95', '2021-01-12 00:55:35.158473', '2021-01-12 00:55:35.158473');
INSERT INTO service_params (id, service_id, service_item_param_key_id, created_at, updated_at) VALUES ('3a15273e-0488-4f34-8408-89c0fd2b1b24', '84d53f9a-ad54-4d79-87ad-68a5e7af6912', 'cd37b2a6-ac7d-4c93-a148-ca67f7f67cff', '2021-01-12 00:55:35.158473', '2021-01-12 00:55:35.158473');
INSERT INTO service_params (id, service_id, service_item_param_key_id, created_at, updated_at) VALUES ('6530f433-4594-4280-be33-750c9de1ba69', '84d53f9a-ad54-4d79-87ad-68a5e7af6912', '599bbc21-8d1d-4039-9a89-ff52e3582144', '2021-01-12 00:55:35.158473', '2021-01-12 00:55:35.158473');
INSERT INTO service_params (id, service_id, service_item_param_key_id, created_at, updated_at) VALUES ('090d61a8-9007-4f5f-aa0d-3d6e3db146c5', '84d53f9a-ad54-4d79-87ad-68a5e7af6912', 'e6096350-9ac4-40aa-90c4-bbdff6e0b194', '2021-01-12 00:55:35.158473', '2021-01-12 00:55:35.158473');
INSERT INTO service_params (id, service_id, service_item_param_key_id, created_at, updated_at) VALUES ('753d05c7-ba01-417d-8df5-cac10664b88e', '021791b8-26ca-4494-a3d1-6945e4dde387', '164050e3-e35b-480d-bf6e-ed2fab86f370', '2021-01-12 00:55:35.158473', '2021-01-12 00:55:35.158473');
INSERT INTO service_params (id, service_id, service_item_param_key_id, created_at, updated_at) VALUES ('3b8e7ce1-ce3f-445c-a38c-8d421979f608', '021791b8-26ca-4494-a3d1-6945e4dde387', '1fe986ae-dbff-4fe1-b528-714560f7d2f5', '2021-01-12 00:55:35.158473', '2021-01-12 00:55:35.158473');
INSERT INTO service_params (id, service_id, service_item_param_key_id, created_at, updated_at) VALUES ('7574f3ae-47fd-4515-906b-7b011b694a34', '021791b8-26ca-4494-a3d1-6945e4dde387', '9dcab9f4-aac4-4639-a11c-d85be1560b95', '2021-01-12 00:55:35.158473', '2021-01-12 00:55:35.158473');
INSERT INTO service_params (id, service_id, service_item_param_key_id, created_at, updated_at) VALUES ('a6ac01c5-409e-4086-84fc-e10ca5114e70', '021791b8-26ca-4494-a3d1-6945e4dde387', '02e6ab7a-818e-4a90-92a3-709019ba36a1', '2021-01-12 00:55:35.158473', '2021-01-12 00:55:35.158473');
INSERT INTO service_params (id, service_id, service_item_param_key_id, created_at, updated_at) VALUES ('10b87be8-d4ed-408c-925c-8e6377f914c7', '1130e612-94eb-49a7-973d-72f33685e551', '958e43d9-a10c-4cf9-9737-4103f9d2de29', '2021-01-12 00:55:33.046208', '2021-01-12 00:55:33.046208');
INSERT INTO service_params (id, service_id, service_item_param_key_id, created_at, updated_at) VALUES ('4df01039-854d-4c7e-8655-39fc3dec3237', '9dc919da-9b66-407b-9f17-05c0f03fcb50', '958e43d9-a10c-4cf9-9737-4103f9d2de29', '2021-01-12 00:55:33.046208', '2021-01-12 00:55:33.046208');
INSERT INTO service_params (id, service_id, service_item_param_key_id, created_at, updated_at) VALUES ('4baec0a7-6bd2-44c4-9264-cc35f8bffac5', '1130e612-94eb-49a7-973d-72f33685e551', 'a1d31d35-c87d-4a7d-b0b8-8b2646b96e43', '2021-01-12 00:55:35.540508', '2021-01-12 00:55:35.540508');
INSERT INTO service_params (id, service_id, service_item_param_key_id, created_at, updated_at) VALUES ('24a5f4cc-ce86-4e16-be18-e3a3c91c6549', '9dc919da-9b66-407b-9f17-05c0f03fcb50', 'a1d31d35-c87d-4a7d-b0b8-8b2646b96e43', '2021-01-12 00:55:35.540508', '2021-01-12 00:55:35.540508');
INSERT INTO service_params (id, service_id, service_item_param_key_id, created_at, updated_at) VALUES ('f8470fb8-fd3b-41bb-b2ce-93d448c2067b', '4b85962e-25d3-4485-b43c-2497c4365598', 'a1d31d35-c87d-4a7d-b0b8-8b2646b96e43', '2021-01-12 00:55:40.161022', '2021-01-12 00:55:40.161022');
INSERT INTO service_params (id, service_id, service_item_param_key_id, created_at, updated_at) VALUES ('148aad01-abb2-4cf0-abdb-adf7d6b08f27', '8d600f25-1def-422d-b159-617c7d59156e', 'a1d31d35-c87d-4a7d-b0b8-8b2646b96e43', '2021-01-12 00:55:40.233927', '2021-01-12 00:55:40.233927');
INSERT INTO service_params (id, service_id, service_item_param_key_id, created_at, updated_at) VALUES ('c5e46220-b1ad-4388-b8b0-1128c92f0bc0', '50f1179a-3b72-4fa1-a951-fe5bcc70bd14', 'a1d31d35-c87d-4a7d-b0b8-8b2646b96e43', '2021-01-12 00:55:40.372288', '2021-01-12 00:55:40.372288');
INSERT INTO service_params (id, service_id, service_item_param_key_id, created_at, updated_at) VALUES ('429a7749-f978-4054-a95d-17e8bbf64e48', '2bc3e5cb-adef-46b1-bde9-55570bfdd43e', 'a1d31d35-c87d-4a7d-b0b8-8b2646b96e43', '2021-01-12 00:55:40.392897', '2021-01-12 00:55:40.392897');
INSERT INTO service_params (id, service_id, service_item_param_key_id, created_at, updated_at) VALUES ('6327acfb-f05f-4bc6-936e-98a37e0161f5', '4780b30c-e846-437a-b39a-c499a6b09872', 'a1d31d35-c87d-4a7d-b0b8-8b2646b96e43', '2021-01-12 00:55:40.451511', '2021-01-12 00:55:40.451511');
INSERT INTO service_params (id, service_id, service_item_param_key_id, created_at, updated_at) VALUES ('c4de8b6e-22c6-4f59-8071-5c35fc7d6712', '4780b30c-e846-437a-b39a-c499a6b09872', '14a93209-370d-42f3-8ca2-479c953be839', '2021-01-12 00:55:40.451511', '2021-01-12 00:55:40.451511');
INSERT INTO service_params (id, service_id, service_item_param_key_id, created_at, updated_at) VALUES ('ebab5c79-63bc-4815-99e0-d04e40fa7a05', '4780b30c-e846-437a-b39a-c499a6b09872', '54c9cc4e-0d46-4956-b92e-be9847f894de', '2021-01-12 00:55:40.451511', '2021-01-12 00:55:40.451511');
INSERT INTO service_params (id, service_id, service_item_param_key_id, created_at, updated_at) VALUES ('407d3aa3-782b-4d52-95db-8bf810d35838', '4780b30c-e846-437a-b39a-c499a6b09872', '7a99efc3-df2b-401f-ae56-f293517afbde', '2021-01-12 00:55:40.451511', '2021-01-12 00:55:40.451511');
INSERT INTO service_params (id, service_id, service_item_param_key_id, created_at, updated_at) VALUES ('b38e45de-e63d-42b4-bb9f-045de9a2b054', '4780b30c-e846-437a-b39a-c499a6b09872', '60b0d960-eb2e-4597-846b-d97720493799', '2021-01-12 00:55:40.451511', '2021-01-12 00:55:40.451511');
INSERT INTO service_params (id, service_id, service_item_param_key_id, created_at, updated_at) VALUES ('272f7bc4-dce1-4eda-b5b4-fe610b928bd2', '4780b30c-e846-437a-b39a-c499a6b09872', 'b9739817-6408-4829-8719-1e26f8a9ceb3', '2021-01-12 00:55:40.451511', '2021-01-12 00:55:40.451511');
INSERT INTO service_params (id, service_id, service_item_param_key_id, created_at, updated_at) VALUES ('0a0f32dc-2629-4abc-a2a7-764fea0f1ac7', 'bdea5a8d-f15f-47d2-85c9-bba5694802ce', 'a1d31d35-c87d-4a7d-b0b8-8b2646b96e43', '2021-01-12 00:55:40.896956', '2021-01-12 00:55:40.896956');
INSERT INTO service_params (id, service_id, service_item_param_key_id, created_at, updated_at) VALUES ('089bdef0-7924-4eb0-9439-b4353f80eaf1', '15f01bc1-0754-4341-8e0f-25c8f04d5a77', 'a1d31d35-c87d-4a7d-b0b8-8b2646b96e43', '2021-01-12 00:55:41.034489', '2021-01-12 00:55:41.034489');


--
-- PostgreSQL database dump complete
--

