DELETE from orders where origin_duty_location_id = 'c86a979f-a8d6-451a-a9fe-d1b853d92ad8' or new_duty_location_id = 'c86a979f-a8d6-451a-a9fe-d1b853d92ad8';
DELETE from service_members where duty_location_id = 'c86a979f-a8d6-451a-a9fe-d1b853d92ad8';
DELETE from duty_location_names where duty_location_id = 'c86a979f-a8d6-451a-a9fe-d1b853d92ad8';
DELETE from duty_locations where id = 'c86a979f-a8d6-451a-a9fe-d1b853d92ad8';

DELETE from orders where origin_duty_location_id = 'ae2b31c5-49a6-4365-b6b0-9017f87e006e' or new_duty_location_id = 'ae2b31c5-49a6-4365-b6b0-9017f87e006e';
DELETE from service_members where duty_location_id = 'ae2b31c5-49a6-4365-b6b0-9017f87e006e';
DELETE from duty_location_names where duty_location_id = 'ae2b31c5-49a6-4365-b6b0-9017f87e006e';
DELETE from duty_locations where id = 'ae2b31c5-49a6-4365-b6b0-9017f87e006e';

DELETE from orders where origin_duty_location_id = '52eb6213-cc1e-43eb-95ff-03413e2c6f47' or new_duty_location_id = '52eb6213-cc1e-43eb-95ff-03413e2c6f47';
DELETE from service_members where duty_location_id = '52eb6213-cc1e-43eb-95ff-03413e2c6f47';
DELETE from duty_location_names where duty_location_id = '52eb6213-cc1e-43eb-95ff-03413e2c6f47';
DELETE from duty_locations where id = '52eb6213-cc1e-43eb-95ff-03413e2c6f47';

DELETE from orders where origin_duty_location_id = '07ceaab9-2471-4795-837c-341e3301ee5c' or new_duty_location_id = '07ceaab9-2471-4795-837c-341e3301ee5c';
DELETE from service_members where duty_location_id = '07ceaab9-2471-4795-837c-341e3301ee5c';
DELETE from duty_location_names where duty_location_id = '07ceaab9-2471-4795-837c-341e3301ee5c';
DELETE from duty_locations where id = '07ceaab9-2471-4795-837c-341e3301ee5c';

DELETE from orders where origin_duty_location_id = '32c2bae7-2e1d-4078-aeba-aa9ba8f9c628' or new_duty_location_id = '32c2bae7-2e1d-4078-aeba-aa9ba8f9c628';
DELETE from service_members where duty_location_id = '32c2bae7-2e1d-4078-aeba-aa9ba8f9c628';
DELETE from duty_location_names where duty_location_id = '32c2bae7-2e1d-4078-aeba-aa9ba8f9c628';
DELETE from duty_locations where id = '32c2bae7-2e1d-4078-aeba-aa9ba8f9c628';

DELETE from orders where origin_duty_location_id = 'd1d622a8-ef06-4a1b-baa4-b00a9689b321' or new_duty_location_id = 'd1d622a8-ef06-4a1b-baa4-b00a9689b321';
DELETE from service_members where duty_location_id = 'd1d622a8-ef06-4a1b-baa4-b00a9689b321';
DELETE from duty_location_names where duty_location_id = 'd1d622a8-ef06-4a1b-baa4-b00a9689b321';
DELETE from duty_locations where id = 'd1d622a8-ef06-4a1b-baa4-b00a9689b321';

DELETE from orders where origin_duty_location_id = '889befc3-10b3-47a0-9dfe-550a82fb66bc' or new_duty_location_id = '889befc3-10b3-47a0-9dfe-550a82fb66bc';
DELETE from service_members where duty_location_id = '889befc3-10b3-47a0-9dfe-550a82fb66bc';
DELETE from duty_location_names where duty_location_id = '889befc3-10b3-47a0-9dfe-550a82fb66bc';
DELETE from duty_locations where id = '889befc3-10b3-47a0-9dfe-550a82fb66bc';

DELETE from orders where origin_duty_location_id = '88dadd69-1822-448a-900c-f635039ed812' or new_duty_location_id = '88dadd69-1822-448a-900c-f635039ed812';
DELETE from service_members where duty_location_id = '88dadd69-1822-448a-900c-f635039ed812';
DELETE from duty_location_names where duty_location_id = '88dadd69-1822-448a-900c-f635039ed812';
DELETE from duty_locations where id = '88dadd69-1822-448a-900c-f635039ed812';

DELETE from orders where origin_duty_location_id = '91f9bd31-fbe9-4b11-b3c7-5f728379e814' or new_duty_location_id = '91f9bd31-fbe9-4b11-b3c7-5f728379e814';
DELETE from service_members where duty_location_id = '91f9bd31-fbe9-4b11-b3c7-5f728379e814';
DELETE from duty_location_names where duty_location_id = '91f9bd31-fbe9-4b11-b3c7-5f728379e814';
DELETE from duty_locations where id = '91f9bd31-fbe9-4b11-b3c7-5f728379e814';

DELETE from orders where origin_duty_location_id = '3737956f-ce31-4d8b-95b6-9ea4e17eb90c' or new_duty_location_id = '3737956f-ce31-4d8b-95b6-9ea4e17eb90c';
DELETE from service_members where duty_location_id = '3737956f-ce31-4d8b-95b6-9ea4e17eb90c';
DELETE from duty_location_names where duty_location_id = '3737956f-ce31-4d8b-95b6-9ea4e17eb90c';
DELETE from duty_locations where id = '3737956f-ce31-4d8b-95b6-9ea4e17eb90c';

DELETE from orders where origin_duty_location_id = '3e30bc23-6eea-4793-beda-230326f8a0b9' or new_duty_location_id = '3e30bc23-6eea-4793-beda-230326f8a0b9';
DELETE from service_members where duty_location_id = '3e30bc23-6eea-4793-beda-230326f8a0b9';
DELETE from duty_location_names where duty_location_id = '3e30bc23-6eea-4793-beda-230326f8a0b9';
DELETE from duty_locations where id = '3e30bc23-6eea-4793-beda-230326f8a0b9';

DELETE from orders where origin_duty_location_id = '8808d3a6-6223-424f-80aa-505de1280a1a' or new_duty_location_id = '8808d3a6-6223-424f-80aa-505de1280a1a';
DELETE from service_members where duty_location_id = '8808d3a6-6223-424f-80aa-505de1280a1a';
DELETE from duty_location_names where duty_location_id = '8808d3a6-6223-424f-80aa-505de1280a1a';
DELETE from duty_locations where id = '8808d3a6-6223-424f-80aa-505de1280a1a';

DELETE from orders where origin_duty_location_id = '500d8d5f-7b67-4c66-95d3-f68e46432515' or new_duty_location_id = '500d8d5f-7b67-4c66-95d3-f68e46432515';
DELETE from service_members where duty_location_id = '500d8d5f-7b67-4c66-95d3-f68e46432515';
DELETE from duty_location_names where duty_location_id = '500d8d5f-7b67-4c66-95d3-f68e46432515';
DELETE from duty_locations where id = '500d8d5f-7b67-4c66-95d3-f68e46432515';

DELETE from orders where origin_duty_location_id = 'b29031a6-91c2-46c6-8d4e-49baf71ccd8c' or new_duty_location_id = 'b29031a6-91c2-46c6-8d4e-49baf71ccd8c';
DELETE from service_members where duty_location_id = 'b29031a6-91c2-46c6-8d4e-49baf71ccd8c';
DELETE from duty_location_names where duty_location_id = 'b29031a6-91c2-46c6-8d4e-49baf71ccd8c';
DELETE from duty_locations where id = 'b29031a6-91c2-46c6-8d4e-49baf71ccd8c';

DELETE from orders where origin_duty_location_id = 'b1b6ea87-363f-445e-9e97-c7fb761e9062' or new_duty_location_id = 'b1b6ea87-363f-445e-9e97-c7fb761e9062';
DELETE from service_members where duty_location_id = 'b1b6ea87-363f-445e-9e97-c7fb761e9062';
DELETE from duty_location_names where duty_location_id = 'b1b6ea87-363f-445e-9e97-c7fb761e9062';
DELETE from duty_locations where id = 'b1b6ea87-363f-445e-9e97-c7fb761e9062';

DELETE from orders where origin_duty_location_id = 'd507e7e1-c078-47fb-b58c-32c1c87aeb1c' or new_duty_location_id = 'd507e7e1-c078-47fb-b58c-32c1c87aeb1c';
DELETE from service_members where duty_location_id = 'd507e7e1-c078-47fb-b58c-32c1c87aeb1c';
DELETE from duty_location_names where duty_location_id = 'd507e7e1-c078-47fb-b58c-32c1c87aeb1c';
DELETE from duty_locations where id = 'd507e7e1-c078-47fb-b58c-32c1c87aeb1c';

DELETE from orders where origin_duty_location_id = 'cfeda81e-e093-4250-a548-bce5373c08f3' or new_duty_location_id = 'cfeda81e-e093-4250-a548-bce5373c08f3';
DELETE from service_members where duty_location_id = 'cfeda81e-e093-4250-a548-bce5373c08f3';
DELETE from duty_location_names where duty_location_id = 'cfeda81e-e093-4250-a548-bce5373c08f3';
DELETE from duty_locations where id = 'cfeda81e-e093-4250-a548-bce5373c08f3';

DELETE from orders where origin_duty_location_id = 'b1ca4e7e-0c2e-4fd8-90f1-2dc7804a25ba' or new_duty_location_id = 'b1ca4e7e-0c2e-4fd8-90f1-2dc7804a25ba';
DELETE from service_members where duty_location_id = 'b1ca4e7e-0c2e-4fd8-90f1-2dc7804a25ba';
DELETE from duty_location_names where duty_location_id = 'b1ca4e7e-0c2e-4fd8-90f1-2dc7804a25ba';
DELETE from duty_locations where id = 'b1ca4e7e-0c2e-4fd8-90f1-2dc7804a25ba';

DELETE from orders where origin_duty_location_id = '402bd87b-cf6a-40e5-b93e-c245787cda58' or new_duty_location_id = '402bd87b-cf6a-40e5-b93e-c245787cda58';
DELETE from service_members where duty_location_id = '402bd87b-cf6a-40e5-b93e-c245787cda58';
DELETE from duty_location_names where duty_location_id = '402bd87b-cf6a-40e5-b93e-c245787cda58';
DELETE from duty_locations where id = '402bd87b-cf6a-40e5-b93e-c245787cda58';

DELETE from orders where origin_duty_location_id = '81e6c5df-8eed-474f-92ac-4b3658c9d283' or new_duty_location_id = '81e6c5df-8eed-474f-92ac-4b3658c9d283';
DELETE from service_members where duty_location_id = '81e6c5df-8eed-474f-92ac-4b3658c9d283';
DELETE from duty_location_names where duty_location_id = '81e6c5df-8eed-474f-92ac-4b3658c9d283';
DELETE from duty_locations where id = '81e6c5df-8eed-474f-92ac-4b3658c9d283';

DELETE from orders where origin_duty_location_id = 'b67e0d60-5272-4698-ac7c-4bbf1928a137' or new_duty_location_id = 'b67e0d60-5272-4698-ac7c-4bbf1928a137';
DELETE from service_members where duty_location_id = 'b67e0d60-5272-4698-ac7c-4bbf1928a137';
DELETE from duty_location_names where duty_location_id = 'b67e0d60-5272-4698-ac7c-4bbf1928a137';
DELETE from duty_locations where id = 'b67e0d60-5272-4698-ac7c-4bbf1928a137';

DELETE from orders where origin_duty_location_id = '370a8beb-3d57-40b1-9b1d-2739f855b4c6' or new_duty_location_id = '370a8beb-3d57-40b1-9b1d-2739f855b4c6';
DELETE from service_members where duty_location_id = '370a8beb-3d57-40b1-9b1d-2739f855b4c6';
DELETE from duty_location_names where duty_location_id = '370a8beb-3d57-40b1-9b1d-2739f855b4c6';
DELETE from duty_locations where id = '370a8beb-3d57-40b1-9b1d-2739f855b4c6';

DELETE from orders where origin_duty_location_id = '4b0112c2-6e46-43b7-812b-84df2fd19a07' or new_duty_location_id = '4b0112c2-6e46-43b7-812b-84df2fd19a07';
DELETE from service_members where duty_location_id = '4b0112c2-6e46-43b7-812b-84df2fd19a07';
DELETE from duty_location_names where duty_location_id = '4b0112c2-6e46-43b7-812b-84df2fd19a07';
DELETE from duty_locations where id = '4b0112c2-6e46-43b7-812b-84df2fd19a07';

DELETE from orders where origin_duty_location_id = 'f5c0b566-ba0a-45da-b46b-a6708d4ac5b0' or new_duty_location_id = 'f5c0b566-ba0a-45da-b46b-a6708d4ac5b0';
DELETE from service_members where duty_location_id = 'f5c0b566-ba0a-45da-b46b-a6708d4ac5b0';
DELETE from duty_location_names where duty_location_id = 'f5c0b566-ba0a-45da-b46b-a6708d4ac5b0';
DELETE from duty_locations where id = 'f5c0b566-ba0a-45da-b46b-a6708d4ac5b0';

DELETE from orders where origin_duty_location_id = '92d4e905-f68a-49e9-9781-57d51eb8bbca' or new_duty_location_id = '92d4e905-f68a-49e9-9781-57d51eb8bbca';
DELETE from service_members where duty_location_id = '92d4e905-f68a-49e9-9781-57d51eb8bbca';
DELETE from duty_location_names where duty_location_id = '92d4e905-f68a-49e9-9781-57d51eb8bbca';
DELETE from duty_locations where id = '92d4e905-f68a-49e9-9781-57d51eb8bbca';

DELETE from orders where origin_duty_location_id = 'cc908089-0d8e-43e5-aaea-06a2121e9b5e' or new_duty_location_id = 'cc908089-0d8e-43e5-aaea-06a2121e9b5e';
DELETE from service_members where duty_location_id = 'cc908089-0d8e-43e5-aaea-06a2121e9b5e';
DELETE from duty_location_names where duty_location_id = 'cc908089-0d8e-43e5-aaea-06a2121e9b5e';
DELETE from duty_locations where id = 'cc908089-0d8e-43e5-aaea-06a2121e9b5e';

DELETE from orders where origin_duty_location_id = '87717571-3b9f-4b28-a061-9f279ccd75f1' or new_duty_location_id = '87717571-3b9f-4b28-a061-9f279ccd75f1';
DELETE from service_members where duty_location_id = '87717571-3b9f-4b28-a061-9f279ccd75f1';
DELETE from duty_location_names where duty_location_id = '87717571-3b9f-4b28-a061-9f279ccd75f1';
DELETE from duty_locations where id = '87717571-3b9f-4b28-a061-9f279ccd75f1';

DELETE from orders where origin_duty_location_id = '3b4a441a-0bba-46c8-b9a1-85732732e8b0' or new_duty_location_id = '3b4a441a-0bba-46c8-b9a1-85732732e8b0';
DELETE from service_members where duty_location_id = '3b4a441a-0bba-46c8-b9a1-85732732e8b0';
DELETE from duty_location_names where duty_location_id = '3b4a441a-0bba-46c8-b9a1-85732732e8b0';
DELETE from duty_locations where id = '3b4a441a-0bba-46c8-b9a1-85732732e8b0';

DELETE from orders where origin_duty_location_id = '053e8e0d-bbf2-4707-ba6f-3442f758330f' or new_duty_location_id = '053e8e0d-bbf2-4707-ba6f-3442f758330f';
DELETE from service_members where duty_location_id = '053e8e0d-bbf2-4707-ba6f-3442f758330f';
DELETE from duty_location_names where duty_location_id = '053e8e0d-bbf2-4707-ba6f-3442f758330f';
DELETE from duty_locations where id = '053e8e0d-bbf2-4707-ba6f-3442f758330f';

DELETE from orders where origin_duty_location_id = 'c19873fd-14e8-4705-ab9a-c9435bc8361c' or new_duty_location_id = 'c19873fd-14e8-4705-ab9a-c9435bc8361c';
DELETE from service_members where duty_location_id = 'c19873fd-14e8-4705-ab9a-c9435bc8361c';
DELETE from duty_location_names where duty_location_id = 'c19873fd-14e8-4705-ab9a-c9435bc8361c';
DELETE from duty_locations where id = 'c19873fd-14e8-4705-ab9a-c9435bc8361c';

DELETE from orders where origin_duty_location_id = '9d28ffee-b0a9-4bee-bd97-8a358a771145' or new_duty_location_id = '9d28ffee-b0a9-4bee-bd97-8a358a771145';
DELETE from service_members where duty_location_id = '9d28ffee-b0a9-4bee-bd97-8a358a771145';
DELETE from duty_location_names where duty_location_id = '9d28ffee-b0a9-4bee-bd97-8a358a771145';
DELETE from duty_locations where id = '9d28ffee-b0a9-4bee-bd97-8a358a771145';

DELETE from orders where origin_duty_location_id = 'c31bdc3f-4317-4b91-8cda-ae5ebf5e55d7' or new_duty_location_id = 'c31bdc3f-4317-4b91-8cda-ae5ebf5e55d7';
DELETE from service_members where duty_location_id = 'c31bdc3f-4317-4b91-8cda-ae5ebf5e55d7';
DELETE from duty_location_names where duty_location_id = 'c31bdc3f-4317-4b91-8cda-ae5ebf5e55d7';
DELETE from duty_locations where id = 'c31bdc3f-4317-4b91-8cda-ae5ebf5e55d7';

DELETE from orders where origin_duty_location_id = '3d52ba09-a92e-4b02-ae1d-be9e9f953ab6' or new_duty_location_id = '3d52ba09-a92e-4b02-ae1d-be9e9f953ab6';
DELETE from service_members where duty_location_id = '3d52ba09-a92e-4b02-ae1d-be9e9f953ab6';
DELETE from duty_location_names where duty_location_id = '3d52ba09-a92e-4b02-ae1d-be9e9f953ab6';
DELETE from duty_locations where id = '3d52ba09-a92e-4b02-ae1d-be9e9f953ab6';

DELETE from orders where origin_duty_location_id = '8053e1f1-8646-4c5f-8612-1f6652dd556d' or new_duty_location_id = '8053e1f1-8646-4c5f-8612-1f6652dd556d';
DELETE from service_members where duty_location_id = '8053e1f1-8646-4c5f-8612-1f6652dd556d';
DELETE from duty_location_names where duty_location_id = '8053e1f1-8646-4c5f-8612-1f6652dd556d';
DELETE from duty_locations where id = '8053e1f1-8646-4c5f-8612-1f6652dd556d';

DELETE from orders where origin_duty_location_id = 'f66e3b55-35c7-4c1e-b871-8fc3ffc3d246' or new_duty_location_id = 'f66e3b55-35c7-4c1e-b871-8fc3ffc3d246';
DELETE from service_members where duty_location_id = 'f66e3b55-35c7-4c1e-b871-8fc3ffc3d246';
DELETE from duty_location_names where duty_location_id = 'f66e3b55-35c7-4c1e-b871-8fc3ffc3d246';
DELETE from duty_locations where id = 'f66e3b55-35c7-4c1e-b871-8fc3ffc3d246';

DELETE from orders where origin_duty_location_id = 'e6919ffb-5b42-4dc6-9e79-71c7c2f32e4d' or new_duty_location_id = 'e6919ffb-5b42-4dc6-9e79-71c7c2f32e4d';
DELETE from service_members where duty_location_id = 'e6919ffb-5b42-4dc6-9e79-71c7c2f32e4d';
DELETE from duty_location_names where duty_location_id = 'e6919ffb-5b42-4dc6-9e79-71c7c2f32e4d';
DELETE from duty_locations where id = 'e6919ffb-5b42-4dc6-9e79-71c7c2f32e4d';

DELETE from orders where origin_duty_location_id = '36109a72-aa75-44d5-950d-3ad33ef92ca0' or new_duty_location_id = '36109a72-aa75-44d5-950d-3ad33ef92ca0';
DELETE from service_members where duty_location_id = '36109a72-aa75-44d5-950d-3ad33ef92ca0';
DELETE from duty_location_names where duty_location_id = '36109a72-aa75-44d5-950d-3ad33ef92ca0';
DELETE from duty_locations where id = '36109a72-aa75-44d5-950d-3ad33ef92ca0';

DELETE from orders where origin_duty_location_id = '5980ec6f-6cec-4364-b697-6cb93f6da2fe' or new_duty_location_id = '5980ec6f-6cec-4364-b697-6cb93f6da2fe';
DELETE from service_members where duty_location_id = '5980ec6f-6cec-4364-b697-6cb93f6da2fe';
DELETE from duty_location_names where duty_location_id = '5980ec6f-6cec-4364-b697-6cb93f6da2fe';
DELETE from duty_locations where id = '5980ec6f-6cec-4364-b697-6cb93f6da2fe';

DELETE from orders where origin_duty_location_id = 'd899503c-cf8c-41a4-84f0-ac8f7f6a3041' or new_duty_location_id = 'd899503c-cf8c-41a4-84f0-ac8f7f6a3041';
DELETE from service_members where duty_location_id = 'd899503c-cf8c-41a4-84f0-ac8f7f6a3041';
DELETE from duty_location_names where duty_location_id = 'd899503c-cf8c-41a4-84f0-ac8f7f6a3041';
DELETE from duty_locations where id = 'd899503c-cf8c-41a4-84f0-ac8f7f6a3041';

DELETE from orders where origin_duty_location_id = '3bbd774f-83d9-4edb-b869-f296ad851a16' or new_duty_location_id = '3bbd774f-83d9-4edb-b869-f296ad851a16';
DELETE from service_members where duty_location_id = '3bbd774f-83d9-4edb-b869-f296ad851a16';
DELETE from duty_location_names where duty_location_id = '3bbd774f-83d9-4edb-b869-f296ad851a16';
DELETE from duty_locations where id = '3bbd774f-83d9-4edb-b869-f296ad851a16';

DELETE from orders where origin_duty_location_id = '844f71e4-ff05-49af-a00f-2948a6c4f51d' or new_duty_location_id = '844f71e4-ff05-49af-a00f-2948a6c4f51d';
DELETE from service_members where duty_location_id = '844f71e4-ff05-49af-a00f-2948a6c4f51d';
DELETE from duty_location_names where duty_location_id = '844f71e4-ff05-49af-a00f-2948a6c4f51d';
DELETE from duty_locations where id = '844f71e4-ff05-49af-a00f-2948a6c4f51d';

DELETE from orders where origin_duty_location_id = '8cc3e75c-c51f-4eda-bc1e-3a2c4f737cb5' or new_duty_location_id = '8cc3e75c-c51f-4eda-bc1e-3a2c4f737cb5';
DELETE from service_members where duty_location_id = '8cc3e75c-c51f-4eda-bc1e-3a2c4f737cb5';
DELETE from duty_location_names where duty_location_id = '8cc3e75c-c51f-4eda-bc1e-3a2c4f737cb5';
DELETE from duty_locations where id = '8cc3e75c-c51f-4eda-bc1e-3a2c4f737cb5';

DELETE from orders where origin_duty_location_id = '437131ee-0c78-428c-a1c9-d6bd2f6699f7' or new_duty_location_id = '437131ee-0c78-428c-a1c9-d6bd2f6699f7';
DELETE from service_members where duty_location_id = '437131ee-0c78-428c-a1c9-d6bd2f6699f7';
DELETE from duty_location_names where duty_location_id = '437131ee-0c78-428c-a1c9-d6bd2f6699f7';
DELETE from duty_locations where id = '437131ee-0c78-428c-a1c9-d6bd2f6699f7';

DELETE from orders where origin_duty_location_id = '5eea2a54-aa53-4496-863c-4249615113bc' or new_duty_location_id = '5eea2a54-aa53-4496-863c-4249615113bc';
DELETE from service_members where duty_location_id = '5eea2a54-aa53-4496-863c-4249615113bc';
DELETE from duty_location_names where duty_location_id = '5eea2a54-aa53-4496-863c-4249615113bc';
DELETE from duty_locations where id = '5eea2a54-aa53-4496-863c-4249615113bc';

DELETE from orders where origin_duty_location_id = 'e0e87a4b-04bf-4d47-ae31-689f3c497bce' or new_duty_location_id = 'e0e87a4b-04bf-4d47-ae31-689f3c497bce';
DELETE from service_members where duty_location_id = 'e0e87a4b-04bf-4d47-ae31-689f3c497bce';
DELETE from duty_location_names where duty_location_id = 'e0e87a4b-04bf-4d47-ae31-689f3c497bce';
DELETE from duty_locations where id = 'e0e87a4b-04bf-4d47-ae31-689f3c497bce';

DELETE from orders where origin_duty_location_id = 'e2ff28ff-9061-4704-9fd5-90923c1b97fb' or new_duty_location_id = 'e2ff28ff-9061-4704-9fd5-90923c1b97fb';
DELETE from service_members where duty_location_id = 'e2ff28ff-9061-4704-9fd5-90923c1b97fb';
DELETE from duty_location_names where duty_location_id = 'e2ff28ff-9061-4704-9fd5-90923c1b97fb';
DELETE from duty_locations where id = 'e2ff28ff-9061-4704-9fd5-90923c1b97fb';

DELETE from orders where origin_duty_location_id = 'e676edd1-ee6d-44e7-b7c7-2a64a79f45ef' or new_duty_location_id = 'e676edd1-ee6d-44e7-b7c7-2a64a79f45ef';
DELETE from service_members where duty_location_id = 'e676edd1-ee6d-44e7-b7c7-2a64a79f45ef';
DELETE from duty_location_names where duty_location_id = 'e676edd1-ee6d-44e7-b7c7-2a64a79f45ef';
DELETE from duty_locations where id = 'e676edd1-ee6d-44e7-b7c7-2a64a79f45ef';

DELETE from orders where origin_duty_location_id = 'a4b6c9f9-cdef-4eb2-81a3-c4b5d85cffcb' or new_duty_location_id = 'a4b6c9f9-cdef-4eb2-81a3-c4b5d85cffcb';
DELETE from service_members where duty_location_id = 'a4b6c9f9-cdef-4eb2-81a3-c4b5d85cffcb';
DELETE from duty_location_names where duty_location_id = 'a4b6c9f9-cdef-4eb2-81a3-c4b5d85cffcb';
DELETE from duty_locations where id = 'a4b6c9f9-cdef-4eb2-81a3-c4b5d85cffcb';

DELETE from orders where origin_duty_location_id = 'cdc7c026-c975-4542-b9a1-b6778d2ad9cf' or new_duty_location_id = 'cdc7c026-c975-4542-b9a1-b6778d2ad9cf';
DELETE from service_members where duty_location_id = 'cdc7c026-c975-4542-b9a1-b6778d2ad9cf';
DELETE from duty_location_names where duty_location_id = 'cdc7c026-c975-4542-b9a1-b6778d2ad9cf';
DELETE from duty_locations where id = 'cdc7c026-c975-4542-b9a1-b6778d2ad9cf';

DELETE from orders where origin_duty_location_id = '0f9c5a5e-1fe3-4652-a245-02ccc09a60d5' or new_duty_location_id = '0f9c5a5e-1fe3-4652-a245-02ccc09a60d5';
DELETE from service_members where duty_location_id = '0f9c5a5e-1fe3-4652-a245-02ccc09a60d5';
DELETE from duty_location_names where duty_location_id = '0f9c5a5e-1fe3-4652-a245-02ccc09a60d5';
DELETE from duty_locations where id = '0f9c5a5e-1fe3-4652-a245-02ccc09a60d5';

DELETE from orders where origin_duty_location_id = '1c03451e-d0db-41b0-abab-e78be5650018' or new_duty_location_id = '1c03451e-d0db-41b0-abab-e78be5650018';
DELETE from service_members where duty_location_id = '1c03451e-d0db-41b0-abab-e78be5650018';
DELETE from duty_location_names where duty_location_id = '1c03451e-d0db-41b0-abab-e78be5650018';
DELETE from duty_locations where id = '1c03451e-d0db-41b0-abab-e78be5650018';

DELETE from orders where origin_duty_location_id = '9e95439a-fe99-48b8-a49b-6af6de041570' or new_duty_location_id = '9e95439a-fe99-48b8-a49b-6af6de041570';
DELETE from service_members where duty_location_id = '9e95439a-fe99-48b8-a49b-6af6de041570';
DELETE from duty_location_names where duty_location_id = '9e95439a-fe99-48b8-a49b-6af6de041570';
DELETE from duty_locations where id = '9e95439a-fe99-48b8-a49b-6af6de041570';

DELETE from orders where origin_duty_location_id = '8db662ed-0543-483c-b2eb-af34d1d4fcea' or new_duty_location_id = '8db662ed-0543-483c-b2eb-af34d1d4fcea';
DELETE from service_members where duty_location_id = '8db662ed-0543-483c-b2eb-af34d1d4fcea';
DELETE from duty_location_names where duty_location_id = '8db662ed-0543-483c-b2eb-af34d1d4fcea';
DELETE from duty_locations where id = '8db662ed-0543-483c-b2eb-af34d1d4fcea';

DELETE from orders where origin_duty_location_id = 'a667569a-8089-41c3-af8d-e0c1dbcdfacb' or new_duty_location_id = 'a667569a-8089-41c3-af8d-e0c1dbcdfacb';
DELETE from service_members where duty_location_id = 'a667569a-8089-41c3-af8d-e0c1dbcdfacb';
DELETE from duty_location_names where duty_location_id = 'a667569a-8089-41c3-af8d-e0c1dbcdfacb';
DELETE from duty_locations where id = 'a667569a-8089-41c3-af8d-e0c1dbcdfacb';

DELETE from orders where origin_duty_location_id = '224598cf-ef83-4489-850e-8175a7e14fdf' or new_duty_location_id = '224598cf-ef83-4489-850e-8175a7e14fdf';
DELETE from service_members where duty_location_id = '224598cf-ef83-4489-850e-8175a7e14fdf';
DELETE from duty_location_names where duty_location_id = '224598cf-ef83-4489-850e-8175a7e14fdf';
DELETE from duty_locations where id = '224598cf-ef83-4489-850e-8175a7e14fdf';

DELETE from orders where origin_duty_location_id = '415e5f11-1646-4859-a992-a19f98a0c505' or new_duty_location_id = '415e5f11-1646-4859-a992-a19f98a0c505';
DELETE from service_members where duty_location_id = '415e5f11-1646-4859-a992-a19f98a0c505';
DELETE from duty_location_names where duty_location_id = '415e5f11-1646-4859-a992-a19f98a0c505';
DELETE from duty_locations where id = '415e5f11-1646-4859-a992-a19f98a0c505';

DELETE from orders where origin_duty_location_id = '45490d11-4106-4c76-b290-b026ef73359d' or new_duty_location_id = '45490d11-4106-4c76-b290-b026ef73359d';
DELETE from service_members where duty_location_id = '45490d11-4106-4c76-b290-b026ef73359d';
DELETE from duty_location_names where duty_location_id = '45490d11-4106-4c76-b290-b026ef73359d';
DELETE from duty_locations where id = '45490d11-4106-4c76-b290-b026ef73359d';

DELETE from orders where origin_duty_location_id = 'c44b8547-7b5f-4475-8b1d-77141e3fc733' or new_duty_location_id = 'c44b8547-7b5f-4475-8b1d-77141e3fc733';
DELETE from service_members where duty_location_id = 'c44b8547-7b5f-4475-8b1d-77141e3fc733';
DELETE from duty_location_names where duty_location_id = 'c44b8547-7b5f-4475-8b1d-77141e3fc733';
DELETE from duty_locations where id = 'c44b8547-7b5f-4475-8b1d-77141e3fc733';

DELETE from orders where origin_duty_location_id = '8296716e-3410-43c0-9b56-4ae00ad81d9a' or new_duty_location_id = '8296716e-3410-43c0-9b56-4ae00ad81d9a';
DELETE from service_members where duty_location_id = '8296716e-3410-43c0-9b56-4ae00ad81d9a';
DELETE from duty_location_names where duty_location_id = '8296716e-3410-43c0-9b56-4ae00ad81d9a';
DELETE from duty_locations where id = '8296716e-3410-43c0-9b56-4ae00ad81d9a';

DELETE from orders where origin_duty_location_id = 'eee68624-377f-4545-970f-ad4451b882de' or new_duty_location_id = 'eee68624-377f-4545-970f-ad4451b882de';
DELETE from service_members where duty_location_id = 'eee68624-377f-4545-970f-ad4451b882de';
DELETE from duty_location_names where duty_location_id = 'eee68624-377f-4545-970f-ad4451b882de';
DELETE from duty_locations where id = 'eee68624-377f-4545-970f-ad4451b882de';

DELETE from orders where origin_duty_location_id = '179d1eea-74f2-4b88-9c23-fd6716c43a07' or new_duty_location_id = '179d1eea-74f2-4b88-9c23-fd6716c43a07';
DELETE from service_members where duty_location_id = '179d1eea-74f2-4b88-9c23-fd6716c43a07';
DELETE from duty_location_names where duty_location_id = '179d1eea-74f2-4b88-9c23-fd6716c43a07';
DELETE from duty_locations where id = '179d1eea-74f2-4b88-9c23-fd6716c43a07';

DELETE from orders where origin_duty_location_id = '34cd62c7-de25-4e20-8f08-5e4f92c46a7e' or new_duty_location_id = '34cd62c7-de25-4e20-8f08-5e4f92c46a7e';
DELETE from service_members where duty_location_id = '34cd62c7-de25-4e20-8f08-5e4f92c46a7e';
DELETE from duty_location_names where duty_location_id = '34cd62c7-de25-4e20-8f08-5e4f92c46a7e';
DELETE from duty_locations where id = '34cd62c7-de25-4e20-8f08-5e4f92c46a7e';

DELETE from orders where origin_duty_location_id = 'ce64006d-d369-4cdd-9b3f-e2bbd9b9b463' or new_duty_location_id = 'ce64006d-d369-4cdd-9b3f-e2bbd9b9b463';
DELETE from service_members where duty_location_id = 'ce64006d-d369-4cdd-9b3f-e2bbd9b9b463';
DELETE from duty_location_names where duty_location_id = 'ce64006d-d369-4cdd-9b3f-e2bbd9b9b463';
DELETE from duty_locations where id = 'ce64006d-d369-4cdd-9b3f-e2bbd9b9b463';

DELETE from orders where origin_duty_location_id = '0d19649d-05e2-4e70-bffa-14045d941cc4' or new_duty_location_id = '0d19649d-05e2-4e70-bffa-14045d941cc4';
DELETE from service_members where duty_location_id = '0d19649d-05e2-4e70-bffa-14045d941cc4';
DELETE from duty_location_names where duty_location_id = '0d19649d-05e2-4e70-bffa-14045d941cc4';
DELETE from duty_locations where id = '0d19649d-05e2-4e70-bffa-14045d941cc4';

DELETE from orders where origin_duty_location_id = '833fd2f3-6fff-486c-915b-6be81d21716d' or new_duty_location_id = '833fd2f3-6fff-486c-915b-6be81d21716d';
DELETE from service_members where duty_location_id = '833fd2f3-6fff-486c-915b-6be81d21716d';
DELETE from duty_location_names where duty_location_id = '833fd2f3-6fff-486c-915b-6be81d21716d';
DELETE from duty_locations where id = '833fd2f3-6fff-486c-915b-6be81d21716d';

DELETE from orders where origin_duty_location_id = 'f5cf0896-f3f4-4835-ba26-ae8c8339205c' or new_duty_location_id = 'f5cf0896-f3f4-4835-ba26-ae8c8339205c';
DELETE from service_members where duty_location_id = 'f5cf0896-f3f4-4835-ba26-ae8c8339205c';
DELETE from duty_location_names where duty_location_id = 'f5cf0896-f3f4-4835-ba26-ae8c8339205c';
DELETE from duty_locations where id = 'f5cf0896-f3f4-4835-ba26-ae8c8339205c';

DELETE from orders where origin_duty_location_id = '35c41b1a-f688-4af3-a11a-f1320c14a17e' or new_duty_location_id = '35c41b1a-f688-4af3-a11a-f1320c14a17e';
DELETE from service_members where duty_location_id = '35c41b1a-f688-4af3-a11a-f1320c14a17e';
DELETE from duty_location_names where duty_location_id = '35c41b1a-f688-4af3-a11a-f1320c14a17e';
DELETE from duty_locations where id = '35c41b1a-f688-4af3-a11a-f1320c14a17e';

DELETE from orders where origin_duty_location_id = 'a4919b19-f9ea-42cc-8fa6-85a5ac0b43a6' or new_duty_location_id = 'a4919b19-f9ea-42cc-8fa6-85a5ac0b43a6';
DELETE from service_members where duty_location_id = 'a4919b19-f9ea-42cc-8fa6-85a5ac0b43a6';
DELETE from duty_location_names where duty_location_id = 'a4919b19-f9ea-42cc-8fa6-85a5ac0b43a6';
DELETE from duty_locations where id = 'a4919b19-f9ea-42cc-8fa6-85a5ac0b43a6';

DELETE from orders where origin_duty_location_id = '12e4c15a-8ff7-4eb9-92ab-47376e7aa261' or new_duty_location_id = '12e4c15a-8ff7-4eb9-92ab-47376e7aa261';
DELETE from service_members where duty_location_id = '12e4c15a-8ff7-4eb9-92ab-47376e7aa261';
DELETE from duty_location_names where duty_location_id = '12e4c15a-8ff7-4eb9-92ab-47376e7aa261';
DELETE from duty_locations where id = '12e4c15a-8ff7-4eb9-92ab-47376e7aa261';

DELETE from orders where origin_duty_location_id = '8aa49b08-5e9a-4599-9ef2-e9341c2b9f18' or new_duty_location_id = '8aa49b08-5e9a-4599-9ef2-e9341c2b9f18';
DELETE from service_members where duty_location_id = '8aa49b08-5e9a-4599-9ef2-e9341c2b9f18';
DELETE from duty_location_names where duty_location_id = '8aa49b08-5e9a-4599-9ef2-e9341c2b9f18';
DELETE from duty_locations where id = '8aa49b08-5e9a-4599-9ef2-e9341c2b9f18';

DELETE from orders where origin_duty_location_id = '68d9cb41-37bb-42c4-ad6e-7565863fb508' or new_duty_location_id = '68d9cb41-37bb-42c4-ad6e-7565863fb508';
DELETE from service_members where duty_location_id = '68d9cb41-37bb-42c4-ad6e-7565863fb508';
DELETE from duty_location_names where duty_location_id = '68d9cb41-37bb-42c4-ad6e-7565863fb508';
DELETE from duty_locations where id = '68d9cb41-37bb-42c4-ad6e-7565863fb508';

DELETE from orders where origin_duty_location_id = '707142d4-0c2a-44c4-90c4-b547a9e9678e' or new_duty_location_id = '707142d4-0c2a-44c4-90c4-b547a9e9678e';
DELETE from service_members where duty_location_id = '707142d4-0c2a-44c4-90c4-b547a9e9678e';
DELETE from duty_location_names where duty_location_id = '707142d4-0c2a-44c4-90c4-b547a9e9678e';
DELETE from duty_locations where id = '707142d4-0c2a-44c4-90c4-b547a9e9678e';

DELETE from orders where origin_duty_location_id = '7c1272ed-0c76-4b3b-a794-c6abc2077c0f' or new_duty_location_id = '7c1272ed-0c76-4b3b-a794-c6abc2077c0f';
DELETE from service_members where duty_location_id = '7c1272ed-0c76-4b3b-a794-c6abc2077c0f';
DELETE from duty_location_names where duty_location_id = '7c1272ed-0c76-4b3b-a794-c6abc2077c0f';
DELETE from duty_locations where id = '7c1272ed-0c76-4b3b-a794-c6abc2077c0f';

DELETE from orders where origin_duty_location_id = '8b9be25e-d372-4c12-9acf-c55cf03e92d5' or new_duty_location_id = '8b9be25e-d372-4c12-9acf-c55cf03e92d5';
DELETE from service_members where duty_location_id = '8b9be25e-d372-4c12-9acf-c55cf03e92d5';
DELETE from duty_location_names where duty_location_id = '8b9be25e-d372-4c12-9acf-c55cf03e92d5';
DELETE from duty_locations where id = '8b9be25e-d372-4c12-9acf-c55cf03e92d5';

DELETE from orders where origin_duty_location_id = 'ae3d9fcd-8278-4b13-b2d3-d4cfd4506469' or new_duty_location_id = 'ae3d9fcd-8278-4b13-b2d3-d4cfd4506469';
DELETE from service_members where duty_location_id = 'ae3d9fcd-8278-4b13-b2d3-d4cfd4506469';
DELETE from duty_location_names where duty_location_id = 'ae3d9fcd-8278-4b13-b2d3-d4cfd4506469';
DELETE from duty_locations where id = 'ae3d9fcd-8278-4b13-b2d3-d4cfd4506469';

DELETE from orders where origin_duty_location_id = '5693b82a-f86b-41bb-8a9e-f2fe4a9e4cd7' or new_duty_location_id = '5693b82a-f86b-41bb-8a9e-f2fe4a9e4cd7';
DELETE from service_members where duty_location_id = '5693b82a-f86b-41bb-8a9e-f2fe4a9e4cd7';
DELETE from duty_location_names where duty_location_id = '5693b82a-f86b-41bb-8a9e-f2fe4a9e4cd7';
DELETE from duty_locations where id = '5693b82a-f86b-41bb-8a9e-f2fe4a9e4cd7';

DELETE from orders where origin_duty_location_id = '33b4bb8e-4ab9-4e60-a95f-a6473f57f64a' or new_duty_location_id = '33b4bb8e-4ab9-4e60-a95f-a6473f57f64a';
DELETE from service_members where duty_location_id = '33b4bb8e-4ab9-4e60-a95f-a6473f57f64a';
DELETE from duty_location_names where duty_location_id = '33b4bb8e-4ab9-4e60-a95f-a6473f57f64a';
DELETE from duty_locations where id = '33b4bb8e-4ab9-4e60-a95f-a6473f57f64a';

DELETE from orders where origin_duty_location_id = '4298a350-c8ee-418c-a9ec-f1d47b72e304' or new_duty_location_id = '4298a350-c8ee-418c-a9ec-f1d47b72e304';
DELETE from service_members where duty_location_id = '4298a350-c8ee-418c-a9ec-f1d47b72e304';
DELETE from duty_location_names where duty_location_id = '4298a350-c8ee-418c-a9ec-f1d47b72e304';
DELETE from duty_locations where id = '4298a350-c8ee-418c-a9ec-f1d47b72e304';

DELETE from orders where origin_duty_location_id = '904c36fb-336a-43f7-ba93-99981ffc0479' or new_duty_location_id = '904c36fb-336a-43f7-ba93-99981ffc0479';
DELETE from service_members where duty_location_id = '904c36fb-336a-43f7-ba93-99981ffc0479';
DELETE from duty_location_names where duty_location_id = '904c36fb-336a-43f7-ba93-99981ffc0479';
DELETE from duty_locations where id = '904c36fb-336a-43f7-ba93-99981ffc0479';

DELETE from orders where origin_duty_location_id = '8f204531-413d-4c4c-a93f-70362d32be7d' or new_duty_location_id = '8f204531-413d-4c4c-a93f-70362d32be7d';
DELETE from service_members where duty_location_id = '8f204531-413d-4c4c-a93f-70362d32be7d';
DELETE from duty_location_names where duty_location_id = '8f204531-413d-4c4c-a93f-70362d32be7d';
DELETE from duty_locations where id = '8f204531-413d-4c4c-a93f-70362d32be7d';

DELETE from orders where origin_duty_location_id = '13c260b4-3ed7-449a-a936-0b7f917d7b32' or new_duty_location_id = '13c260b4-3ed7-449a-a936-0b7f917d7b32';
DELETE from service_members where duty_location_id = '13c260b4-3ed7-449a-a936-0b7f917d7b32';
DELETE from duty_location_names where duty_location_id = '13c260b4-3ed7-449a-a936-0b7f917d7b32';
DELETE from duty_locations where id = '13c260b4-3ed7-449a-a936-0b7f917d7b32';

DELETE from orders where origin_duty_location_id = '367b4f24-d66f-4263-850b-17732104cdb5' or new_duty_location_id = '367b4f24-d66f-4263-850b-17732104cdb5';
DELETE from service_members where duty_location_id = '367b4f24-d66f-4263-850b-17732104cdb5';
DELETE from duty_location_names where duty_location_id = '367b4f24-d66f-4263-850b-17732104cdb5';
DELETE from duty_locations where id = '367b4f24-d66f-4263-850b-17732104cdb5';

DELETE from orders where origin_duty_location_id = 'fa9611cc-54e2-43e5-984a-281a62e463ba' or new_duty_location_id = 'fa9611cc-54e2-43e5-984a-281a62e463ba';
DELETE from service_members where duty_location_id = 'fa9611cc-54e2-43e5-984a-281a62e463ba';
DELETE from duty_location_names where duty_location_id = 'fa9611cc-54e2-43e5-984a-281a62e463ba';
DELETE from duty_locations where id = 'fa9611cc-54e2-43e5-984a-281a62e463ba';

DELETE from orders where origin_duty_location_id = 'f1f5b546-a3e2-470f-b2e2-6aba66cfebd4' or new_duty_location_id = 'f1f5b546-a3e2-470f-b2e2-6aba66cfebd4';
DELETE from service_members where duty_location_id = 'f1f5b546-a3e2-470f-b2e2-6aba66cfebd4';
DELETE from duty_location_names where duty_location_id = 'f1f5b546-a3e2-470f-b2e2-6aba66cfebd4';
DELETE from duty_locations where id = 'f1f5b546-a3e2-470f-b2e2-6aba66cfebd4';

DELETE from orders where origin_duty_location_id = '2dd1fa6f-6025-49e7-9623-3c5dee7f60e5' or new_duty_location_id = '2dd1fa6f-6025-49e7-9623-3c5dee7f60e5';
DELETE from service_members where duty_location_id = '2dd1fa6f-6025-49e7-9623-3c5dee7f60e5';
DELETE from duty_location_names where duty_location_id = '2dd1fa6f-6025-49e7-9623-3c5dee7f60e5';
DELETE from duty_locations where id = '2dd1fa6f-6025-49e7-9623-3c5dee7f60e5';

DELETE from orders where origin_duty_location_id = '67f06136-1b0c-4b3f-8d1d-4f9e9bc52d2f' or new_duty_location_id = '67f06136-1b0c-4b3f-8d1d-4f9e9bc52d2f';
DELETE from service_members where duty_location_id = '67f06136-1b0c-4b3f-8d1d-4f9e9bc52d2f';
DELETE from duty_location_names where duty_location_id = '67f06136-1b0c-4b3f-8d1d-4f9e9bc52d2f';
DELETE from duty_locations where id = '67f06136-1b0c-4b3f-8d1d-4f9e9bc52d2f';

DELETE from orders where origin_duty_location_id = 'b9e12437-af6f-42d4-a28f-805c904db8be' or new_duty_location_id = 'b9e12437-af6f-42d4-a28f-805c904db8be';
DELETE from service_members where duty_location_id = 'b9e12437-af6f-42d4-a28f-805c904db8be';
DELETE from duty_location_names where duty_location_id = 'b9e12437-af6f-42d4-a28f-805c904db8be';
DELETE from duty_locations where id = 'b9e12437-af6f-42d4-a28f-805c904db8be';

DELETE from orders where origin_duty_location_id = '1fd95bb7-8465-4f74-b91a-7eb7339f5eb9' or new_duty_location_id = '1fd95bb7-8465-4f74-b91a-7eb7339f5eb9';
DELETE from service_members where duty_location_id = '1fd95bb7-8465-4f74-b91a-7eb7339f5eb9';
DELETE from duty_location_names where duty_location_id = '1fd95bb7-8465-4f74-b91a-7eb7339f5eb9';
DELETE from duty_locations where id = '1fd95bb7-8465-4f74-b91a-7eb7339f5eb9';

DELETE from orders where origin_duty_location_id = '1eb9be91-f250-41cf-a436-0a32407657aa' or new_duty_location_id = '1eb9be91-f250-41cf-a436-0a32407657aa';
DELETE from service_members where duty_location_id = '1eb9be91-f250-41cf-a436-0a32407657aa';
DELETE from duty_location_names where duty_location_id = '1eb9be91-f250-41cf-a436-0a32407657aa';
DELETE from duty_locations where id = '1eb9be91-f250-41cf-a436-0a32407657aa';

DELETE from orders where origin_duty_location_id = 'ce9bef7d-15d7-4c98-ab62-a012f689e457' or new_duty_location_id = 'ce9bef7d-15d7-4c98-ab62-a012f689e457';
DELETE from service_members where duty_location_id = 'ce9bef7d-15d7-4c98-ab62-a012f689e457';
DELETE from duty_location_names where duty_location_id = 'ce9bef7d-15d7-4c98-ab62-a012f689e457';
DELETE from duty_locations where id = 'ce9bef7d-15d7-4c98-ab62-a012f689e457';

DELETE from orders where origin_duty_location_id = 'bdf57b09-9e4b-4a4b-b13d-7ec992e99727' or new_duty_location_id = 'bdf57b09-9e4b-4a4b-b13d-7ec992e99727';
DELETE from service_members where duty_location_id = 'bdf57b09-9e4b-4a4b-b13d-7ec992e99727';
DELETE from duty_location_names where duty_location_id = 'bdf57b09-9e4b-4a4b-b13d-7ec992e99727';
DELETE from duty_locations where id = 'bdf57b09-9e4b-4a4b-b13d-7ec992e99727';

DELETE from orders where origin_duty_location_id = 'bd6da507-85b5-4b49-9f1d-df18052e10cf' or new_duty_location_id = 'bd6da507-85b5-4b49-9f1d-df18052e10cf';
DELETE from service_members where duty_location_id = 'bd6da507-85b5-4b49-9f1d-df18052e10cf';
DELETE from duty_location_names where duty_location_id = 'bd6da507-85b5-4b49-9f1d-df18052e10cf';
DELETE from duty_locations where id = 'bd6da507-85b5-4b49-9f1d-df18052e10cf';

DELETE from orders where origin_duty_location_id = 'a28b400b-4fa4-4c73-a544-4165aa23ecdc' or new_duty_location_id = 'a28b400b-4fa4-4c73-a544-4165aa23ecdc';
DELETE from service_members where duty_location_id = 'a28b400b-4fa4-4c73-a544-4165aa23ecdc';
DELETE from duty_location_names where duty_location_id = 'a28b400b-4fa4-4c73-a544-4165aa23ecdc';
DELETE from duty_locations where id = 'a28b400b-4fa4-4c73-a544-4165aa23ecdc';

DELETE from orders where origin_duty_location_id = 'de9b608a-6631-48e5-a8f9-c42462be3dab' or new_duty_location_id = 'de9b608a-6631-48e5-a8f9-c42462be3dab';
DELETE from service_members where duty_location_id = 'de9b608a-6631-48e5-a8f9-c42462be3dab';
DELETE from duty_location_names where duty_location_id = 'de9b608a-6631-48e5-a8f9-c42462be3dab';
DELETE from duty_locations where id = 'de9b608a-6631-48e5-a8f9-c42462be3dab';

DELETE from orders where origin_duty_location_id = '35f3c428-1608-4dc1-98f6-4ae8cb5bf8ce' or new_duty_location_id = '35f3c428-1608-4dc1-98f6-4ae8cb5bf8ce';
DELETE from service_members where duty_location_id = '35f3c428-1608-4dc1-98f6-4ae8cb5bf8ce';
DELETE from duty_location_names where duty_location_id = '35f3c428-1608-4dc1-98f6-4ae8cb5bf8ce';
DELETE from duty_locations where id = '35f3c428-1608-4dc1-98f6-4ae8cb5bf8ce';

DELETE from orders where origin_duty_location_id = '7e0f4028-ddd9-4e11-a01d-d57d2b60ff85' or new_duty_location_id = '7e0f4028-ddd9-4e11-a01d-d57d2b60ff85';
DELETE from service_members where duty_location_id = '7e0f4028-ddd9-4e11-a01d-d57d2b60ff85';
DELETE from duty_location_names where duty_location_id = '7e0f4028-ddd9-4e11-a01d-d57d2b60ff85';
DELETE from duty_locations where id = '7e0f4028-ddd9-4e11-a01d-d57d2b60ff85';

DELETE from orders where origin_duty_location_id = '86e6ac3a-5f4e-46f1-ae13-b2965bf9b0f7' or new_duty_location_id = '86e6ac3a-5f4e-46f1-ae13-b2965bf9b0f7';
DELETE from service_members where duty_location_id = '86e6ac3a-5f4e-46f1-ae13-b2965bf9b0f7';
DELETE from duty_location_names where duty_location_id = '86e6ac3a-5f4e-46f1-ae13-b2965bf9b0f7';
DELETE from duty_locations where id = '86e6ac3a-5f4e-46f1-ae13-b2965bf9b0f7';

DELETE from orders where origin_duty_location_id = 'd2053efc-9990-4889-a410-7a3dafddded3' or new_duty_location_id = 'd2053efc-9990-4889-a410-7a3dafddded3';
DELETE from service_members where duty_location_id = 'd2053efc-9990-4889-a410-7a3dafddded3';
DELETE from duty_location_names where duty_location_id = 'd2053efc-9990-4889-a410-7a3dafddded3';
DELETE from duty_locations where id = 'd2053efc-9990-4889-a410-7a3dafddded3';

DELETE from orders where origin_duty_location_id = '9919b892-0556-4d30-9296-85c8d72cf58e' or new_duty_location_id = '9919b892-0556-4d30-9296-85c8d72cf58e';
DELETE from service_members where duty_location_id = '9919b892-0556-4d30-9296-85c8d72cf58e';
DELETE from duty_location_names where duty_location_id = '9919b892-0556-4d30-9296-85c8d72cf58e';
DELETE from duty_locations where id = '9919b892-0556-4d30-9296-85c8d72cf58e';

DELETE from orders where origin_duty_location_id = '1bb9c2f9-910b-4360-9fc3-fbb8d0bd7389' or new_duty_location_id = '1bb9c2f9-910b-4360-9fc3-fbb8d0bd7389';
DELETE from service_members where duty_location_id = '1bb9c2f9-910b-4360-9fc3-fbb8d0bd7389';
DELETE from duty_location_names where duty_location_id = '1bb9c2f9-910b-4360-9fc3-fbb8d0bd7389';
DELETE from duty_locations where id = '1bb9c2f9-910b-4360-9fc3-fbb8d0bd7389';

DELETE from orders where origin_duty_location_id = '01fe33b2-dfd0-49ff-a549-ada938a20de6' or new_duty_location_id = '01fe33b2-dfd0-49ff-a549-ada938a20de6';
DELETE from service_members where duty_location_id = '01fe33b2-dfd0-49ff-a549-ada938a20de6';
DELETE from duty_location_names where duty_location_id = '01fe33b2-dfd0-49ff-a549-ada938a20de6';
DELETE from duty_locations where id = '01fe33b2-dfd0-49ff-a549-ada938a20de6';

DELETE from orders where origin_duty_location_id = 'b52dfc79-6068-4375-8770-11a1c749a402' or new_duty_location_id = 'b52dfc79-6068-4375-8770-11a1c749a402';
DELETE from service_members where duty_location_id = 'b52dfc79-6068-4375-8770-11a1c749a402';
DELETE from duty_location_names where duty_location_id = 'b52dfc79-6068-4375-8770-11a1c749a402';
DELETE from duty_locations where id = 'b52dfc79-6068-4375-8770-11a1c749a402';

DELETE from orders where origin_duty_location_id = 'b18fe1e4-379c-456c-84be-74f796a1549c' or new_duty_location_id = 'b18fe1e4-379c-456c-84be-74f796a1549c';
DELETE from service_members where duty_location_id = 'b18fe1e4-379c-456c-84be-74f796a1549c';
DELETE from duty_location_names where duty_location_id = 'b18fe1e4-379c-456c-84be-74f796a1549c';
DELETE from duty_locations where id = 'b18fe1e4-379c-456c-84be-74f796a1549c';

DELETE from orders where origin_duty_location_id = '44d3a8b1-320a-4534-9536-df9b43a083e4' or new_duty_location_id = '44d3a8b1-320a-4534-9536-df9b43a083e4';
DELETE from service_members where duty_location_id = '44d3a8b1-320a-4534-9536-df9b43a083e4';
DELETE from duty_location_names where duty_location_id = '44d3a8b1-320a-4534-9536-df9b43a083e4';
DELETE from duty_locations where id = '44d3a8b1-320a-4534-9536-df9b43a083e4';

DELETE from orders where origin_duty_location_id = 'a4cade19-1d7b-47d1-bd38-9039ea02c4ff' or new_duty_location_id = 'a4cade19-1d7b-47d1-bd38-9039ea02c4ff';
DELETE from service_members where duty_location_id = 'a4cade19-1d7b-47d1-bd38-9039ea02c4ff';
DELETE from duty_location_names where duty_location_id = 'a4cade19-1d7b-47d1-bd38-9039ea02c4ff';
DELETE from duty_locations where id = 'a4cade19-1d7b-47d1-bd38-9039ea02c4ff';

DELETE from orders where origin_duty_location_id = 'e2047858-02f5-4746-ab35-f06cecca6590' or new_duty_location_id = 'e2047858-02f5-4746-ab35-f06cecca6590';
DELETE from service_members where duty_location_id = 'e2047858-02f5-4746-ab35-f06cecca6590';
DELETE from duty_location_names where duty_location_id = 'e2047858-02f5-4746-ab35-f06cecca6590';
DELETE from duty_locations where id = 'e2047858-02f5-4746-ab35-f06cecca6590';

DELETE from orders where origin_duty_location_id = '73b941f9-a571-442f-a53c-99b798b1e190' or new_duty_location_id = '73b941f9-a571-442f-a53c-99b798b1e190';
DELETE from service_members where duty_location_id = '73b941f9-a571-442f-a53c-99b798b1e190';
DELETE from duty_location_names where duty_location_id = '73b941f9-a571-442f-a53c-99b798b1e190';
DELETE from duty_locations where id = '73b941f9-a571-442f-a53c-99b798b1e190';

DELETE from orders where origin_duty_location_id = '44406828-0c3f-45a1-8e66-9b352914cc5b' or new_duty_location_id = '44406828-0c3f-45a1-8e66-9b352914cc5b';
DELETE from service_members where duty_location_id = '44406828-0c3f-45a1-8e66-9b352914cc5b';
DELETE from duty_location_names where duty_location_id = '44406828-0c3f-45a1-8e66-9b352914cc5b';
DELETE from duty_locations where id = '44406828-0c3f-45a1-8e66-9b352914cc5b';

DELETE from orders where origin_duty_location_id = 'c5774b69-5642-4d73-be09-ebbfb651d290' or new_duty_location_id = 'c5774b69-5642-4d73-be09-ebbfb651d290';
DELETE from service_members where duty_location_id = 'c5774b69-5642-4d73-be09-ebbfb651d290';
DELETE from duty_location_names where duty_location_id = 'c5774b69-5642-4d73-be09-ebbfb651d290';
DELETE from duty_locations where id = 'c5774b69-5642-4d73-be09-ebbfb651d290';

DELETE from orders where origin_duty_location_id = 'b797c589-ac07-4a49-ab44-d721fb5894c8' or new_duty_location_id = 'b797c589-ac07-4a49-ab44-d721fb5894c8';
DELETE from service_members where duty_location_id = 'b797c589-ac07-4a49-ab44-d721fb5894c8';
DELETE from duty_location_names where duty_location_id = 'b797c589-ac07-4a49-ab44-d721fb5894c8';
DELETE from duty_locations where id = 'b797c589-ac07-4a49-ab44-d721fb5894c8';

DELETE from orders where origin_duty_location_id = 'fc916367-afd7-4035-b3d0-74b6be850cab' or new_duty_location_id = 'fc916367-afd7-4035-b3d0-74b6be850cab';
DELETE from service_members where duty_location_id = 'fc916367-afd7-4035-b3d0-74b6be850cab';
DELETE from duty_location_names where duty_location_id = 'fc916367-afd7-4035-b3d0-74b6be850cab';
DELETE from duty_locations where id = 'fc916367-afd7-4035-b3d0-74b6be850cab';

DELETE from orders where origin_duty_location_id = 'a5a3eb41-d3e0-4c9a-a87b-695caf601486' or new_duty_location_id = 'a5a3eb41-d3e0-4c9a-a87b-695caf601486';
DELETE from service_members where duty_location_id = 'a5a3eb41-d3e0-4c9a-a87b-695caf601486';
DELETE from duty_location_names where duty_location_id = 'a5a3eb41-d3e0-4c9a-a87b-695caf601486';
DELETE from duty_locations where id = 'a5a3eb41-d3e0-4c9a-a87b-695caf601486';

DELETE from orders where origin_duty_location_id = '1feb8022-20a8-4d93-b863-df92054e31b0' or new_duty_location_id = '1feb8022-20a8-4d93-b863-df92054e31b0';
DELETE from service_members where duty_location_id = '1feb8022-20a8-4d93-b863-df92054e31b0';
DELETE from duty_location_names where duty_location_id = '1feb8022-20a8-4d93-b863-df92054e31b0';
DELETE from duty_locations where id = '1feb8022-20a8-4d93-b863-df92054e31b0';

DELETE from orders where origin_duty_location_id = 'a60dddcd-90f8-411c-a2e0-326e70eb6115' or new_duty_location_id = 'a60dddcd-90f8-411c-a2e0-326e70eb6115';
DELETE from service_members where duty_location_id = 'a60dddcd-90f8-411c-a2e0-326e70eb6115';
DELETE from duty_location_names where duty_location_id = 'a60dddcd-90f8-411c-a2e0-326e70eb6115';
DELETE from duty_locations where id = 'a60dddcd-90f8-411c-a2e0-326e70eb6115';

DELETE from orders where origin_duty_location_id = 'bb7cf211-bada-4129-9ec9-a8936613f034' or new_duty_location_id = 'bb7cf211-bada-4129-9ec9-a8936613f034';
DELETE from service_members where duty_location_id = 'bb7cf211-bada-4129-9ec9-a8936613f034';
DELETE from duty_location_names where duty_location_id = 'bb7cf211-bada-4129-9ec9-a8936613f034';
DELETE from duty_locations where id = 'bb7cf211-bada-4129-9ec9-a8936613f034';

DELETE from orders where origin_duty_location_id = 'e42fe4e6-3058-496a-84fb-efff3b6c6d5a' or new_duty_location_id = 'e42fe4e6-3058-496a-84fb-efff3b6c6d5a';
DELETE from service_members where duty_location_id = 'e42fe4e6-3058-496a-84fb-efff3b6c6d5a';
DELETE from duty_location_names where duty_location_id = 'e42fe4e6-3058-496a-84fb-efff3b6c6d5a';
DELETE from duty_locations where id = 'e42fe4e6-3058-496a-84fb-efff3b6c6d5a';

DELETE from orders where origin_duty_location_id = '66e95cb6-457a-470a-99a1-f0d7a7fc8e4d' or new_duty_location_id = '66e95cb6-457a-470a-99a1-f0d7a7fc8e4d';
DELETE from service_members where duty_location_id = '66e95cb6-457a-470a-99a1-f0d7a7fc8e4d';
DELETE from duty_location_names where duty_location_id = '66e95cb6-457a-470a-99a1-f0d7a7fc8e4d';
DELETE from duty_locations where id = '66e95cb6-457a-470a-99a1-f0d7a7fc8e4d';

DELETE from orders where origin_duty_location_id = 'e14e42c3-66ff-447f-98fa-f4a4c2d6629f' or new_duty_location_id = 'e14e42c3-66ff-447f-98fa-f4a4c2d6629f';
DELETE from service_members where duty_location_id = 'e14e42c3-66ff-447f-98fa-f4a4c2d6629f';
DELETE from duty_location_names where duty_location_id = 'e14e42c3-66ff-447f-98fa-f4a4c2d6629f';
DELETE from duty_locations where id = 'e14e42c3-66ff-447f-98fa-f4a4c2d6629f';

DELETE from orders where origin_duty_location_id = 'f848c6fe-9ccd-4250-83ac-7aca8f803bd1' or new_duty_location_id = 'f848c6fe-9ccd-4250-83ac-7aca8f803bd1';
DELETE from service_members where duty_location_id = 'f848c6fe-9ccd-4250-83ac-7aca8f803bd1';
DELETE from duty_location_names where duty_location_id = 'f848c6fe-9ccd-4250-83ac-7aca8f803bd1';
DELETE from duty_locations where id = 'f848c6fe-9ccd-4250-83ac-7aca8f803bd1';

DELETE from orders where origin_duty_location_id = '1f9ab364-84d6-4171-886e-34004087a9b7' or new_duty_location_id = '1f9ab364-84d6-4171-886e-34004087a9b7';
DELETE from service_members where duty_location_id = '1f9ab364-84d6-4171-886e-34004087a9b7';
DELETE from duty_location_names where duty_location_id = '1f9ab364-84d6-4171-886e-34004087a9b7';
DELETE from duty_locations where id = '1f9ab364-84d6-4171-886e-34004087a9b7';

DELETE from orders where origin_duty_location_id = 'd38b757f-6ff7-4d52-9973-9d3467b12f87' or new_duty_location_id = 'd38b757f-6ff7-4d52-9973-9d3467b12f87';
DELETE from service_members where duty_location_id = 'd38b757f-6ff7-4d52-9973-9d3467b12f87';
DELETE from duty_location_names where duty_location_id = 'd38b757f-6ff7-4d52-9973-9d3467b12f87';
DELETE from duty_locations where id = 'd38b757f-6ff7-4d52-9973-9d3467b12f87';

DELETE from orders where origin_duty_location_id = 'd349bc0d-aeb2-4480-8d66-f956827e2bae' or new_duty_location_id = 'd349bc0d-aeb2-4480-8d66-f956827e2bae';
DELETE from service_members where duty_location_id = 'd349bc0d-aeb2-4480-8d66-f956827e2bae';
DELETE from duty_location_names where duty_location_id = 'd349bc0d-aeb2-4480-8d66-f956827e2bae';
DELETE from duty_locations where id = 'd349bc0d-aeb2-4480-8d66-f956827e2bae';

DELETE from orders where origin_duty_location_id = '74a16d21-6381-46a6-8f2d-b532043c1bd2' or new_duty_location_id = '74a16d21-6381-46a6-8f2d-b532043c1bd2';
DELETE from service_members where duty_location_id = '74a16d21-6381-46a6-8f2d-b532043c1bd2';
DELETE from duty_location_names where duty_location_id = '74a16d21-6381-46a6-8f2d-b532043c1bd2';
DELETE from duty_locations where id = '74a16d21-6381-46a6-8f2d-b532043c1bd2';

DELETE from orders where origin_duty_location_id = 'c9292aac-253a-4423-8ea0-44e3eb867262' or new_duty_location_id = 'c9292aac-253a-4423-8ea0-44e3eb867262';
DELETE from service_members where duty_location_id = 'c9292aac-253a-4423-8ea0-44e3eb867262';
DELETE from duty_location_names where duty_location_id = 'c9292aac-253a-4423-8ea0-44e3eb867262';
DELETE from duty_locations where id = 'c9292aac-253a-4423-8ea0-44e3eb867262';

DELETE from orders where origin_duty_location_id = '0427a09e-02ed-4ee1-92e5-8c450207e50e' or new_duty_location_id = '0427a09e-02ed-4ee1-92e5-8c450207e50e';
DELETE from service_members where duty_location_id = '0427a09e-02ed-4ee1-92e5-8c450207e50e';
DELETE from duty_location_names where duty_location_id = '0427a09e-02ed-4ee1-92e5-8c450207e50e';
DELETE from duty_locations where id = '0427a09e-02ed-4ee1-92e5-8c450207e50e';

DELETE from orders where origin_duty_location_id = 'dbca7a8a-831e-44a4-82f9-370122ec877a' or new_duty_location_id = 'dbca7a8a-831e-44a4-82f9-370122ec877a';
DELETE from service_members where duty_location_id = 'dbca7a8a-831e-44a4-82f9-370122ec877a';
DELETE from duty_location_names where duty_location_id = 'dbca7a8a-831e-44a4-82f9-370122ec877a';
DELETE from duty_locations where id = 'dbca7a8a-831e-44a4-82f9-370122ec877a';

DELETE from orders where origin_duty_location_id = '61eed9f7-0daf-4737-96d0-819479b6142c' or new_duty_location_id = '61eed9f7-0daf-4737-96d0-819479b6142c';
DELETE from service_members where duty_location_id = '61eed9f7-0daf-4737-96d0-819479b6142c';
DELETE from duty_location_names where duty_location_id = '61eed9f7-0daf-4737-96d0-819479b6142c';
DELETE from duty_locations where id = '61eed9f7-0daf-4737-96d0-819479b6142c';

DELETE from orders where origin_duty_location_id = '7cc66a36-5b9f-4479-9ea9-2962ac4cfdfa' or new_duty_location_id = '7cc66a36-5b9f-4479-9ea9-2962ac4cfdfa';
DELETE from service_members where duty_location_id = '7cc66a36-5b9f-4479-9ea9-2962ac4cfdfa';
DELETE from duty_location_names where duty_location_id = '7cc66a36-5b9f-4479-9ea9-2962ac4cfdfa';
DELETE from duty_locations where id = '7cc66a36-5b9f-4479-9ea9-2962ac4cfdfa';

DELETE from orders where origin_duty_location_id = 'cf8b5163-8743-4767-9539-fa406306c2cc' or new_duty_location_id = 'cf8b5163-8743-4767-9539-fa406306c2cc';
DELETE from service_members where duty_location_id = 'cf8b5163-8743-4767-9539-fa406306c2cc';
DELETE from duty_location_names where duty_location_id = 'cf8b5163-8743-4767-9539-fa406306c2cc';
DELETE from duty_locations where id = 'cf8b5163-8743-4767-9539-fa406306c2cc';

DELETE from orders where origin_duty_location_id = '1d7d9051-2015-439a-8e7f-0d19e5df3221' or new_duty_location_id = '1d7d9051-2015-439a-8e7f-0d19e5df3221';
DELETE from service_members where duty_location_id = '1d7d9051-2015-439a-8e7f-0d19e5df3221';
DELETE from duty_location_names where duty_location_id = '1d7d9051-2015-439a-8e7f-0d19e5df3221';
DELETE from duty_locations where id = '1d7d9051-2015-439a-8e7f-0d19e5df3221';

DELETE from orders where origin_duty_location_id = '30732e69-080b-4db4-a639-a936eac6051e' or new_duty_location_id = '30732e69-080b-4db4-a639-a936eac6051e';
DELETE from service_members where duty_location_id = '30732e69-080b-4db4-a639-a936eac6051e';
DELETE from duty_location_names where duty_location_id = '30732e69-080b-4db4-a639-a936eac6051e';
DELETE from duty_locations where id = '30732e69-080b-4db4-a639-a936eac6051e';

DELETE from orders where origin_duty_location_id = '699b25e7-f846-4ff9-83a6-de4f9c336efd' or new_duty_location_id = '699b25e7-f846-4ff9-83a6-de4f9c336efd';
DELETE from service_members where duty_location_id = '699b25e7-f846-4ff9-83a6-de4f9c336efd';
DELETE from duty_location_names where duty_location_id = '699b25e7-f846-4ff9-83a6-de4f9c336efd';
DELETE from duty_locations where id = '699b25e7-f846-4ff9-83a6-de4f9c336efd';

DELETE from orders where origin_duty_location_id = '15857bc7-da06-4d66-9fa2-21e66d33ab3a' or new_duty_location_id = '15857bc7-da06-4d66-9fa2-21e66d33ab3a';
DELETE from service_members where duty_location_id = '15857bc7-da06-4d66-9fa2-21e66d33ab3a';
DELETE from duty_location_names where duty_location_id = '15857bc7-da06-4d66-9fa2-21e66d33ab3a';
DELETE from duty_locations where id = '15857bc7-da06-4d66-9fa2-21e66d33ab3a';

DELETE from orders where origin_duty_location_id = '6838a367-3588-4267-ac0c-c44b6f06c497' or new_duty_location_id = '6838a367-3588-4267-ac0c-c44b6f06c497';
DELETE from service_members where duty_location_id = '6838a367-3588-4267-ac0c-c44b6f06c497';
DELETE from duty_location_names where duty_location_id = '6838a367-3588-4267-ac0c-c44b6f06c497';
DELETE from duty_locations where id = '6838a367-3588-4267-ac0c-c44b6f06c497';

DELETE from orders where origin_duty_location_id = '17ace1a5-53c6-467e-a7e1-aafece51b16b' or new_duty_location_id = '17ace1a5-53c6-467e-a7e1-aafece51b16b';
DELETE from service_members where duty_location_id = '17ace1a5-53c6-467e-a7e1-aafece51b16b';
DELETE from duty_location_names where duty_location_id = '17ace1a5-53c6-467e-a7e1-aafece51b16b';
DELETE from duty_locations where id = '17ace1a5-53c6-467e-a7e1-aafece51b16b';

DELETE from orders where origin_duty_location_id = 'a2c75845-82ff-4255-a99d-205e1388d830' or new_duty_location_id = 'a2c75845-82ff-4255-a99d-205e1388d830';
DELETE from service_members where duty_location_id = 'a2c75845-82ff-4255-a99d-205e1388d830';
DELETE from duty_location_names where duty_location_id = 'a2c75845-82ff-4255-a99d-205e1388d830';
DELETE from duty_locations where id = 'a2c75845-82ff-4255-a99d-205e1388d830';

DELETE from orders where origin_duty_location_id = 'e66e3fec-b001-4106-87a9-f5d8c3f4f607' or new_duty_location_id = 'e66e3fec-b001-4106-87a9-f5d8c3f4f607';
DELETE from service_members where duty_location_id = 'e66e3fec-b001-4106-87a9-f5d8c3f4f607';
DELETE from duty_location_names where duty_location_id = 'e66e3fec-b001-4106-87a9-f5d8c3f4f607';
DELETE from duty_locations where id = 'e66e3fec-b001-4106-87a9-f5d8c3f4f607';

DELETE from orders where origin_duty_location_id = '063203a8-47e8-4d62-b416-4c79883913cc' or new_duty_location_id = '063203a8-47e8-4d62-b416-4c79883913cc';
DELETE from service_members where duty_location_id = '063203a8-47e8-4d62-b416-4c79883913cc';
DELETE from duty_location_names where duty_location_id = '063203a8-47e8-4d62-b416-4c79883913cc';
DELETE from duty_locations where id = '063203a8-47e8-4d62-b416-4c79883913cc';

DELETE from orders where origin_duty_location_id = '35d6d06e-4642-45b8-80ef-ae879546b796' or new_duty_location_id = '35d6d06e-4642-45b8-80ef-ae879546b796';
DELETE from service_members where duty_location_id = '35d6d06e-4642-45b8-80ef-ae879546b796';
DELETE from duty_location_names where duty_location_id = '35d6d06e-4642-45b8-80ef-ae879546b796';
DELETE from duty_locations where id = '35d6d06e-4642-45b8-80ef-ae879546b796';

DELETE from orders where origin_duty_location_id = '57e926e0-515d-4e12-914c-23fd1a633807' or new_duty_location_id = '57e926e0-515d-4e12-914c-23fd1a633807';
DELETE from service_members where duty_location_id = '57e926e0-515d-4e12-914c-23fd1a633807';
DELETE from duty_location_names where duty_location_id = '57e926e0-515d-4e12-914c-23fd1a633807';
DELETE from duty_locations where id = '57e926e0-515d-4e12-914c-23fd1a633807';

DELETE from orders where origin_duty_location_id = 'f5eafc86-879d-4b88-b961-3132cc9ba46a' or new_duty_location_id = 'f5eafc86-879d-4b88-b961-3132cc9ba46a';
DELETE from service_members where duty_location_id = 'f5eafc86-879d-4b88-b961-3132cc9ba46a';
DELETE from duty_location_names where duty_location_id = 'f5eafc86-879d-4b88-b961-3132cc9ba46a';
DELETE from duty_locations where id = 'f5eafc86-879d-4b88-b961-3132cc9ba46a';

DELETE from orders where origin_duty_location_id = '9b1a848c-ce73-43d2-83be-4372ba84c525' or new_duty_location_id = '9b1a848c-ce73-43d2-83be-4372ba84c525';
DELETE from service_members where duty_location_id = '9b1a848c-ce73-43d2-83be-4372ba84c525';
DELETE from duty_location_names where duty_location_id = '9b1a848c-ce73-43d2-83be-4372ba84c525';
DELETE from duty_locations where id = '9b1a848c-ce73-43d2-83be-4372ba84c525';

DELETE from orders where origin_duty_location_id = '417d7fef-c6c8-4367-8268-9925696bea7c' or new_duty_location_id = '417d7fef-c6c8-4367-8268-9925696bea7c';
DELETE from service_members where duty_location_id = '417d7fef-c6c8-4367-8268-9925696bea7c';
DELETE from duty_location_names where duty_location_id = '417d7fef-c6c8-4367-8268-9925696bea7c';
DELETE from duty_locations where id = '417d7fef-c6c8-4367-8268-9925696bea7c';

DELETE from orders where origin_duty_location_id = 'ad9d00fe-aaa1-4565-979e-d238357652cf' or new_duty_location_id = 'ad9d00fe-aaa1-4565-979e-d238357652cf';
DELETE from service_members where duty_location_id = 'ad9d00fe-aaa1-4565-979e-d238357652cf';
DELETE from duty_location_names where duty_location_id = 'ad9d00fe-aaa1-4565-979e-d238357652cf';
DELETE from duty_locations where id = 'ad9d00fe-aaa1-4565-979e-d238357652cf';

DELETE from orders where origin_duty_location_id = 'c1d33855-39a4-4b59-b3f6-845d6a34f29d' or new_duty_location_id = 'c1d33855-39a4-4b59-b3f6-845d6a34f29d';
DELETE from service_members where duty_location_id = 'c1d33855-39a4-4b59-b3f6-845d6a34f29d';
DELETE from duty_location_names where duty_location_id = 'c1d33855-39a4-4b59-b3f6-845d6a34f29d';
DELETE from duty_locations where id = 'c1d33855-39a4-4b59-b3f6-845d6a34f29d';

DELETE from orders where origin_duty_location_id = 'd3d5010d-b03b-42d9-bd52-b5a3b72f0a2d' or new_duty_location_id = 'd3d5010d-b03b-42d9-bd52-b5a3b72f0a2d';
DELETE from service_members where duty_location_id = 'd3d5010d-b03b-42d9-bd52-b5a3b72f0a2d';
DELETE from duty_location_names where duty_location_id = 'd3d5010d-b03b-42d9-bd52-b5a3b72f0a2d';
DELETE from duty_locations where id = 'd3d5010d-b03b-42d9-bd52-b5a3b72f0a2d';

DELETE from orders where origin_duty_location_id = '6f39852e-4893-42c2-9938-5134196a66cb' or new_duty_location_id = '6f39852e-4893-42c2-9938-5134196a66cb';
DELETE from service_members where duty_location_id = '6f39852e-4893-42c2-9938-5134196a66cb';
DELETE from duty_location_names where duty_location_id = '6f39852e-4893-42c2-9938-5134196a66cb';
DELETE from duty_locations where id = '6f39852e-4893-42c2-9938-5134196a66cb';

DELETE from orders where origin_duty_location_id = '67e20e72-aeb7-4709-8f79-b10988eeed54' or new_duty_location_id = '67e20e72-aeb7-4709-8f79-b10988eeed54';
DELETE from service_members where duty_location_id = '67e20e72-aeb7-4709-8f79-b10988eeed54';
DELETE from duty_location_names where duty_location_id = '67e20e72-aeb7-4709-8f79-b10988eeed54';
DELETE from duty_locations where id = '67e20e72-aeb7-4709-8f79-b10988eeed54';

DELETE from orders where origin_duty_location_id = '2d56f939-f62a-4098-9faf-be3c9aa60038' or new_duty_location_id = '2d56f939-f62a-4098-9faf-be3c9aa60038';
DELETE from service_members where duty_location_id = '2d56f939-f62a-4098-9faf-be3c9aa60038';
DELETE from duty_location_names where duty_location_id = '2d56f939-f62a-4098-9faf-be3c9aa60038';
DELETE from duty_locations where id = '2d56f939-f62a-4098-9faf-be3c9aa60038';

DELETE from orders where origin_duty_location_id = '8021b3a0-cc69-4cbc-b022-aa80a92c9b79' or new_duty_location_id = '8021b3a0-cc69-4cbc-b022-aa80a92c9b79';
DELETE from service_members where duty_location_id = '8021b3a0-cc69-4cbc-b022-aa80a92c9b79';
DELETE from duty_location_names where duty_location_id = '8021b3a0-cc69-4cbc-b022-aa80a92c9b79';
DELETE from duty_locations where id = '8021b3a0-cc69-4cbc-b022-aa80a92c9b79';

DELETE from orders where origin_duty_location_id = 'fc285c85-83e8-497e-9cbc-51159968dfa5' or new_duty_location_id = 'fc285c85-83e8-497e-9cbc-51159968dfa5';
DELETE from service_members where duty_location_id = 'fc285c85-83e8-497e-9cbc-51159968dfa5';
DELETE from duty_location_names where duty_location_id = 'fc285c85-83e8-497e-9cbc-51159968dfa5';
DELETE from duty_locations where id = 'fc285c85-83e8-497e-9cbc-51159968dfa5';

DELETE from orders where origin_duty_location_id = '311c8488-ee2a-4e21-9834-c85f6f70d526' or new_duty_location_id = '311c8488-ee2a-4e21-9834-c85f6f70d526';
DELETE from service_members where duty_location_id = '311c8488-ee2a-4e21-9834-c85f6f70d526';
DELETE from duty_location_names where duty_location_id = '311c8488-ee2a-4e21-9834-c85f6f70d526';
DELETE from duty_locations where id = '311c8488-ee2a-4e21-9834-c85f6f70d526';

DELETE from orders where origin_duty_location_id = '9df8b814-b862-426a-83e3-44079ce58f71' or new_duty_location_id = '9df8b814-b862-426a-83e3-44079ce58f71';
DELETE from service_members where duty_location_id = '9df8b814-b862-426a-83e3-44079ce58f71';
DELETE from duty_location_names where duty_location_id = '9df8b814-b862-426a-83e3-44079ce58f71';
DELETE from duty_locations where id = '9df8b814-b862-426a-83e3-44079ce58f71';

DELETE from orders where origin_duty_location_id = '093bb953-712c-4069-afb4-fadca7817277' or new_duty_location_id = '093bb953-712c-4069-afb4-fadca7817277';
DELETE from service_members where duty_location_id = '093bb953-712c-4069-afb4-fadca7817277';
DELETE from duty_location_names where duty_location_id = '093bb953-712c-4069-afb4-fadca7817277';
DELETE from duty_locations where id = '093bb953-712c-4069-afb4-fadca7817277';

DELETE from orders where origin_duty_location_id = '331d28c2-096c-4717-9390-e07a68389895' or new_duty_location_id = '331d28c2-096c-4717-9390-e07a68389895';
DELETE from service_members where duty_location_id = '331d28c2-096c-4717-9390-e07a68389895';
DELETE from duty_location_names where duty_location_id = '331d28c2-096c-4717-9390-e07a68389895';
DELETE from duty_locations where id = '331d28c2-096c-4717-9390-e07a68389895';

DELETE from orders where origin_duty_location_id = '4f08be5c-05bf-43be-be58-e8dc7895f2a0' or new_duty_location_id = '4f08be5c-05bf-43be-be58-e8dc7895f2a0';
DELETE from service_members where duty_location_id = '4f08be5c-05bf-43be-be58-e8dc7895f2a0';
DELETE from duty_location_names where duty_location_id = '4f08be5c-05bf-43be-be58-e8dc7895f2a0';
DELETE from duty_locations where id = '4f08be5c-05bf-43be-be58-e8dc7895f2a0';

DELETE from orders where origin_duty_location_id = 'c76bab22-b881-4dd4-aeec-df807a8b2e08' or new_duty_location_id = 'c76bab22-b881-4dd4-aeec-df807a8b2e08';
DELETE from service_members where duty_location_id = 'c76bab22-b881-4dd4-aeec-df807a8b2e08';
DELETE from duty_location_names where duty_location_id = 'c76bab22-b881-4dd4-aeec-df807a8b2e08';
DELETE from duty_locations where id = 'c76bab22-b881-4dd4-aeec-df807a8b2e08';

DELETE from orders where origin_duty_location_id = '93e3bedc-e615-4d42-a521-d5599a43dd78' or new_duty_location_id = '93e3bedc-e615-4d42-a521-d5599a43dd78';
DELETE from service_members where duty_location_id = '93e3bedc-e615-4d42-a521-d5599a43dd78';
DELETE from duty_location_names where duty_location_id = '93e3bedc-e615-4d42-a521-d5599a43dd78';
DELETE from duty_locations where id = '93e3bedc-e615-4d42-a521-d5599a43dd78';

DELETE from orders where origin_duty_location_id = '68278f3f-d3dc-4bf1-9e47-55f5bf625a6e' or new_duty_location_id = '68278f3f-d3dc-4bf1-9e47-55f5bf625a6e';
DELETE from service_members where duty_location_id = '68278f3f-d3dc-4bf1-9e47-55f5bf625a6e';
DELETE from duty_location_names where duty_location_id = '68278f3f-d3dc-4bf1-9e47-55f5bf625a6e';
DELETE from duty_locations where id = '68278f3f-d3dc-4bf1-9e47-55f5bf625a6e';

DELETE from orders where origin_duty_location_id = '37bfc6cf-6e1d-41b3-96ab-821007e75e88' or new_duty_location_id = '37bfc6cf-6e1d-41b3-96ab-821007e75e88';
DELETE from service_members where duty_location_id = '37bfc6cf-6e1d-41b3-96ab-821007e75e88';
DELETE from duty_location_names where duty_location_id = '37bfc6cf-6e1d-41b3-96ab-821007e75e88';
DELETE from duty_locations where id = '37bfc6cf-6e1d-41b3-96ab-821007e75e88';

DELETE from orders where origin_duty_location_id = '07390b76-f9c5-4106-87a4-f6c1658b8cb0' or new_duty_location_id = '07390b76-f9c5-4106-87a4-f6c1658b8cb0';
DELETE from service_members where duty_location_id = '07390b76-f9c5-4106-87a4-f6c1658b8cb0';
DELETE from duty_location_names where duty_location_id = '07390b76-f9c5-4106-87a4-f6c1658b8cb0';
DELETE from duty_locations where id = '07390b76-f9c5-4106-87a4-f6c1658b8cb0';

DELETE from orders where origin_duty_location_id = 'de707a3d-26b3-4014-afef-4f9a2e373971' or new_duty_location_id = 'de707a3d-26b3-4014-afef-4f9a2e373971';
DELETE from service_members where duty_location_id = 'de707a3d-26b3-4014-afef-4f9a2e373971';
DELETE from duty_location_names where duty_location_id = 'de707a3d-26b3-4014-afef-4f9a2e373971';
DELETE from duty_locations where id = 'de707a3d-26b3-4014-afef-4f9a2e373971';

DELETE from orders where origin_duty_location_id = 'dd3237f6-8a6a-4d7b-aa77-0f2b5d2ac835' or new_duty_location_id = 'dd3237f6-8a6a-4d7b-aa77-0f2b5d2ac835';
DELETE from service_members where duty_location_id = 'dd3237f6-8a6a-4d7b-aa77-0f2b5d2ac835';
DELETE from duty_location_names where duty_location_id = 'dd3237f6-8a6a-4d7b-aa77-0f2b5d2ac835';
DELETE from duty_locations where id = 'dd3237f6-8a6a-4d7b-aa77-0f2b5d2ac835';

DELETE from orders where origin_duty_location_id = '1684f194-8add-4703-9567-76705636907b' or new_duty_location_id = '1684f194-8add-4703-9567-76705636907b';
DELETE from service_members where duty_location_id = '1684f194-8add-4703-9567-76705636907b';
DELETE from duty_location_names where duty_location_id = '1684f194-8add-4703-9567-76705636907b';
DELETE from duty_locations where id = '1684f194-8add-4703-9567-76705636907b';

DELETE from orders where origin_duty_location_id = '1d380c7c-c74e-4705-b268-27a80a3dab4a' or new_duty_location_id = '1d380c7c-c74e-4705-b268-27a80a3dab4a';
DELETE from service_members where duty_location_id = '1d380c7c-c74e-4705-b268-27a80a3dab4a';
DELETE from duty_location_names where duty_location_id = '1d380c7c-c74e-4705-b268-27a80a3dab4a';
DELETE from duty_locations where id = '1d380c7c-c74e-4705-b268-27a80a3dab4a';

DELETE from orders where origin_duty_location_id = 'ed45f3c9-74c8-42ac-b304-42d36db2ccae' or new_duty_location_id = 'ed45f3c9-74c8-42ac-b304-42d36db2ccae';
DELETE from service_members where duty_location_id = 'ed45f3c9-74c8-42ac-b304-42d36db2ccae';
DELETE from duty_location_names where duty_location_id = 'ed45f3c9-74c8-42ac-b304-42d36db2ccae';
DELETE from duty_locations where id = 'ed45f3c9-74c8-42ac-b304-42d36db2ccae';

DELETE from orders where origin_duty_location_id = '097f81c9-5a07-4d49-b72f-c5287865c380' or new_duty_location_id = '097f81c9-5a07-4d49-b72f-c5287865c380';
DELETE from service_members where duty_location_id = '097f81c9-5a07-4d49-b72f-c5287865c380';
DELETE from duty_location_names where duty_location_id = '097f81c9-5a07-4d49-b72f-c5287865c380';
DELETE from duty_locations where id = '097f81c9-5a07-4d49-b72f-c5287865c380';

DELETE from orders where origin_duty_location_id = '88c96297-5ac9-4260-b0c9-2859efa601cf' or new_duty_location_id = '88c96297-5ac9-4260-b0c9-2859efa601cf';
DELETE from service_members where duty_location_id = '88c96297-5ac9-4260-b0c9-2859efa601cf';
DELETE from duty_location_names where duty_location_id = '88c96297-5ac9-4260-b0c9-2859efa601cf';
DELETE from duty_locations where id = '88c96297-5ac9-4260-b0c9-2859efa601cf';

DELETE from orders where origin_duty_location_id = '92824386-04c5-4858-bc29-a075fa119712' or new_duty_location_id = '92824386-04c5-4858-bc29-a075fa119712';
DELETE from service_members where duty_location_id = '92824386-04c5-4858-bc29-a075fa119712';
DELETE from duty_location_names where duty_location_id = '92824386-04c5-4858-bc29-a075fa119712';
DELETE from duty_locations where id = '92824386-04c5-4858-bc29-a075fa119712';

DELETE from orders where origin_duty_location_id = '7e729ee5-9024-4e69-8fec-4bb7a68e917b' or new_duty_location_id = '7e729ee5-9024-4e69-8fec-4bb7a68e917b';
DELETE from service_members where duty_location_id = '7e729ee5-9024-4e69-8fec-4bb7a68e917b';
DELETE from duty_location_names where duty_location_id = '7e729ee5-9024-4e69-8fec-4bb7a68e917b';
DELETE from duty_locations where id = '7e729ee5-9024-4e69-8fec-4bb7a68e917b';

DELETE from orders where origin_duty_location_id = 'a7e7455b-eb94-4a31-a9ca-5fd3a898590e' or new_duty_location_id = 'a7e7455b-eb94-4a31-a9ca-5fd3a898590e';
DELETE from service_members where duty_location_id = 'a7e7455b-eb94-4a31-a9ca-5fd3a898590e';
DELETE from duty_location_names where duty_location_id = 'a7e7455b-eb94-4a31-a9ca-5fd3a898590e';
DELETE from duty_locations where id = 'a7e7455b-eb94-4a31-a9ca-5fd3a898590e';

DELETE from orders where origin_duty_location_id = '48df793e-e2d8-42d2-94f7-e8cc7c350ff3' or new_duty_location_id = '48df793e-e2d8-42d2-94f7-e8cc7c350ff3';
DELETE from service_members where duty_location_id = '48df793e-e2d8-42d2-94f7-e8cc7c350ff3';
DELETE from duty_location_names where duty_location_id = '48df793e-e2d8-42d2-94f7-e8cc7c350ff3';
DELETE from duty_locations where id = '48df793e-e2d8-42d2-94f7-e8cc7c350ff3';

DELETE from orders where origin_duty_location_id = 'b8dd9839-26b1-4363-b07a-c5b01d4d7f0f' or new_duty_location_id = 'b8dd9839-26b1-4363-b07a-c5b01d4d7f0f';
DELETE from service_members where duty_location_id = 'b8dd9839-26b1-4363-b07a-c5b01d4d7f0f';
DELETE from duty_location_names where duty_location_id = 'b8dd9839-26b1-4363-b07a-c5b01d4d7f0f';
DELETE from duty_locations where id = 'b8dd9839-26b1-4363-b07a-c5b01d4d7f0f';

DELETE from orders where origin_duty_location_id = '76061bf7-5759-4298-acc2-1731af078498' or new_duty_location_id = '76061bf7-5759-4298-acc2-1731af078498';
DELETE from service_members where duty_location_id = '76061bf7-5759-4298-acc2-1731af078498';
DELETE from duty_location_names where duty_location_id = '76061bf7-5759-4298-acc2-1731af078498';
DELETE from duty_locations where id = '76061bf7-5759-4298-acc2-1731af078498';

DELETE from orders where origin_duty_location_id = '4d4aba5a-15c4-473f-8095-05632b8ba5a6' or new_duty_location_id = '4d4aba5a-15c4-473f-8095-05632b8ba5a6';
DELETE from service_members where duty_location_id = '4d4aba5a-15c4-473f-8095-05632b8ba5a6';
DELETE from duty_location_names where duty_location_id = '4d4aba5a-15c4-473f-8095-05632b8ba5a6';
DELETE from duty_locations where id = '4d4aba5a-15c4-473f-8095-05632b8ba5a6';

DELETE from orders where origin_duty_location_id = '96f63b81-83b1-47ed-b204-48b0d0ff0258' or new_duty_location_id = '96f63b81-83b1-47ed-b204-48b0d0ff0258';
DELETE from service_members where duty_location_id = '96f63b81-83b1-47ed-b204-48b0d0ff0258';
DELETE from duty_location_names where duty_location_id = '96f63b81-83b1-47ed-b204-48b0d0ff0258';
DELETE from duty_locations where id = '96f63b81-83b1-47ed-b204-48b0d0ff0258';

DELETE from orders where origin_duty_location_id = 'b2434698-d715-4e80-a884-4d58cefee0c5' or new_duty_location_id = 'b2434698-d715-4e80-a884-4d58cefee0c5';
DELETE from service_members where duty_location_id = 'b2434698-d715-4e80-a884-4d58cefee0c5';
DELETE from duty_location_names where duty_location_id = 'b2434698-d715-4e80-a884-4d58cefee0c5';
DELETE from duty_locations where id = 'b2434698-d715-4e80-a884-4d58cefee0c5';

DELETE from orders where origin_duty_location_id = '2d52b569-bc60-4ba8-966f-d387c65e6b17' or new_duty_location_id = '2d52b569-bc60-4ba8-966f-d387c65e6b17';
DELETE from service_members where duty_location_id = '2d52b569-bc60-4ba8-966f-d387c65e6b17';
DELETE from duty_location_names where duty_location_id = '2d52b569-bc60-4ba8-966f-d387c65e6b17';
DELETE from duty_locations where id = '2d52b569-bc60-4ba8-966f-d387c65e6b17';

DELETE from orders where origin_duty_location_id = '88a8ac40-0dc2-4856-a9f6-5435a93ea2e5' or new_duty_location_id = '88a8ac40-0dc2-4856-a9f6-5435a93ea2e5';
DELETE from service_members where duty_location_id = '88a8ac40-0dc2-4856-a9f6-5435a93ea2e5';
DELETE from duty_location_names where duty_location_id = '88a8ac40-0dc2-4856-a9f6-5435a93ea2e5';
DELETE from duty_locations where id = '88a8ac40-0dc2-4856-a9f6-5435a93ea2e5';

DELETE from orders where origin_duty_location_id = 'db710aec-c591-4611-9972-5724cded5ad9' or new_duty_location_id = 'db710aec-c591-4611-9972-5724cded5ad9';
DELETE from service_members where duty_location_id = 'db710aec-c591-4611-9972-5724cded5ad9';
DELETE from duty_location_names where duty_location_id = 'db710aec-c591-4611-9972-5724cded5ad9';
DELETE from duty_locations where id = 'db710aec-c591-4611-9972-5724cded5ad9';

DELETE from orders where origin_duty_location_id = 'cbb8a13f-2fab-4c03-a751-708907b3318f' or new_duty_location_id = 'cbb8a13f-2fab-4c03-a751-708907b3318f';
DELETE from service_members where duty_location_id = 'cbb8a13f-2fab-4c03-a751-708907b3318f';
DELETE from duty_location_names where duty_location_id = 'cbb8a13f-2fab-4c03-a751-708907b3318f';
DELETE from duty_locations where id = 'cbb8a13f-2fab-4c03-a751-708907b3318f';

DELETE from orders where origin_duty_location_id = 'ad36bbb6-44ae-4c8d-a70a-4fbe19061bd7' or new_duty_location_id = 'ad36bbb6-44ae-4c8d-a70a-4fbe19061bd7';
DELETE from service_members where duty_location_id = 'ad36bbb6-44ae-4c8d-a70a-4fbe19061bd7';
DELETE from duty_location_names where duty_location_id = 'ad36bbb6-44ae-4c8d-a70a-4fbe19061bd7';
DELETE from duty_locations where id = 'ad36bbb6-44ae-4c8d-a70a-4fbe19061bd7';

DELETE from orders where origin_duty_location_id = 'c8a3c2f4-76a9-4276-a29a-5e0d096a6f8d' or new_duty_location_id = 'c8a3c2f4-76a9-4276-a29a-5e0d096a6f8d';
DELETE from service_members where duty_location_id = 'c8a3c2f4-76a9-4276-a29a-5e0d096a6f8d';
DELETE from duty_location_names where duty_location_id = 'c8a3c2f4-76a9-4276-a29a-5e0d096a6f8d';
DELETE from duty_locations where id = 'c8a3c2f4-76a9-4276-a29a-5e0d096a6f8d';

DELETE from orders where origin_duty_location_id = 'de70dad3-e455-4ca6-9925-4420801d2805' or new_duty_location_id = 'de70dad3-e455-4ca6-9925-4420801d2805';
DELETE from service_members where duty_location_id = 'de70dad3-e455-4ca6-9925-4420801d2805';
DELETE from duty_location_names where duty_location_id = 'de70dad3-e455-4ca6-9925-4420801d2805';
DELETE from duty_locations where id = 'de70dad3-e455-4ca6-9925-4420801d2805';

DELETE from orders where origin_duty_location_id = 'ffc78314-a032-4f56-a8a0-42db856d7448' or new_duty_location_id = 'ffc78314-a032-4f56-a8a0-42db856d7448';
DELETE from service_members where duty_location_id = 'ffc78314-a032-4f56-a8a0-42db856d7448';
DELETE from duty_location_names where duty_location_id = 'ffc78314-a032-4f56-a8a0-42db856d7448';
DELETE from duty_locations where id = 'ffc78314-a032-4f56-a8a0-42db856d7448';

DELETE from orders where origin_duty_location_id = 'cfcac0b7-c202-429d-b8b7-26e3e8730d7f' or new_duty_location_id = 'cfcac0b7-c202-429d-b8b7-26e3e8730d7f';
DELETE from service_members where duty_location_id = 'cfcac0b7-c202-429d-b8b7-26e3e8730d7f';
DELETE from duty_location_names where duty_location_id = 'cfcac0b7-c202-429d-b8b7-26e3e8730d7f';
DELETE from duty_locations where id = 'cfcac0b7-c202-429d-b8b7-26e3e8730d7f';

DELETE from orders where origin_duty_location_id = '11e69070-4c3a-4505-9c30-2f77b68fbeaf' or new_duty_location_id = '11e69070-4c3a-4505-9c30-2f77b68fbeaf';
DELETE from service_members where duty_location_id = '11e69070-4c3a-4505-9c30-2f77b68fbeaf';
DELETE from duty_location_names where duty_location_id = '11e69070-4c3a-4505-9c30-2f77b68fbeaf';
DELETE from duty_locations where id = '11e69070-4c3a-4505-9c30-2f77b68fbeaf';

DELETE from orders where origin_duty_location_id = '8785b538-01e4-4e5f-ae28-86472016f526' or new_duty_location_id = '8785b538-01e4-4e5f-ae28-86472016f526';
DELETE from service_members where duty_location_id = '8785b538-01e4-4e5f-ae28-86472016f526';
DELETE from duty_location_names where duty_location_id = '8785b538-01e4-4e5f-ae28-86472016f526';
DELETE from duty_locations where id = '8785b538-01e4-4e5f-ae28-86472016f526';

DELETE from orders where origin_duty_location_id = 'e6721820-823b-447f-a2bb-1f5b38dc875b' or new_duty_location_id = 'e6721820-823b-447f-a2bb-1f5b38dc875b';
DELETE from service_members where duty_location_id = 'e6721820-823b-447f-a2bb-1f5b38dc875b';
DELETE from duty_location_names where duty_location_id = 'e6721820-823b-447f-a2bb-1f5b38dc875b';
DELETE from duty_locations where id = 'e6721820-823b-447f-a2bb-1f5b38dc875b';

DELETE from orders where origin_duty_location_id = '75943c86-9a3c-44ea-90e8-f82a106b54ae' or new_duty_location_id = '75943c86-9a3c-44ea-90e8-f82a106b54ae';
DELETE from service_members where duty_location_id = '75943c86-9a3c-44ea-90e8-f82a106b54ae';
DELETE from duty_location_names where duty_location_id = '75943c86-9a3c-44ea-90e8-f82a106b54ae';
DELETE from duty_locations where id = '75943c86-9a3c-44ea-90e8-f82a106b54ae';

DELETE from orders where origin_duty_location_id = '16d10dd2-4fef-4485-a2dc-eaefe45d1076' or new_duty_location_id = '16d10dd2-4fef-4485-a2dc-eaefe45d1076';
DELETE from service_members where duty_location_id = '16d10dd2-4fef-4485-a2dc-eaefe45d1076';
DELETE from duty_location_names where duty_location_id = '16d10dd2-4fef-4485-a2dc-eaefe45d1076';
DELETE from duty_locations where id = '16d10dd2-4fef-4485-a2dc-eaefe45d1076';

DELETE from orders where origin_duty_location_id = 'b12a85b4-b425-45f6-b763-2aa089c356b2' or new_duty_location_id = 'b12a85b4-b425-45f6-b763-2aa089c356b2';
DELETE from service_members where duty_location_id = 'b12a85b4-b425-45f6-b763-2aa089c356b2';
DELETE from duty_location_names where duty_location_id = 'b12a85b4-b425-45f6-b763-2aa089c356b2';
DELETE from duty_locations where id = 'b12a85b4-b425-45f6-b763-2aa089c356b2';

DELETE from orders where origin_duty_location_id = '89b3bbfe-6783-4f3a-a2f3-01f6d81b0332' or new_duty_location_id = '89b3bbfe-6783-4f3a-a2f3-01f6d81b0332';
DELETE from service_members where duty_location_id = '89b3bbfe-6783-4f3a-a2f3-01f6d81b0332';
DELETE from duty_location_names where duty_location_id = '89b3bbfe-6783-4f3a-a2f3-01f6d81b0332';
DELETE from duty_locations where id = '89b3bbfe-6783-4f3a-a2f3-01f6d81b0332';

DELETE from orders where origin_duty_location_id = 'dc8af911-3226-4249-bf4d-9e8394b826d8' or new_duty_location_id = 'dc8af911-3226-4249-bf4d-9e8394b826d8';
DELETE from service_members where duty_location_id = 'dc8af911-3226-4249-bf4d-9e8394b826d8';
DELETE from duty_location_names where duty_location_id = 'dc8af911-3226-4249-bf4d-9e8394b826d8';
DELETE from duty_locations where id = 'dc8af911-3226-4249-bf4d-9e8394b826d8';

DELETE from orders where origin_duty_location_id = 'cc09a518-c30f-4588-a530-5f87c64a2dc6' or new_duty_location_id = 'cc09a518-c30f-4588-a530-5f87c64a2dc6';
DELETE from service_members where duty_location_id = 'cc09a518-c30f-4588-a530-5f87c64a2dc6';
DELETE from duty_location_names where duty_location_id = 'cc09a518-c30f-4588-a530-5f87c64a2dc6';
DELETE from duty_locations where id = 'cc09a518-c30f-4588-a530-5f87c64a2dc6';

DELETE from orders where origin_duty_location_id = 'c4bff170-2a2b-480f-aefd-69f26b9ab29c' or new_duty_location_id = 'c4bff170-2a2b-480f-aefd-69f26b9ab29c';
DELETE from service_members where duty_location_id = 'c4bff170-2a2b-480f-aefd-69f26b9ab29c';
DELETE from duty_location_names where duty_location_id = 'c4bff170-2a2b-480f-aefd-69f26b9ab29c';
DELETE from duty_locations where id = 'c4bff170-2a2b-480f-aefd-69f26b9ab29c';

DELETE from orders where origin_duty_location_id = 'e3c2d0b8-d9eb-484d-abc9-9019ac66631b' or new_duty_location_id = 'e3c2d0b8-d9eb-484d-abc9-9019ac66631b';
DELETE from service_members where duty_location_id = 'e3c2d0b8-d9eb-484d-abc9-9019ac66631b';
DELETE from duty_location_names where duty_location_id = 'e3c2d0b8-d9eb-484d-abc9-9019ac66631b';
DELETE from duty_locations where id = 'e3c2d0b8-d9eb-484d-abc9-9019ac66631b';

DELETE from orders where origin_duty_location_id = 'a02f0fb4-b389-4853-9721-44a4cfbd4e8f' or new_duty_location_id = 'a02f0fb4-b389-4853-9721-44a4cfbd4e8f';
DELETE from service_members where duty_location_id = 'a02f0fb4-b389-4853-9721-44a4cfbd4e8f';
DELETE from duty_location_names where duty_location_id = 'a02f0fb4-b389-4853-9721-44a4cfbd4e8f';
DELETE from duty_locations where id = 'a02f0fb4-b389-4853-9721-44a4cfbd4e8f';

DELETE from orders where origin_duty_location_id = '0198dda9-a19c-4118-83ee-d1cfdea690de' or new_duty_location_id = '0198dda9-a19c-4118-83ee-d1cfdea690de';
DELETE from service_members where duty_location_id = '0198dda9-a19c-4118-83ee-d1cfdea690de';
DELETE from duty_location_names where duty_location_id = '0198dda9-a19c-4118-83ee-d1cfdea690de';
DELETE from duty_locations where id = '0198dda9-a19c-4118-83ee-d1cfdea690de';

DELETE from orders where origin_duty_location_id = '9519ccf0-0a1e-454e-b027-7e2fb2804f50' or new_duty_location_id = '9519ccf0-0a1e-454e-b027-7e2fb2804f50';
DELETE from service_members where duty_location_id = '9519ccf0-0a1e-454e-b027-7e2fb2804f50';
DELETE from duty_location_names where duty_location_id = '9519ccf0-0a1e-454e-b027-7e2fb2804f50';
DELETE from duty_locations where id = '9519ccf0-0a1e-454e-b027-7e2fb2804f50';

DELETE from orders where origin_duty_location_id = '31f0677e-7eb1-486e-a319-6b2b9873db33' or new_duty_location_id = '31f0677e-7eb1-486e-a319-6b2b9873db33';
DELETE from service_members where duty_location_id = '31f0677e-7eb1-486e-a319-6b2b9873db33';
DELETE from duty_location_names where duty_location_id = '31f0677e-7eb1-486e-a319-6b2b9873db33';
DELETE from duty_locations where id = '31f0677e-7eb1-486e-a319-6b2b9873db33';

DELETE from orders where origin_duty_location_id = '6bc211c4-20b5-4dd7-8912-4b7ef45c0130' or new_duty_location_id = '6bc211c4-20b5-4dd7-8912-4b7ef45c0130';
DELETE from service_members where duty_location_id = '6bc211c4-20b5-4dd7-8912-4b7ef45c0130';
DELETE from duty_location_names where duty_location_id = '6bc211c4-20b5-4dd7-8912-4b7ef45c0130';
DELETE from duty_locations where id = '6bc211c4-20b5-4dd7-8912-4b7ef45c0130';

DELETE from orders where origin_duty_location_id = '7dee3ed7-0746-4000-bbc4-b01834bfb182' or new_duty_location_id = '7dee3ed7-0746-4000-bbc4-b01834bfb182';
DELETE from service_members where duty_location_id = '7dee3ed7-0746-4000-bbc4-b01834bfb182';
DELETE from duty_location_names where duty_location_id = '7dee3ed7-0746-4000-bbc4-b01834bfb182';
DELETE from duty_locations where id = '7dee3ed7-0746-4000-bbc4-b01834bfb182';

DELETE from orders where origin_duty_location_id = '0ab67025-3e95-475c-97ea-fd8f24d3369a' or new_duty_location_id = '0ab67025-3e95-475c-97ea-fd8f24d3369a';
DELETE from service_members where duty_location_id = '0ab67025-3e95-475c-97ea-fd8f24d3369a';
DELETE from duty_location_names where duty_location_id = '0ab67025-3e95-475c-97ea-fd8f24d3369a';
DELETE from duty_locations where id = '0ab67025-3e95-475c-97ea-fd8f24d3369a';

DELETE from orders where origin_duty_location_id = 'cccb89b5-b54b-4e65-b309-b34992464ba8' or new_duty_location_id = 'cccb89b5-b54b-4e65-b309-b34992464ba8';
DELETE from service_members where duty_location_id = 'cccb89b5-b54b-4e65-b309-b34992464ba8';
DELETE from duty_location_names where duty_location_id = 'cccb89b5-b54b-4e65-b309-b34992464ba8';
DELETE from duty_locations where id = 'cccb89b5-b54b-4e65-b309-b34992464ba8';

DELETE from orders where origin_duty_location_id = '57eb3d7e-acd5-41e9-8355-b678e9a43f7a' or new_duty_location_id = '57eb3d7e-acd5-41e9-8355-b678e9a43f7a';
DELETE from service_members where duty_location_id = '57eb3d7e-acd5-41e9-8355-b678e9a43f7a';
DELETE from duty_location_names where duty_location_id = '57eb3d7e-acd5-41e9-8355-b678e9a43f7a';
DELETE from duty_locations where id = '57eb3d7e-acd5-41e9-8355-b678e9a43f7a';

DELETE from orders where origin_duty_location_id = 'e179bfa7-61ea-481c-b350-ff3f6df2190b' or new_duty_location_id = 'e179bfa7-61ea-481c-b350-ff3f6df2190b';
DELETE from service_members where duty_location_id = 'e179bfa7-61ea-481c-b350-ff3f6df2190b';
DELETE from duty_location_names where duty_location_id = 'e179bfa7-61ea-481c-b350-ff3f6df2190b';
DELETE from duty_locations where id = 'e179bfa7-61ea-481c-b350-ff3f6df2190b';

DELETE from orders where origin_duty_location_id = '6c157038-2b90-4202-9807-807b1b2087b8' or new_duty_location_id = '6c157038-2b90-4202-9807-807b1b2087b8';
DELETE from service_members where duty_location_id = '6c157038-2b90-4202-9807-807b1b2087b8';
DELETE from duty_location_names where duty_location_id = '6c157038-2b90-4202-9807-807b1b2087b8';
DELETE from duty_locations where id = '6c157038-2b90-4202-9807-807b1b2087b8';

DELETE from orders where origin_duty_location_id = 'afda8c4b-38e3-418a-a4c9-53a041bbb727' or new_duty_location_id = 'afda8c4b-38e3-418a-a4c9-53a041bbb727';
DELETE from service_members where duty_location_id = 'afda8c4b-38e3-418a-a4c9-53a041bbb727';
DELETE from duty_location_names where duty_location_id = 'afda8c4b-38e3-418a-a4c9-53a041bbb727';
DELETE from duty_locations where id = 'afda8c4b-38e3-418a-a4c9-53a041bbb727';

DELETE from orders where origin_duty_location_id = '34e41c39-3242-4b0d-bf17-2cadaf1015b4' or new_duty_location_id = '34e41c39-3242-4b0d-bf17-2cadaf1015b4';
DELETE from service_members where duty_location_id = '34e41c39-3242-4b0d-bf17-2cadaf1015b4';
DELETE from duty_location_names where duty_location_id = '34e41c39-3242-4b0d-bf17-2cadaf1015b4';
DELETE from duty_locations where id = '34e41c39-3242-4b0d-bf17-2cadaf1015b4';

DELETE from orders where origin_duty_location_id = '51a24bef-2313-4315-bfbf-b0dcc07a5150' or new_duty_location_id = '51a24bef-2313-4315-bfbf-b0dcc07a5150';
DELETE from service_members where duty_location_id = '51a24bef-2313-4315-bfbf-b0dcc07a5150';
DELETE from duty_location_names where duty_location_id = '51a24bef-2313-4315-bfbf-b0dcc07a5150';
DELETE from duty_locations where id = '51a24bef-2313-4315-bfbf-b0dcc07a5150';

DELETE from orders where origin_duty_location_id = '99b979ab-ac04-4229-bfef-ff40b6035f4b' or new_duty_location_id = '99b979ab-ac04-4229-bfef-ff40b6035f4b';
DELETE from service_members where duty_location_id = '99b979ab-ac04-4229-bfef-ff40b6035f4b';
DELETE from duty_location_names where duty_location_id = '99b979ab-ac04-4229-bfef-ff40b6035f4b';
DELETE from duty_locations where id = '99b979ab-ac04-4229-bfef-ff40b6035f4b';

DELETE from orders where origin_duty_location_id = 'ed690203-ca07-4259-83e8-e874a8fcfa29' or new_duty_location_id = 'ed690203-ca07-4259-83e8-e874a8fcfa29';
DELETE from service_members where duty_location_id = 'ed690203-ca07-4259-83e8-e874a8fcfa29';
DELETE from duty_location_names where duty_location_id = 'ed690203-ca07-4259-83e8-e874a8fcfa29';
DELETE from duty_locations where id = 'ed690203-ca07-4259-83e8-e874a8fcfa29';

DELETE from orders where origin_duty_location_id = 'c307d871-d0f1-43b1-bdc1-cf94e5c747b3' or new_duty_location_id = 'c307d871-d0f1-43b1-bdc1-cf94e5c747b3';
DELETE from service_members where duty_location_id = 'c307d871-d0f1-43b1-bdc1-cf94e5c747b3';
DELETE from duty_location_names where duty_location_id = 'c307d871-d0f1-43b1-bdc1-cf94e5c747b3';
DELETE from duty_locations where id = 'c307d871-d0f1-43b1-bdc1-cf94e5c747b3';

DELETE from orders where origin_duty_location_id = 'f76822d8-66d4-48b2-8f86-27f8b5e28f1e' or new_duty_location_id = 'f76822d8-66d4-48b2-8f86-27f8b5e28f1e';
DELETE from service_members where duty_location_id = 'f76822d8-66d4-48b2-8f86-27f8b5e28f1e';
DELETE from duty_location_names where duty_location_id = 'f76822d8-66d4-48b2-8f86-27f8b5e28f1e';
DELETE from duty_locations where id = 'f76822d8-66d4-48b2-8f86-27f8b5e28f1e';

DELETE from orders where origin_duty_location_id = 'ac0368a8-7c13-4eef-8685-e9b467eec540' or new_duty_location_id = 'ac0368a8-7c13-4eef-8685-e9b467eec540';
DELETE from service_members where duty_location_id = 'ac0368a8-7c13-4eef-8685-e9b467eec540';
DELETE from duty_location_names where duty_location_id = 'ac0368a8-7c13-4eef-8685-e9b467eec540';
DELETE from duty_locations where id = 'ac0368a8-7c13-4eef-8685-e9b467eec540';

DELETE from orders where origin_duty_location_id = '81850a94-8d6c-4427-ac63-100c91c587c2' or new_duty_location_id = '81850a94-8d6c-4427-ac63-100c91c587c2';
DELETE from service_members where duty_location_id = '81850a94-8d6c-4427-ac63-100c91c587c2';
DELETE from duty_location_names where duty_location_id = '81850a94-8d6c-4427-ac63-100c91c587c2';
DELETE from duty_locations where id = '81850a94-8d6c-4427-ac63-100c91c587c2';

DELETE from orders where origin_duty_location_id = 'fe4d6a6a-4c11-437e-9ec1-56311485598c' or new_duty_location_id = 'fe4d6a6a-4c11-437e-9ec1-56311485598c';
DELETE from service_members where duty_location_id = 'fe4d6a6a-4c11-437e-9ec1-56311485598c';
DELETE from duty_location_names where duty_location_id = 'fe4d6a6a-4c11-437e-9ec1-56311485598c';
DELETE from duty_locations where id = 'fe4d6a6a-4c11-437e-9ec1-56311485598c';

DELETE from orders where origin_duty_location_id = 'fa013c19-f523-4781-82f7-3649494c6c4b' or new_duty_location_id = 'fa013c19-f523-4781-82f7-3649494c6c4b';
DELETE from service_members where duty_location_id = 'fa013c19-f523-4781-82f7-3649494c6c4b';
DELETE from duty_location_names where duty_location_id = 'fa013c19-f523-4781-82f7-3649494c6c4b';
DELETE from duty_locations where id = 'fa013c19-f523-4781-82f7-3649494c6c4b';

DELETE from orders where origin_duty_location_id = '45548d30-f28a-40a3-aa09-3a3066e0971f' or new_duty_location_id = '45548d30-f28a-40a3-aa09-3a3066e0971f';
DELETE from service_members where duty_location_id = '45548d30-f28a-40a3-aa09-3a3066e0971f';
DELETE from duty_location_names where duty_location_id = '45548d30-f28a-40a3-aa09-3a3066e0971f';
DELETE from duty_locations where id = '45548d30-f28a-40a3-aa09-3a3066e0971f';

DELETE from orders where origin_duty_location_id = 'cfced169-b54d-47f2-b199-e4ff85ac925f' or new_duty_location_id = 'cfced169-b54d-47f2-b199-e4ff85ac925f';
DELETE from service_members where duty_location_id = 'cfced169-b54d-47f2-b199-e4ff85ac925f';
DELETE from duty_location_names where duty_location_id = 'cfced169-b54d-47f2-b199-e4ff85ac925f';
DELETE from duty_locations where id = 'cfced169-b54d-47f2-b199-e4ff85ac925f';

DELETE from orders where origin_duty_location_id = 'b5f05c75-6cfe-4552-987b-0cd804d9ed8e' or new_duty_location_id = 'b5f05c75-6cfe-4552-987b-0cd804d9ed8e';
DELETE from service_members where duty_location_id = 'b5f05c75-6cfe-4552-987b-0cd804d9ed8e';
DELETE from duty_location_names where duty_location_id = 'b5f05c75-6cfe-4552-987b-0cd804d9ed8e';
DELETE from duty_locations where id = 'b5f05c75-6cfe-4552-987b-0cd804d9ed8e';

DELETE from orders where origin_duty_location_id = '10a04fb9-d868-4ec7-a7cc-f67fd64654b2' or new_duty_location_id = '10a04fb9-d868-4ec7-a7cc-f67fd64654b2';
DELETE from service_members where duty_location_id = '10a04fb9-d868-4ec7-a7cc-f67fd64654b2';
DELETE from duty_location_names where duty_location_id = '10a04fb9-d868-4ec7-a7cc-f67fd64654b2';
DELETE from duty_locations where id = '10a04fb9-d868-4ec7-a7cc-f67fd64654b2';

DELETE from orders where origin_duty_location_id = 'c32f64f9-6aa4-45ec-a120-81c2ce287483' or new_duty_location_id = 'c32f64f9-6aa4-45ec-a120-81c2ce287483';
DELETE from service_members where duty_location_id = 'c32f64f9-6aa4-45ec-a120-81c2ce287483';
DELETE from duty_location_names where duty_location_id = 'c32f64f9-6aa4-45ec-a120-81c2ce287483';
DELETE from duty_locations where id = 'c32f64f9-6aa4-45ec-a120-81c2ce287483';

DELETE from orders where origin_duty_location_id = '92f30d5e-f218-4127-abe3-39d7f79a4e20' or new_duty_location_id = '92f30d5e-f218-4127-abe3-39d7f79a4e20';
DELETE from service_members where duty_location_id = '92f30d5e-f218-4127-abe3-39d7f79a4e20';
DELETE from duty_location_names where duty_location_id = '92f30d5e-f218-4127-abe3-39d7f79a4e20';
DELETE from duty_locations where id = '92f30d5e-f218-4127-abe3-39d7f79a4e20';

DELETE from orders where origin_duty_location_id = 'ca0b41bc-1f3b-4353-b7d9-49655da5941c' or new_duty_location_id = 'ca0b41bc-1f3b-4353-b7d9-49655da5941c';
DELETE from service_members where duty_location_id = 'ca0b41bc-1f3b-4353-b7d9-49655da5941c';
DELETE from duty_location_names where duty_location_id = 'ca0b41bc-1f3b-4353-b7d9-49655da5941c';
DELETE from duty_locations where id = 'ca0b41bc-1f3b-4353-b7d9-49655da5941c';

DELETE from orders where origin_duty_location_id = '2e88815c-1d2a-456b-9383-5e39f497dad6' or new_duty_location_id = '2e88815c-1d2a-456b-9383-5e39f497dad6';
DELETE from service_members where duty_location_id = '2e88815c-1d2a-456b-9383-5e39f497dad6';
DELETE from duty_location_names where duty_location_id = '2e88815c-1d2a-456b-9383-5e39f497dad6';
DELETE from duty_locations where id = '2e88815c-1d2a-456b-9383-5e39f497dad6';

DELETE from orders where origin_duty_location_id = '3238a2c8-fd20-44d8-b990-52a8a185dc11' or new_duty_location_id = '3238a2c8-fd20-44d8-b990-52a8a185dc11';
DELETE from service_members where duty_location_id = '3238a2c8-fd20-44d8-b990-52a8a185dc11';
DELETE from duty_location_names where duty_location_id = '3238a2c8-fd20-44d8-b990-52a8a185dc11';
DELETE from duty_locations where id = '3238a2c8-fd20-44d8-b990-52a8a185dc11';

DELETE from orders where origin_duty_location_id = '5f380db6-cf88-4a11-bc47-cafbd415994b' or new_duty_location_id = '5f380db6-cf88-4a11-bc47-cafbd415994b';
DELETE from service_members where duty_location_id = '5f380db6-cf88-4a11-bc47-cafbd415994b';
DELETE from duty_location_names where duty_location_id = '5f380db6-cf88-4a11-bc47-cafbd415994b';
DELETE from duty_locations where id = '5f380db6-cf88-4a11-bc47-cafbd415994b';

DELETE from orders where origin_duty_location_id = '97adcba5-172f-4228-a94b-9ca3fde91906' or new_duty_location_id = '97adcba5-172f-4228-a94b-9ca3fde91906';
DELETE from service_members where duty_location_id = '97adcba5-172f-4228-a94b-9ca3fde91906';
DELETE from duty_location_names where duty_location_id = '97adcba5-172f-4228-a94b-9ca3fde91906';
DELETE from duty_locations where id = '97adcba5-172f-4228-a94b-9ca3fde91906';

DELETE from orders where origin_duty_location_id = 'c257bfff-cc01-4bcd-9721-3e7bd189757d' or new_duty_location_id = 'c257bfff-cc01-4bcd-9721-3e7bd189757d';
DELETE from service_members where duty_location_id = 'c257bfff-cc01-4bcd-9721-3e7bd189757d';
DELETE from duty_location_names where duty_location_id = 'c257bfff-cc01-4bcd-9721-3e7bd189757d';
DELETE from duty_locations where id = 'c257bfff-cc01-4bcd-9721-3e7bd189757d';

DELETE from orders where origin_duty_location_id = '77e4f3fb-5a98-4fe7-becd-8676e913cf65' or new_duty_location_id = '77e4f3fb-5a98-4fe7-becd-8676e913cf65';
DELETE from service_members where duty_location_id = '77e4f3fb-5a98-4fe7-becd-8676e913cf65';
DELETE from duty_location_names where duty_location_id = '77e4f3fb-5a98-4fe7-becd-8676e913cf65';
DELETE from duty_locations where id = '77e4f3fb-5a98-4fe7-becd-8676e913cf65';

DELETE from orders where origin_duty_location_id = '1432f616-2ee2-4115-bbba-e2171d81d851' or new_duty_location_id = '1432f616-2ee2-4115-bbba-e2171d81d851';
DELETE from service_members where duty_location_id = '1432f616-2ee2-4115-bbba-e2171d81d851';
DELETE from duty_location_names where duty_location_id = '1432f616-2ee2-4115-bbba-e2171d81d851';
DELETE from duty_locations where id = '1432f616-2ee2-4115-bbba-e2171d81d851';

DELETE from orders where origin_duty_location_id = 'e48cee43-7de7-4716-bc9b-41bf1d126c5e' or new_duty_location_id = 'e48cee43-7de7-4716-bc9b-41bf1d126c5e';
DELETE from service_members where duty_location_id = 'e48cee43-7de7-4716-bc9b-41bf1d126c5e';
DELETE from duty_location_names where duty_location_id = 'e48cee43-7de7-4716-bc9b-41bf1d126c5e';
DELETE from duty_locations where id = 'e48cee43-7de7-4716-bc9b-41bf1d126c5e';

DELETE from orders where origin_duty_location_id = 'e3657d9e-9ccd-486e-baf1-a18edc773255' or new_duty_location_id = 'e3657d9e-9ccd-486e-baf1-a18edc773255';
DELETE from service_members where duty_location_id = 'e3657d9e-9ccd-486e-baf1-a18edc773255';
DELETE from duty_location_names where duty_location_id = 'e3657d9e-9ccd-486e-baf1-a18edc773255';
DELETE from duty_locations where id = 'e3657d9e-9ccd-486e-baf1-a18edc773255';

DELETE from orders where origin_duty_location_id = 'e556e0ab-8c66-45a2-ad50-b0dcb8fe6e40' or new_duty_location_id = 'e556e0ab-8c66-45a2-ad50-b0dcb8fe6e40';
DELETE from service_members where duty_location_id = 'e556e0ab-8c66-45a2-ad50-b0dcb8fe6e40';
DELETE from duty_location_names where duty_location_id = 'e556e0ab-8c66-45a2-ad50-b0dcb8fe6e40';
DELETE from duty_locations where id = 'e556e0ab-8c66-45a2-ad50-b0dcb8fe6e40';

DELETE from orders where origin_duty_location_id = 'fd1b74db-5f5d-4cf9-af9c-dfc37dcc37c8' or new_duty_location_id = 'fd1b74db-5f5d-4cf9-af9c-dfc37dcc37c8';
DELETE from service_members where duty_location_id = 'fd1b74db-5f5d-4cf9-af9c-dfc37dcc37c8';
DELETE from duty_location_names where duty_location_id = 'fd1b74db-5f5d-4cf9-af9c-dfc37dcc37c8';
DELETE from duty_locations where id = 'fd1b74db-5f5d-4cf9-af9c-dfc37dcc37c8';

DELETE from orders where origin_duty_location_id = '0fef1bd5-bc74-4f1c-ae98-c4575e04aa3f' or new_duty_location_id = '0fef1bd5-bc74-4f1c-ae98-c4575e04aa3f';
DELETE from service_members where duty_location_id = '0fef1bd5-bc74-4f1c-ae98-c4575e04aa3f';
DELETE from duty_location_names where duty_location_id = '0fef1bd5-bc74-4f1c-ae98-c4575e04aa3f';
DELETE from duty_locations where id = '0fef1bd5-bc74-4f1c-ae98-c4575e04aa3f';

DELETE from orders where origin_duty_location_id = 'a0cfbcee-4e74-478f-b803-61525e6b7e08' or new_duty_location_id = 'a0cfbcee-4e74-478f-b803-61525e6b7e08';
DELETE from service_members where duty_location_id = 'a0cfbcee-4e74-478f-b803-61525e6b7e08';
DELETE from duty_location_names where duty_location_id = 'a0cfbcee-4e74-478f-b803-61525e6b7e08';
DELETE from duty_locations where id = 'a0cfbcee-4e74-478f-b803-61525e6b7e08';

DELETE from orders where origin_duty_location_id = 'dc90ccad-19f0-4b91-bcf0-c43887288f70' or new_duty_location_id = 'dc90ccad-19f0-4b91-bcf0-c43887288f70';
DELETE from service_members where duty_location_id = 'dc90ccad-19f0-4b91-bcf0-c43887288f70';
DELETE from duty_location_names where duty_location_id = 'dc90ccad-19f0-4b91-bcf0-c43887288f70';
DELETE from duty_locations where id = 'dc90ccad-19f0-4b91-bcf0-c43887288f70';

DELETE from orders where origin_duty_location_id = '80c81a61-5440-4899-bc9b-17724912fb98' or new_duty_location_id = '80c81a61-5440-4899-bc9b-17724912fb98';
DELETE from service_members where duty_location_id = '80c81a61-5440-4899-bc9b-17724912fb98';
DELETE from duty_location_names where duty_location_id = '80c81a61-5440-4899-bc9b-17724912fb98';
DELETE from duty_locations where id = '80c81a61-5440-4899-bc9b-17724912fb98';

DELETE from orders where origin_duty_location_id = '746f8fc4-e71f-4de1-a2cf-0e790b1932c1' or new_duty_location_id = '746f8fc4-e71f-4de1-a2cf-0e790b1932c1';
DELETE from service_members where duty_location_id = '746f8fc4-e71f-4de1-a2cf-0e790b1932c1';
DELETE from duty_location_names where duty_location_id = '746f8fc4-e71f-4de1-a2cf-0e790b1932c1';
DELETE from duty_locations where id = '746f8fc4-e71f-4de1-a2cf-0e790b1932c1';

DELETE from orders where origin_duty_location_id = 'cd1358c8-2add-43a2-9d65-88a54d3421d0' or new_duty_location_id = 'cd1358c8-2add-43a2-9d65-88a54d3421d0';
DELETE from service_members where duty_location_id = 'cd1358c8-2add-43a2-9d65-88a54d3421d0';
DELETE from duty_location_names where duty_location_id = 'cd1358c8-2add-43a2-9d65-88a54d3421d0';
DELETE from duty_locations where id = 'cd1358c8-2add-43a2-9d65-88a54d3421d0';

DELETE from orders where origin_duty_location_id = '4ab701d1-b2ab-424e-8167-cd33930fdf48' or new_duty_location_id = '4ab701d1-b2ab-424e-8167-cd33930fdf48';
DELETE from service_members where duty_location_id = '4ab701d1-b2ab-424e-8167-cd33930fdf48';
DELETE from duty_location_names where duty_location_id = '4ab701d1-b2ab-424e-8167-cd33930fdf48';
DELETE from duty_locations where id = '4ab701d1-b2ab-424e-8167-cd33930fdf48';

DELETE from orders where origin_duty_location_id = '3f7c82dc-cc39-4d78-a203-504e10d6be9b' or new_duty_location_id = '3f7c82dc-cc39-4d78-a203-504e10d6be9b';
DELETE from service_members where duty_location_id = '3f7c82dc-cc39-4d78-a203-504e10d6be9b';
DELETE from duty_location_names where duty_location_id = '3f7c82dc-cc39-4d78-a203-504e10d6be9b';
DELETE from duty_locations where id = '3f7c82dc-cc39-4d78-a203-504e10d6be9b';

DELETE from orders where origin_duty_location_id = '273db2f5-afa8-408b-bb92-84d5d1a44fb8' or new_duty_location_id = '273db2f5-afa8-408b-bb92-84d5d1a44fb8';
DELETE from service_members where duty_location_id = '273db2f5-afa8-408b-bb92-84d5d1a44fb8';
DELETE from duty_location_names where duty_location_id = '273db2f5-afa8-408b-bb92-84d5d1a44fb8';
DELETE from duty_locations where id = '273db2f5-afa8-408b-bb92-84d5d1a44fb8';

DELETE from orders where origin_duty_location_id = '54bdc72d-7359-4080-8748-9263cd3d5850' or new_duty_location_id = '54bdc72d-7359-4080-8748-9263cd3d5850';
DELETE from service_members where duty_location_id = '54bdc72d-7359-4080-8748-9263cd3d5850';
DELETE from duty_location_names where duty_location_id = '54bdc72d-7359-4080-8748-9263cd3d5850';
DELETE from duty_locations where id = '54bdc72d-7359-4080-8748-9263cd3d5850';

DELETE from orders where origin_duty_location_id = '6d860c12-caad-4f11-9bb6-d6b725242a8b' or new_duty_location_id = '6d860c12-caad-4f11-9bb6-d6b725242a8b';
DELETE from service_members where duty_location_id = '6d860c12-caad-4f11-9bb6-d6b725242a8b';
DELETE from duty_location_names where duty_location_id = '6d860c12-caad-4f11-9bb6-d6b725242a8b';
DELETE from duty_locations where id = '6d860c12-caad-4f11-9bb6-d6b725242a8b';

DELETE from orders where origin_duty_location_id = '3d70d7ec-f5c2-4194-8f9f-e3503c18a281' or new_duty_location_id = '3d70d7ec-f5c2-4194-8f9f-e3503c18a281';
DELETE from service_members where duty_location_id = '3d70d7ec-f5c2-4194-8f9f-e3503c18a281';
DELETE from duty_location_names where duty_location_id = '3d70d7ec-f5c2-4194-8f9f-e3503c18a281';
DELETE from duty_locations where id = '3d70d7ec-f5c2-4194-8f9f-e3503c18a281';

DELETE from orders where origin_duty_location_id = '07dad350-e28a-4530-89d3-63f8268ee7de' or new_duty_location_id = '07dad350-e28a-4530-89d3-63f8268ee7de';
DELETE from service_members where duty_location_id = '07dad350-e28a-4530-89d3-63f8268ee7de';
DELETE from duty_location_names where duty_location_id = '07dad350-e28a-4530-89d3-63f8268ee7de';
DELETE from duty_locations where id = '07dad350-e28a-4530-89d3-63f8268ee7de';

DELETE from orders where origin_duty_location_id = '4d72d6fd-73ae-40ab-807b-e4741bb74c85' or new_duty_location_id = '4d72d6fd-73ae-40ab-807b-e4741bb74c85';
DELETE from service_members where duty_location_id = '4d72d6fd-73ae-40ab-807b-e4741bb74c85';
DELETE from duty_location_names where duty_location_id = '4d72d6fd-73ae-40ab-807b-e4741bb74c85';
DELETE from duty_locations where id = '4d72d6fd-73ae-40ab-807b-e4741bb74c85';

DELETE from orders where origin_duty_location_id = '48a29358-bb21-4cf0-8c11-72afa7bb7ad7' or new_duty_location_id = '48a29358-bb21-4cf0-8c11-72afa7bb7ad7';
DELETE from service_members where duty_location_id = '48a29358-bb21-4cf0-8c11-72afa7bb7ad7';
DELETE from duty_location_names where duty_location_id = '48a29358-bb21-4cf0-8c11-72afa7bb7ad7';
DELETE from duty_locations where id = '48a29358-bb21-4cf0-8c11-72afa7bb7ad7';

DELETE from orders where origin_duty_location_id = '3c470481-ae69-460f-8e0d-22c764b66ef2' or new_duty_location_id = '3c470481-ae69-460f-8e0d-22c764b66ef2';
DELETE from service_members where duty_location_id = '3c470481-ae69-460f-8e0d-22c764b66ef2';
DELETE from duty_location_names where duty_location_id = '3c470481-ae69-460f-8e0d-22c764b66ef2';
DELETE from duty_locations where id = '3c470481-ae69-460f-8e0d-22c764b66ef2';

DELETE from orders where origin_duty_location_id = '664f4fe4-ff9d-426b-b818-763b3697f5f5' or new_duty_location_id = '664f4fe4-ff9d-426b-b818-763b3697f5f5';
DELETE from service_members where duty_location_id = '664f4fe4-ff9d-426b-b818-763b3697f5f5';
DELETE from duty_location_names where duty_location_id = '664f4fe4-ff9d-426b-b818-763b3697f5f5';
DELETE from duty_locations where id = '664f4fe4-ff9d-426b-b818-763b3697f5f5';

DELETE from orders where origin_duty_location_id = '6d3b9ab5-61e6-44d4-a753-e12866127ff0' or new_duty_location_id = '6d3b9ab5-61e6-44d4-a753-e12866127ff0';
DELETE from service_members where duty_location_id = '6d3b9ab5-61e6-44d4-a753-e12866127ff0';
DELETE from duty_location_names where duty_location_id = '6d3b9ab5-61e6-44d4-a753-e12866127ff0';
DELETE from duty_locations where id = '6d3b9ab5-61e6-44d4-a753-e12866127ff0';

DELETE from orders where origin_duty_location_id = '645208ab-8eea-40b2-863a-8f7d5203596b' or new_duty_location_id = '645208ab-8eea-40b2-863a-8f7d5203596b';
DELETE from service_members where duty_location_id = '645208ab-8eea-40b2-863a-8f7d5203596b';
DELETE from duty_location_names where duty_location_id = '645208ab-8eea-40b2-863a-8f7d5203596b';
DELETE from duty_locations where id = '645208ab-8eea-40b2-863a-8f7d5203596b';

DELETE from orders where origin_duty_location_id = '564c2f4c-8473-49f2-8592-1147c7b484ca' or new_duty_location_id = '564c2f4c-8473-49f2-8592-1147c7b484ca';
DELETE from service_members where duty_location_id = '564c2f4c-8473-49f2-8592-1147c7b484ca';
DELETE from duty_location_names where duty_location_id = '564c2f4c-8473-49f2-8592-1147c7b484ca';
DELETE from duty_locations where id = '564c2f4c-8473-49f2-8592-1147c7b484ca';

DELETE from orders where origin_duty_location_id = 'ca93e398-055c-4c70-832b-bfe253b8fc50' or new_duty_location_id = 'ca93e398-055c-4c70-832b-bfe253b8fc50';
DELETE from service_members where duty_location_id = 'ca93e398-055c-4c70-832b-bfe253b8fc50';
DELETE from duty_location_names where duty_location_id = 'ca93e398-055c-4c70-832b-bfe253b8fc50';
DELETE from duty_locations where id = 'ca93e398-055c-4c70-832b-bfe253b8fc50';

DELETE from orders where origin_duty_location_id = '1284c570-4288-4eb6-9b61-7280a78872d9' or new_duty_location_id = '1284c570-4288-4eb6-9b61-7280a78872d9';
DELETE from service_members where duty_location_id = '1284c570-4288-4eb6-9b61-7280a78872d9';
DELETE from duty_location_names where duty_location_id = '1284c570-4288-4eb6-9b61-7280a78872d9';
DELETE from duty_locations where id = '1284c570-4288-4eb6-9b61-7280a78872d9';

DELETE from orders where origin_duty_location_id = '0a395a47-cfe3-44c5-8d34-ef230405f754' or new_duty_location_id = '0a395a47-cfe3-44c5-8d34-ef230405f754';
DELETE from service_members where duty_location_id = '0a395a47-cfe3-44c5-8d34-ef230405f754';
DELETE from duty_location_names where duty_location_id = '0a395a47-cfe3-44c5-8d34-ef230405f754';
DELETE from duty_locations where id = '0a395a47-cfe3-44c5-8d34-ef230405f754';

DELETE from orders where origin_duty_location_id = 'cca1c6ce-af80-445c-a17b-474e347f953e' or new_duty_location_id = 'cca1c6ce-af80-445c-a17b-474e347f953e';
DELETE from service_members where duty_location_id = 'cca1c6ce-af80-445c-a17b-474e347f953e';
DELETE from duty_location_names where duty_location_id = 'cca1c6ce-af80-445c-a17b-474e347f953e';
DELETE from duty_locations where id = 'cca1c6ce-af80-445c-a17b-474e347f953e';

DELETE from orders where origin_duty_location_id = '8771e1ac-0405-4b91-a9ae-6782a70a96f5' or new_duty_location_id = '8771e1ac-0405-4b91-a9ae-6782a70a96f5';
DELETE from service_members where duty_location_id = '8771e1ac-0405-4b91-a9ae-6782a70a96f5';
DELETE from duty_location_names where duty_location_id = '8771e1ac-0405-4b91-a9ae-6782a70a96f5';
DELETE from duty_locations where id = '8771e1ac-0405-4b91-a9ae-6782a70a96f5';

DELETE from orders where origin_duty_location_id = 'a68c0163-2c54-44f5-bfe1-55cf16369c88' or new_duty_location_id = 'a68c0163-2c54-44f5-bfe1-55cf16369c88';
DELETE from service_members where duty_location_id = 'a68c0163-2c54-44f5-bfe1-55cf16369c88';
DELETE from duty_location_names where duty_location_id = 'a68c0163-2c54-44f5-bfe1-55cf16369c88';
DELETE from duty_locations where id = 'a68c0163-2c54-44f5-bfe1-55cf16369c88';

DELETE from orders where origin_duty_location_id = '4d6c61f7-24ce-402b-8720-89ab86613485' or new_duty_location_id = '4d6c61f7-24ce-402b-8720-89ab86613485';
DELETE from service_members where duty_location_id = '4d6c61f7-24ce-402b-8720-89ab86613485';
DELETE from duty_location_names where duty_location_id = '4d6c61f7-24ce-402b-8720-89ab86613485';
DELETE from duty_locations where id = '4d6c61f7-24ce-402b-8720-89ab86613485';

DELETE from orders where origin_duty_location_id = '8e396aed-bb1a-44a3-861f-758614b7adcf' or new_duty_location_id = '8e396aed-bb1a-44a3-861f-758614b7adcf';
DELETE from service_members where duty_location_id = '8e396aed-bb1a-44a3-861f-758614b7adcf';
DELETE from duty_location_names where duty_location_id = '8e396aed-bb1a-44a3-861f-758614b7adcf';
DELETE from duty_locations where id = '8e396aed-bb1a-44a3-861f-758614b7adcf';

DELETE from orders where origin_duty_location_id = '51a064c2-ea31-40eb-a3cf-327b7790a9d0' or new_duty_location_id = '51a064c2-ea31-40eb-a3cf-327b7790a9d0';
DELETE from service_members where duty_location_id = '51a064c2-ea31-40eb-a3cf-327b7790a9d0';
DELETE from duty_location_names where duty_location_id = '51a064c2-ea31-40eb-a3cf-327b7790a9d0';
DELETE from duty_locations where id = '51a064c2-ea31-40eb-a3cf-327b7790a9d0';

DELETE from orders where origin_duty_location_id = 'd3bf4f52-010e-4d57-b6f4-6531162adc6f' or new_duty_location_id = 'd3bf4f52-010e-4d57-b6f4-6531162adc6f';
DELETE from service_members where duty_location_id = 'd3bf4f52-010e-4d57-b6f4-6531162adc6f';
DELETE from duty_location_names where duty_location_id = 'd3bf4f52-010e-4d57-b6f4-6531162adc6f';
DELETE from duty_locations where id = 'd3bf4f52-010e-4d57-b6f4-6531162adc6f';

DELETE from orders where origin_duty_location_id = '9c5b5af4-3d5d-4ce4-9d54-f971c907a5b4' or new_duty_location_id = '9c5b5af4-3d5d-4ce4-9d54-f971c907a5b4';
DELETE from service_members where duty_location_id = '9c5b5af4-3d5d-4ce4-9d54-f971c907a5b4';
DELETE from duty_location_names where duty_location_id = '9c5b5af4-3d5d-4ce4-9d54-f971c907a5b4';
DELETE from duty_locations where id = '9c5b5af4-3d5d-4ce4-9d54-f971c907a5b4';

DELETE from orders where origin_duty_location_id = '2d05ab91-22f3-4ef9-853d-532f29a8eb52' or new_duty_location_id = '2d05ab91-22f3-4ef9-853d-532f29a8eb52';
DELETE from service_members where duty_location_id = '2d05ab91-22f3-4ef9-853d-532f29a8eb52';
DELETE from duty_location_names where duty_location_id = '2d05ab91-22f3-4ef9-853d-532f29a8eb52';
DELETE from duty_locations where id = '2d05ab91-22f3-4ef9-853d-532f29a8eb52';

DELETE from orders where origin_duty_location_id = '37332e6a-47ba-421f-8cce-7215b90fdb70' or new_duty_location_id = '37332e6a-47ba-421f-8cce-7215b90fdb70';
DELETE from service_members where duty_location_id = '37332e6a-47ba-421f-8cce-7215b90fdb70';
DELETE from duty_location_names where duty_location_id = '37332e6a-47ba-421f-8cce-7215b90fdb70';
DELETE from duty_locations where id = '37332e6a-47ba-421f-8cce-7215b90fdb70';

DELETE from orders where origin_duty_location_id = '7ba19b45-26a3-49a7-80df-47ed6c5294a7' or new_duty_location_id = '7ba19b45-26a3-49a7-80df-47ed6c5294a7';
DELETE from service_members where duty_location_id = '7ba19b45-26a3-49a7-80df-47ed6c5294a7';
DELETE from duty_location_names where duty_location_id = '7ba19b45-26a3-49a7-80df-47ed6c5294a7';
DELETE from duty_locations where id = '7ba19b45-26a3-49a7-80df-47ed6c5294a7';

DELETE from orders where origin_duty_location_id = '11af323a-91cb-4bd6-9fea-959bdfec76fa' or new_duty_location_id = '11af323a-91cb-4bd6-9fea-959bdfec76fa';
DELETE from service_members where duty_location_id = '11af323a-91cb-4bd6-9fea-959bdfec76fa';
DELETE from duty_location_names where duty_location_id = '11af323a-91cb-4bd6-9fea-959bdfec76fa';
DELETE from duty_locations where id = '11af323a-91cb-4bd6-9fea-959bdfec76fa';

DELETE from orders where origin_duty_location_id = '5127592d-4128-43c7-81bd-735b86065013' or new_duty_location_id = '5127592d-4128-43c7-81bd-735b86065013';
DELETE from service_members where duty_location_id = '5127592d-4128-43c7-81bd-735b86065013';
DELETE from duty_location_names where duty_location_id = '5127592d-4128-43c7-81bd-735b86065013';
DELETE from duty_locations where id = '5127592d-4128-43c7-81bd-735b86065013';

DELETE from orders where origin_duty_location_id = 'eeec8bda-5e90-48e5-b87b-63efb2f16b21' or new_duty_location_id = 'eeec8bda-5e90-48e5-b87b-63efb2f16b21';
DELETE from service_members where duty_location_id = 'eeec8bda-5e90-48e5-b87b-63efb2f16b21';
DELETE from duty_location_names where duty_location_id = 'eeec8bda-5e90-48e5-b87b-63efb2f16b21';
DELETE from duty_locations where id = 'eeec8bda-5e90-48e5-b87b-63efb2f16b21';

DELETE from orders where origin_duty_location_id = '40b54a77-3b77-4e0d-a6f6-2ce08af9cb2f' or new_duty_location_id = '40b54a77-3b77-4e0d-a6f6-2ce08af9cb2f';
DELETE from service_members where duty_location_id = '40b54a77-3b77-4e0d-a6f6-2ce08af9cb2f';
DELETE from duty_location_names where duty_location_id = '40b54a77-3b77-4e0d-a6f6-2ce08af9cb2f';
DELETE from duty_locations where id = '40b54a77-3b77-4e0d-a6f6-2ce08af9cb2f';

DELETE from orders where origin_duty_location_id = '6f1204f4-ecad-47d0-8710-6baaaaa4ad16' or new_duty_location_id = '6f1204f4-ecad-47d0-8710-6baaaaa4ad16';
DELETE from service_members where duty_location_id = '6f1204f4-ecad-47d0-8710-6baaaaa4ad16';
DELETE from duty_location_names where duty_location_id = '6f1204f4-ecad-47d0-8710-6baaaaa4ad16';
DELETE from duty_locations where id = '6f1204f4-ecad-47d0-8710-6baaaaa4ad16';

DELETE from orders where origin_duty_location_id = 'ec2623ed-78cc-48c6-89be-f4e580cced06' or new_duty_location_id = 'ec2623ed-78cc-48c6-89be-f4e580cced06';
DELETE from service_members where duty_location_id = 'ec2623ed-78cc-48c6-89be-f4e580cced06';
DELETE from duty_location_names where duty_location_id = 'ec2623ed-78cc-48c6-89be-f4e580cced06';
DELETE from duty_locations where id = 'ec2623ed-78cc-48c6-89be-f4e580cced06';

DELETE from orders where origin_duty_location_id = '783a3109-200b-4611-842d-db4d2fec8193' or new_duty_location_id = '783a3109-200b-4611-842d-db4d2fec8193';
DELETE from service_members where duty_location_id = '783a3109-200b-4611-842d-db4d2fec8193';
DELETE from duty_location_names where duty_location_id = '783a3109-200b-4611-842d-db4d2fec8193';
DELETE from duty_locations where id = '783a3109-200b-4611-842d-db4d2fec8193';

DELETE from orders where origin_duty_location_id = '837a47d6-567a-4826-a81f-77084dad2348' or new_duty_location_id = '837a47d6-567a-4826-a81f-77084dad2348';
DELETE from service_members where duty_location_id = '837a47d6-567a-4826-a81f-77084dad2348';
DELETE from duty_location_names where duty_location_id = '837a47d6-567a-4826-a81f-77084dad2348';
DELETE from duty_locations where id = '837a47d6-567a-4826-a81f-77084dad2348';

DELETE from orders where origin_duty_location_id = '7739fb95-6d2f-42ee-944e-cb28f8804619' or new_duty_location_id = '7739fb95-6d2f-42ee-944e-cb28f8804619';
DELETE from service_members where duty_location_id = '7739fb95-6d2f-42ee-944e-cb28f8804619';
DELETE from duty_location_names where duty_location_id = '7739fb95-6d2f-42ee-944e-cb28f8804619';
DELETE from duty_locations where id = '7739fb95-6d2f-42ee-944e-cb28f8804619';

DELETE from orders where origin_duty_location_id = '314de16f-912e-4c5b-b40e-719a47d46962' or new_duty_location_id = '314de16f-912e-4c5b-b40e-719a47d46962';
DELETE from service_members where duty_location_id = '314de16f-912e-4c5b-b40e-719a47d46962';
DELETE from duty_location_names where duty_location_id = '314de16f-912e-4c5b-b40e-719a47d46962';
DELETE from duty_locations where id = '314de16f-912e-4c5b-b40e-719a47d46962';

DELETE from orders where origin_duty_location_id = '4f9b5542-142c-4711-af27-4129a365cdf3' or new_duty_location_id = '4f9b5542-142c-4711-af27-4129a365cdf3';
DELETE from service_members where duty_location_id = '4f9b5542-142c-4711-af27-4129a365cdf3';
DELETE from duty_location_names where duty_location_id = '4f9b5542-142c-4711-af27-4129a365cdf3';
DELETE from duty_locations where id = '4f9b5542-142c-4711-af27-4129a365cdf3';

DELETE from orders where origin_duty_location_id = 'c7536dc1-398a-413d-9638-2f273814241d' or new_duty_location_id = 'c7536dc1-398a-413d-9638-2f273814241d';
DELETE from service_members where duty_location_id = 'c7536dc1-398a-413d-9638-2f273814241d';
DELETE from duty_location_names where duty_location_id = 'c7536dc1-398a-413d-9638-2f273814241d';
DELETE from duty_locations where id = 'c7536dc1-398a-413d-9638-2f273814241d';

DELETE from orders where origin_duty_location_id = '1e09e529-52a2-4fe6-a558-e83e3f2cb147' or new_duty_location_id = '1e09e529-52a2-4fe6-a558-e83e3f2cb147';
DELETE from service_members where duty_location_id = '1e09e529-52a2-4fe6-a558-e83e3f2cb147';
DELETE from duty_location_names where duty_location_id = '1e09e529-52a2-4fe6-a558-e83e3f2cb147';
DELETE from duty_locations where id = '1e09e529-52a2-4fe6-a558-e83e3f2cb147';

DELETE from orders where origin_duty_location_id = '73adcd40-083a-4bf4-83fc-daa67ec462b3' or new_duty_location_id = '73adcd40-083a-4bf4-83fc-daa67ec462b3';
DELETE from service_members where duty_location_id = '73adcd40-083a-4bf4-83fc-daa67ec462b3';
DELETE from duty_location_names where duty_location_id = '73adcd40-083a-4bf4-83fc-daa67ec462b3';
DELETE from duty_locations where id = '73adcd40-083a-4bf4-83fc-daa67ec462b3';

DELETE from orders where origin_duty_location_id = '46b40e83-47b2-4df7-9a8a-198137df5aa0' or new_duty_location_id = '46b40e83-47b2-4df7-9a8a-198137df5aa0';
DELETE from service_members where duty_location_id = '46b40e83-47b2-4df7-9a8a-198137df5aa0';
DELETE from duty_location_names where duty_location_id = '46b40e83-47b2-4df7-9a8a-198137df5aa0';
DELETE from duty_locations where id = '46b40e83-47b2-4df7-9a8a-198137df5aa0';

DELETE from orders where origin_duty_location_id = '5d1cdc37-ac7f-4f23-a443-67ea9efdc244' or new_duty_location_id = '5d1cdc37-ac7f-4f23-a443-67ea9efdc244';
DELETE from service_members where duty_location_id = '5d1cdc37-ac7f-4f23-a443-67ea9efdc244';
DELETE from duty_location_names where duty_location_id = '5d1cdc37-ac7f-4f23-a443-67ea9efdc244';
DELETE from duty_locations where id = '5d1cdc37-ac7f-4f23-a443-67ea9efdc244';

DELETE from orders where origin_duty_location_id = '6f5e83ce-6573-40d7-b87e-ff05eb47a423' or new_duty_location_id = '6f5e83ce-6573-40d7-b87e-ff05eb47a423';
DELETE from service_members where duty_location_id = '6f5e83ce-6573-40d7-b87e-ff05eb47a423';
DELETE from duty_location_names where duty_location_id = '6f5e83ce-6573-40d7-b87e-ff05eb47a423';
DELETE from duty_locations where id = '6f5e83ce-6573-40d7-b87e-ff05eb47a423';

DELETE from orders where origin_duty_location_id = '0655c860-cc10-4d70-80f9-feb517532caa' or new_duty_location_id = '0655c860-cc10-4d70-80f9-feb517532caa';
DELETE from service_members where duty_location_id = '0655c860-cc10-4d70-80f9-feb517532caa';
DELETE from duty_location_names where duty_location_id = '0655c860-cc10-4d70-80f9-feb517532caa';
DELETE from duty_locations where id = '0655c860-cc10-4d70-80f9-feb517532caa';

DELETE from orders where origin_duty_location_id = '84212ae4-587e-4bfb-a5b8-5d899fdddb41' or new_duty_location_id = '84212ae4-587e-4bfb-a5b8-5d899fdddb41';
DELETE from service_members where duty_location_id = '84212ae4-587e-4bfb-a5b8-5d899fdddb41';
DELETE from duty_location_names where duty_location_id = '84212ae4-587e-4bfb-a5b8-5d899fdddb41';
DELETE from duty_locations where id = '84212ae4-587e-4bfb-a5b8-5d899fdddb41';

DELETE from orders where origin_duty_location_id = '2d5ceec3-4131-4817-9a62-509c0f8649d0' or new_duty_location_id = '2d5ceec3-4131-4817-9a62-509c0f8649d0';
DELETE from service_members where duty_location_id = '2d5ceec3-4131-4817-9a62-509c0f8649d0';
DELETE from duty_location_names where duty_location_id = '2d5ceec3-4131-4817-9a62-509c0f8649d0';
DELETE from duty_locations where id = '2d5ceec3-4131-4817-9a62-509c0f8649d0';

DELETE from orders where origin_duty_location_id = '55411a98-f9c1-4565-98ed-c07cd5e18073' or new_duty_location_id = '55411a98-f9c1-4565-98ed-c07cd5e18073';
DELETE from service_members where duty_location_id = '55411a98-f9c1-4565-98ed-c07cd5e18073';
DELETE from duty_location_names where duty_location_id = '55411a98-f9c1-4565-98ed-c07cd5e18073';
DELETE from duty_locations where id = '55411a98-f9c1-4565-98ed-c07cd5e18073';

DELETE from orders where origin_duty_location_id = '5d1ecd50-38fb-4b0c-b40c-c36bf5626c4e' or new_duty_location_id = '5d1ecd50-38fb-4b0c-b40c-c36bf5626c4e';
DELETE from service_members where duty_location_id = '5d1ecd50-38fb-4b0c-b40c-c36bf5626c4e';
DELETE from duty_location_names where duty_location_id = '5d1ecd50-38fb-4b0c-b40c-c36bf5626c4e';
DELETE from duty_locations where id = '5d1ecd50-38fb-4b0c-b40c-c36bf5626c4e';

DELETE from orders where origin_duty_location_id = '1b0ac9ea-71c1-4a21-97f1-506cd7dc401f' or new_duty_location_id = '1b0ac9ea-71c1-4a21-97f1-506cd7dc401f';
DELETE from service_members where duty_location_id = '1b0ac9ea-71c1-4a21-97f1-506cd7dc401f';
DELETE from duty_location_names where duty_location_id = '1b0ac9ea-71c1-4a21-97f1-506cd7dc401f';
DELETE from duty_locations where id = '1b0ac9ea-71c1-4a21-97f1-506cd7dc401f';

DELETE from orders where origin_duty_location_id = 'da6e1e2c-1429-42de-b2d5-fed0a5daf22c' or new_duty_location_id = 'da6e1e2c-1429-42de-b2d5-fed0a5daf22c';
DELETE from service_members where duty_location_id = 'da6e1e2c-1429-42de-b2d5-fed0a5daf22c';
DELETE from duty_location_names where duty_location_id = 'da6e1e2c-1429-42de-b2d5-fed0a5daf22c';
DELETE from duty_locations where id = 'da6e1e2c-1429-42de-b2d5-fed0a5daf22c';

DELETE from orders where origin_duty_location_id = 'f2ea1d1d-1dae-4ee6-9177-f042648b7af0' or new_duty_location_id = 'f2ea1d1d-1dae-4ee6-9177-f042648b7af0';
DELETE from service_members where duty_location_id = 'f2ea1d1d-1dae-4ee6-9177-f042648b7af0';
DELETE from duty_location_names where duty_location_id = 'f2ea1d1d-1dae-4ee6-9177-f042648b7af0';
DELETE from duty_locations where id = 'f2ea1d1d-1dae-4ee6-9177-f042648b7af0';

DELETE from orders where origin_duty_location_id = '420ea112-048f-4c13-9601-280a2f8014f3' or new_duty_location_id = '420ea112-048f-4c13-9601-280a2f8014f3';
DELETE from service_members where duty_location_id = '420ea112-048f-4c13-9601-280a2f8014f3';
DELETE from duty_location_names where duty_location_id = '420ea112-048f-4c13-9601-280a2f8014f3';
DELETE from duty_locations where id = '420ea112-048f-4c13-9601-280a2f8014f3';

DELETE from orders where origin_duty_location_id = '5dd71b44-0997-4c3f-adc4-b4a37df9e90e' or new_duty_location_id = '5dd71b44-0997-4c3f-adc4-b4a37df9e90e';
DELETE from service_members where duty_location_id = '5dd71b44-0997-4c3f-adc4-b4a37df9e90e';
DELETE from duty_location_names where duty_location_id = '5dd71b44-0997-4c3f-adc4-b4a37df9e90e';
DELETE from duty_locations where id = '5dd71b44-0997-4c3f-adc4-b4a37df9e90e';

DELETE from orders where origin_duty_location_id = '0bf9b594-dbe7-4b49-9d0f-0a6021584541' or new_duty_location_id = '0bf9b594-dbe7-4b49-9d0f-0a6021584541';
DELETE from service_members where duty_location_id = '0bf9b594-dbe7-4b49-9d0f-0a6021584541';
DELETE from duty_location_names where duty_location_id = '0bf9b594-dbe7-4b49-9d0f-0a6021584541';
DELETE from duty_locations where id = '0bf9b594-dbe7-4b49-9d0f-0a6021584541';

DELETE from orders where origin_duty_location_id = '6e6b8977-3b40-435d-a733-356f8ba915ae' or new_duty_location_id = '6e6b8977-3b40-435d-a733-356f8ba915ae';
DELETE from service_members where duty_location_id = '6e6b8977-3b40-435d-a733-356f8ba915ae';
DELETE from duty_location_names where duty_location_id = '6e6b8977-3b40-435d-a733-356f8ba915ae';
DELETE from duty_locations where id = '6e6b8977-3b40-435d-a733-356f8ba915ae';

DELETE from orders where origin_duty_location_id = '5a81645e-73e0-4e9c-a5bd-33fefb00e8f4' or new_duty_location_id = '5a81645e-73e0-4e9c-a5bd-33fefb00e8f4';
DELETE from service_members where duty_location_id = '5a81645e-73e0-4e9c-a5bd-33fefb00e8f4';
DELETE from duty_location_names where duty_location_id = '5a81645e-73e0-4e9c-a5bd-33fefb00e8f4';
DELETE from duty_locations where id = '5a81645e-73e0-4e9c-a5bd-33fefb00e8f4';

DELETE from orders where origin_duty_location_id = 'a66753e9-e446-4e25-994c-ef1a467a5ae0' or new_duty_location_id = 'a66753e9-e446-4e25-994c-ef1a467a5ae0';
DELETE from service_members where duty_location_id = 'a66753e9-e446-4e25-994c-ef1a467a5ae0';
DELETE from duty_location_names where duty_location_id = 'a66753e9-e446-4e25-994c-ef1a467a5ae0';
DELETE from duty_locations where id = 'a66753e9-e446-4e25-994c-ef1a467a5ae0';

DELETE from orders where origin_duty_location_id = '49663767-ae00-4ce9-8b46-9e5fc74b8cf7' or new_duty_location_id = '49663767-ae00-4ce9-8b46-9e5fc74b8cf7';
DELETE from service_members where duty_location_id = '49663767-ae00-4ce9-8b46-9e5fc74b8cf7';
DELETE from duty_location_names where duty_location_id = '49663767-ae00-4ce9-8b46-9e5fc74b8cf7';
DELETE from duty_locations where id = '49663767-ae00-4ce9-8b46-9e5fc74b8cf7';

DELETE from orders where origin_duty_location_id = '6cefb256-4168-4634-9558-4886807eea9a' or new_duty_location_id = '6cefb256-4168-4634-9558-4886807eea9a';
DELETE from service_members where duty_location_id = '6cefb256-4168-4634-9558-4886807eea9a';
DELETE from duty_location_names where duty_location_id = '6cefb256-4168-4634-9558-4886807eea9a';
DELETE from duty_locations where id = '6cefb256-4168-4634-9558-4886807eea9a';

DELETE from orders where origin_duty_location_id = '7e9e0dfd-a44f-4602-a832-500153bb54f2' or new_duty_location_id = '7e9e0dfd-a44f-4602-a832-500153bb54f2';
DELETE from service_members where duty_location_id = '7e9e0dfd-a44f-4602-a832-500153bb54f2';
DELETE from duty_location_names where duty_location_id = '7e9e0dfd-a44f-4602-a832-500153bb54f2';
DELETE from duty_locations where id = '7e9e0dfd-a44f-4602-a832-500153bb54f2';

DELETE from orders where origin_duty_location_id = 'c6bb6346-19af-4d93-b6ab-4f3b09e99999' or new_duty_location_id = 'c6bb6346-19af-4d93-b6ab-4f3b09e99999';
DELETE from service_members where duty_location_id = 'c6bb6346-19af-4d93-b6ab-4f3b09e99999';
DELETE from duty_location_names where duty_location_id = 'c6bb6346-19af-4d93-b6ab-4f3b09e99999';
DELETE from duty_locations where id = 'c6bb6346-19af-4d93-b6ab-4f3b09e99999';

DELETE from orders where origin_duty_location_id = 'f8ebc92f-c47e-44e7-bf03-1cee238df66b' or new_duty_location_id = 'f8ebc92f-c47e-44e7-bf03-1cee238df66b';
DELETE from service_members where duty_location_id = 'f8ebc92f-c47e-44e7-bf03-1cee238df66b';
DELETE from duty_location_names where duty_location_id = 'f8ebc92f-c47e-44e7-bf03-1cee238df66b';
DELETE from duty_locations where id = 'f8ebc92f-c47e-44e7-bf03-1cee238df66b';

DELETE from orders where origin_duty_location_id = 'b41445f2-7d0e-414a-ac55-f48797d75ce3' or new_duty_location_id = 'b41445f2-7d0e-414a-ac55-f48797d75ce3';
DELETE from service_members where duty_location_id = 'b41445f2-7d0e-414a-ac55-f48797d75ce3';
DELETE from duty_location_names where duty_location_id = 'b41445f2-7d0e-414a-ac55-f48797d75ce3';
DELETE from duty_locations where id = 'b41445f2-7d0e-414a-ac55-f48797d75ce3';

DELETE from orders where origin_duty_location_id = 'a7332218-2bed-415f-863a-d4c5a165b0c3' or new_duty_location_id = 'a7332218-2bed-415f-863a-d4c5a165b0c3';
DELETE from service_members where duty_location_id = 'a7332218-2bed-415f-863a-d4c5a165b0c3';
DELETE from duty_location_names where duty_location_id = 'a7332218-2bed-415f-863a-d4c5a165b0c3';
DELETE from duty_locations where id = 'a7332218-2bed-415f-863a-d4c5a165b0c3';

DELETE from orders where origin_duty_location_id = 'b290ef73-179d-479e-a349-7c64c04a88d2' or new_duty_location_id = 'b290ef73-179d-479e-a349-7c64c04a88d2';
DELETE from service_members where duty_location_id = 'b290ef73-179d-479e-a349-7c64c04a88d2';
DELETE from duty_location_names where duty_location_id = 'b290ef73-179d-479e-a349-7c64c04a88d2';
DELETE from duty_locations where id = 'b290ef73-179d-479e-a349-7c64c04a88d2';

DELETE from orders where origin_duty_location_id = '234ab7f7-5e90-4065-9e78-202a3caacba1' or new_duty_location_id = '234ab7f7-5e90-4065-9e78-202a3caacba1';
DELETE from service_members where duty_location_id = '234ab7f7-5e90-4065-9e78-202a3caacba1';
DELETE from duty_location_names where duty_location_id = '234ab7f7-5e90-4065-9e78-202a3caacba1';
DELETE from duty_locations where id = '234ab7f7-5e90-4065-9e78-202a3caacba1';

DELETE from orders where origin_duty_location_id = 'b1a9ea46-fd54-4656-9a68-a9b4adf98b9c' or new_duty_location_id = 'b1a9ea46-fd54-4656-9a68-a9b4adf98b9c';
DELETE from service_members where duty_location_id = 'b1a9ea46-fd54-4656-9a68-a9b4adf98b9c';
DELETE from duty_location_names where duty_location_id = 'b1a9ea46-fd54-4656-9a68-a9b4adf98b9c';
DELETE from duty_locations where id = 'b1a9ea46-fd54-4656-9a68-a9b4adf98b9c';

DELETE from orders where origin_duty_location_id = '44325046-4aad-4e15-b7a7-46cd25ec0c9f' or new_duty_location_id = '44325046-4aad-4e15-b7a7-46cd25ec0c9f';
DELETE from service_members where duty_location_id = '44325046-4aad-4e15-b7a7-46cd25ec0c9f';
DELETE from duty_location_names where duty_location_id = '44325046-4aad-4e15-b7a7-46cd25ec0c9f';
DELETE from duty_locations where id = '44325046-4aad-4e15-b7a7-46cd25ec0c9f';

DELETE from orders where origin_duty_location_id = '536bcdc8-336d-4ef3-b530-356d997113a8' or new_duty_location_id = '536bcdc8-336d-4ef3-b530-356d997113a8';
DELETE from service_members where duty_location_id = '536bcdc8-336d-4ef3-b530-356d997113a8';
DELETE from duty_location_names where duty_location_id = '536bcdc8-336d-4ef3-b530-356d997113a8';
DELETE from duty_locations where id = '536bcdc8-336d-4ef3-b530-356d997113a8';

DELETE from orders where origin_duty_location_id = '4e614e2b-70ae-41dd-978e-b586473413db' or new_duty_location_id = '4e614e2b-70ae-41dd-978e-b586473413db';
DELETE from service_members where duty_location_id = '4e614e2b-70ae-41dd-978e-b586473413db';
DELETE from duty_location_names where duty_location_id = '4e614e2b-70ae-41dd-978e-b586473413db';
DELETE from duty_locations where id = '4e614e2b-70ae-41dd-978e-b586473413db';

DELETE from orders where origin_duty_location_id = 'a69b6d78-5902-49fe-9ff4-272c942d28aa' or new_duty_location_id = 'a69b6d78-5902-49fe-9ff4-272c942d28aa';
DELETE from service_members where duty_location_id = 'a69b6d78-5902-49fe-9ff4-272c942d28aa';
DELETE from duty_location_names where duty_location_id = 'a69b6d78-5902-49fe-9ff4-272c942d28aa';
DELETE from duty_locations where id = 'a69b6d78-5902-49fe-9ff4-272c942d28aa';

DELETE from orders where origin_duty_location_id = '56b3cc5a-0746-442d-8d87-2463b58d4b70' or new_duty_location_id = '56b3cc5a-0746-442d-8d87-2463b58d4b70';
DELETE from service_members where duty_location_id = '56b3cc5a-0746-442d-8d87-2463b58d4b70';
DELETE from duty_location_names where duty_location_id = '56b3cc5a-0746-442d-8d87-2463b58d4b70';
DELETE from duty_locations where id = '56b3cc5a-0746-442d-8d87-2463b58d4b70';

DELETE from orders where origin_duty_location_id = '613a29a6-6a96-4eb4-b0bf-e638fa1760f5' or new_duty_location_id = '613a29a6-6a96-4eb4-b0bf-e638fa1760f5';
DELETE from service_members where duty_location_id = '613a29a6-6a96-4eb4-b0bf-e638fa1760f5';
DELETE from duty_location_names where duty_location_id = '613a29a6-6a96-4eb4-b0bf-e638fa1760f5';
DELETE from duty_locations where id = '613a29a6-6a96-4eb4-b0bf-e638fa1760f5';

DELETE from orders where origin_duty_location_id = '20025362-fa63-4e2b-b022-44aa9ec8ffef' or new_duty_location_id = '20025362-fa63-4e2b-b022-44aa9ec8ffef';
DELETE from service_members where duty_location_id = '20025362-fa63-4e2b-b022-44aa9ec8ffef';
DELETE from duty_location_names where duty_location_id = '20025362-fa63-4e2b-b022-44aa9ec8ffef';
DELETE from duty_locations where id = '20025362-fa63-4e2b-b022-44aa9ec8ffef';

DELETE from orders where origin_duty_location_id = '225e9be5-9e28-442b-85d8-27491f1c02c7' or new_duty_location_id = '225e9be5-9e28-442b-85d8-27491f1c02c7';
DELETE from service_members where duty_location_id = '225e9be5-9e28-442b-85d8-27491f1c02c7';
DELETE from duty_location_names where duty_location_id = '225e9be5-9e28-442b-85d8-27491f1c02c7';
DELETE from duty_locations where id = '225e9be5-9e28-442b-85d8-27491f1c02c7';

DELETE from orders where origin_duty_location_id = 'd34c9a0e-5c80-4f66-b2d5-2f980ee29a7f' or new_duty_location_id = 'd34c9a0e-5c80-4f66-b2d5-2f980ee29a7f';
DELETE from service_members where duty_location_id = 'd34c9a0e-5c80-4f66-b2d5-2f980ee29a7f';
DELETE from duty_location_names where duty_location_id = 'd34c9a0e-5c80-4f66-b2d5-2f980ee29a7f';
DELETE from duty_locations where id = 'd34c9a0e-5c80-4f66-b2d5-2f980ee29a7f';

DELETE from orders where origin_duty_location_id = 'c4dc68f3-3e11-46e3-9bab-69a14459c5f4' or new_duty_location_id = 'c4dc68f3-3e11-46e3-9bab-69a14459c5f4';
DELETE from service_members where duty_location_id = 'c4dc68f3-3e11-46e3-9bab-69a14459c5f4';
DELETE from duty_location_names where duty_location_id = 'c4dc68f3-3e11-46e3-9bab-69a14459c5f4';
DELETE from duty_locations where id = 'c4dc68f3-3e11-46e3-9bab-69a14459c5f4';

DELETE from orders where origin_duty_location_id = '8aee7c48-4adc-437e-a9d0-14ed13b9f116' or new_duty_location_id = '8aee7c48-4adc-437e-a9d0-14ed13b9f116';
DELETE from service_members where duty_location_id = '8aee7c48-4adc-437e-a9d0-14ed13b9f116';
DELETE from duty_location_names where duty_location_id = '8aee7c48-4adc-437e-a9d0-14ed13b9f116';
DELETE from duty_locations where id = '8aee7c48-4adc-437e-a9d0-14ed13b9f116';

DELETE from orders where origin_duty_location_id = 'd7aca4c4-386f-4558-9480-f19ed06ed57f' or new_duty_location_id = 'd7aca4c4-386f-4558-9480-f19ed06ed57f';
DELETE from service_members where duty_location_id = 'd7aca4c4-386f-4558-9480-f19ed06ed57f';
DELETE from duty_location_names where duty_location_id = 'd7aca4c4-386f-4558-9480-f19ed06ed57f';
DELETE from duty_locations where id = 'd7aca4c4-386f-4558-9480-f19ed06ed57f';

DELETE from orders where origin_duty_location_id = 'f4ff7094-3835-4a1a-8f3d-399a297e5725' or new_duty_location_id = 'f4ff7094-3835-4a1a-8f3d-399a297e5725';
DELETE from service_members where duty_location_id = 'f4ff7094-3835-4a1a-8f3d-399a297e5725';
DELETE from duty_location_names where duty_location_id = 'f4ff7094-3835-4a1a-8f3d-399a297e5725';
DELETE from duty_locations where id = 'f4ff7094-3835-4a1a-8f3d-399a297e5725';

DELETE from orders where origin_duty_location_id = 'fab1f9a1-3c5a-4eca-9f77-9b4f43d6e3db' or new_duty_location_id = 'fab1f9a1-3c5a-4eca-9f77-9b4f43d6e3db';
DELETE from service_members where duty_location_id = 'fab1f9a1-3c5a-4eca-9f77-9b4f43d6e3db';
DELETE from duty_location_names where duty_location_id = 'fab1f9a1-3c5a-4eca-9f77-9b4f43d6e3db';
DELETE from duty_locations where id = 'fab1f9a1-3c5a-4eca-9f77-9b4f43d6e3db';

DELETE from orders where origin_duty_location_id = 'ae1a4c41-aae5-4461-bed6-76f04f5ae665' or new_duty_location_id = 'ae1a4c41-aae5-4461-bed6-76f04f5ae665';
DELETE from service_members where duty_location_id = 'ae1a4c41-aae5-4461-bed6-76f04f5ae665';
DELETE from duty_location_names where duty_location_id = 'ae1a4c41-aae5-4461-bed6-76f04f5ae665';
DELETE from duty_locations where id = 'ae1a4c41-aae5-4461-bed6-76f04f5ae665';

DELETE from orders where origin_duty_location_id = 'b5594f2c-09ef-4e1d-8f3e-1a2a4210ac0f' or new_duty_location_id = 'b5594f2c-09ef-4e1d-8f3e-1a2a4210ac0f';
DELETE from service_members where duty_location_id = 'b5594f2c-09ef-4e1d-8f3e-1a2a4210ac0f';
DELETE from duty_location_names where duty_location_id = 'b5594f2c-09ef-4e1d-8f3e-1a2a4210ac0f';
DELETE from duty_locations where id = 'b5594f2c-09ef-4e1d-8f3e-1a2a4210ac0f';

DELETE from orders where origin_duty_location_id = '0edcd904-e05b-4d7a-a093-ceecabd64216' or new_duty_location_id = '0edcd904-e05b-4d7a-a093-ceecabd64216';
DELETE from service_members where duty_location_id = '0edcd904-e05b-4d7a-a093-ceecabd64216';
DELETE from duty_location_names where duty_location_id = '0edcd904-e05b-4d7a-a093-ceecabd64216';
DELETE from duty_locations where id = '0edcd904-e05b-4d7a-a093-ceecabd64216';

DELETE from orders where origin_duty_location_id = '23ce4c4f-3c63-4c5e-8e6c-0459a1a9f12c' or new_duty_location_id = '23ce4c4f-3c63-4c5e-8e6c-0459a1a9f12c';
DELETE from service_members where duty_location_id = '23ce4c4f-3c63-4c5e-8e6c-0459a1a9f12c';
DELETE from duty_location_names where duty_location_id = '23ce4c4f-3c63-4c5e-8e6c-0459a1a9f12c';
DELETE from duty_locations where id = '23ce4c4f-3c63-4c5e-8e6c-0459a1a9f12c';

DELETE from orders where origin_duty_location_id = '98f5ab90-1a79-4f1f-94a0-96d3eb9e019a' or new_duty_location_id = '98f5ab90-1a79-4f1f-94a0-96d3eb9e019a';
DELETE from service_members where duty_location_id = '98f5ab90-1a79-4f1f-94a0-96d3eb9e019a';
DELETE from duty_location_names where duty_location_id = '98f5ab90-1a79-4f1f-94a0-96d3eb9e019a';
DELETE from duty_locations where id = '98f5ab90-1a79-4f1f-94a0-96d3eb9e019a';

DELETE from orders where origin_duty_location_id = '704b2aed-d92a-43e5-85d9-7218c0118d2a' or new_duty_location_id = '704b2aed-d92a-43e5-85d9-7218c0118d2a';
DELETE from service_members where duty_location_id = '704b2aed-d92a-43e5-85d9-7218c0118d2a';
DELETE from duty_location_names where duty_location_id = '704b2aed-d92a-43e5-85d9-7218c0118d2a';
DELETE from duty_locations where id = '704b2aed-d92a-43e5-85d9-7218c0118d2a';

DELETE from orders where origin_duty_location_id = '36d169d1-f3e5-44fc-bf15-5bf47ae93afa' or new_duty_location_id = '36d169d1-f3e5-44fc-bf15-5bf47ae93afa';
DELETE from service_members where duty_location_id = '36d169d1-f3e5-44fc-bf15-5bf47ae93afa';
DELETE from duty_location_names where duty_location_id = '36d169d1-f3e5-44fc-bf15-5bf47ae93afa';
DELETE from duty_locations where id = '36d169d1-f3e5-44fc-bf15-5bf47ae93afa';

DELETE from orders where origin_duty_location_id = 'af7394fc-f4f7-4dd8-baa7-12f62b5fbdad' or new_duty_location_id = 'af7394fc-f4f7-4dd8-baa7-12f62b5fbdad';
DELETE from service_members where duty_location_id = 'af7394fc-f4f7-4dd8-baa7-12f62b5fbdad';
DELETE from duty_location_names where duty_location_id = 'af7394fc-f4f7-4dd8-baa7-12f62b5fbdad';
DELETE from duty_locations where id = 'af7394fc-f4f7-4dd8-baa7-12f62b5fbdad';

DELETE from orders where origin_duty_location_id = '3b70ae8a-5194-4747-a47e-a3c5e9db37ed' or new_duty_location_id = '3b70ae8a-5194-4747-a47e-a3c5e9db37ed';
DELETE from service_members where duty_location_id = '3b70ae8a-5194-4747-a47e-a3c5e9db37ed';
DELETE from duty_location_names where duty_location_id = '3b70ae8a-5194-4747-a47e-a3c5e9db37ed';
DELETE from duty_locations where id = '3b70ae8a-5194-4747-a47e-a3c5e9db37ed';

DELETE from orders where origin_duty_location_id = 'a06506aa-aacb-4741-b872-4a6f52c95a98' or new_duty_location_id = 'a06506aa-aacb-4741-b872-4a6f52c95a98';
DELETE from service_members where duty_location_id = 'a06506aa-aacb-4741-b872-4a6f52c95a98';
DELETE from duty_location_names where duty_location_id = 'a06506aa-aacb-4741-b872-4a6f52c95a98';
DELETE from duty_locations where id = 'a06506aa-aacb-4741-b872-4a6f52c95a98';

DELETE from orders where origin_duty_location_id = 'f9b147a5-a249-428f-b9b7-1b9c029205d2' or new_duty_location_id = 'f9b147a5-a249-428f-b9b7-1b9c029205d2';
DELETE from service_members where duty_location_id = 'f9b147a5-a249-428f-b9b7-1b9c029205d2';
DELETE from duty_location_names where duty_location_id = 'f9b147a5-a249-428f-b9b7-1b9c029205d2';
DELETE from duty_locations where id = 'f9b147a5-a249-428f-b9b7-1b9c029205d2';

DELETE from orders where origin_duty_location_id = 'c17c3c1b-8a24-4ae3-b4fb-3ff747155eb6' or new_duty_location_id = 'c17c3c1b-8a24-4ae3-b4fb-3ff747155eb6';
DELETE from service_members where duty_location_id = 'c17c3c1b-8a24-4ae3-b4fb-3ff747155eb6';
DELETE from duty_location_names where duty_location_id = 'c17c3c1b-8a24-4ae3-b4fb-3ff747155eb6';
DELETE from duty_locations where id = 'c17c3c1b-8a24-4ae3-b4fb-3ff747155eb6';

DELETE from orders where origin_duty_location_id = 'befbf95e-4316-4962-97c7-cdf2d125f8ba' or new_duty_location_id = 'befbf95e-4316-4962-97c7-cdf2d125f8ba';
DELETE from service_members where duty_location_id = 'befbf95e-4316-4962-97c7-cdf2d125f8ba';
DELETE from duty_location_names where duty_location_id = 'befbf95e-4316-4962-97c7-cdf2d125f8ba';
DELETE from duty_locations where id = 'befbf95e-4316-4962-97c7-cdf2d125f8ba';

DELETE from orders where origin_duty_location_id = '3c966019-6d10-4f50-b032-522ebd89c778' or new_duty_location_id = '3c966019-6d10-4f50-b032-522ebd89c778';
DELETE from service_members where duty_location_id = '3c966019-6d10-4f50-b032-522ebd89c778';
DELETE from duty_location_names where duty_location_id = '3c966019-6d10-4f50-b032-522ebd89c778';
DELETE from duty_locations where id = '3c966019-6d10-4f50-b032-522ebd89c778';

DELETE from orders where origin_duty_location_id = '198f643e-0b41-4dca-99fd-436426dd4104' or new_duty_location_id = '198f643e-0b41-4dca-99fd-436426dd4104';
DELETE from service_members where duty_location_id = '198f643e-0b41-4dca-99fd-436426dd4104';
DELETE from duty_location_names where duty_location_id = '198f643e-0b41-4dca-99fd-436426dd4104';
DELETE from duty_locations where id = '198f643e-0b41-4dca-99fd-436426dd4104';

DELETE from orders where origin_duty_location_id = '6e6766d4-06bf-493e-81ad-4a826b0ff548' or new_duty_location_id = '6e6766d4-06bf-493e-81ad-4a826b0ff548';
DELETE from service_members where duty_location_id = '6e6766d4-06bf-493e-81ad-4a826b0ff548';
DELETE from duty_location_names where duty_location_id = '6e6766d4-06bf-493e-81ad-4a826b0ff548';
DELETE from duty_locations where id = '6e6766d4-06bf-493e-81ad-4a826b0ff548';

DELETE from orders where origin_duty_location_id = 'd2e6c18a-ae28-470e-8d00-2d85809ed8a8' or new_duty_location_id = 'd2e6c18a-ae28-470e-8d00-2d85809ed8a8';
DELETE from service_members where duty_location_id = 'd2e6c18a-ae28-470e-8d00-2d85809ed8a8';
DELETE from duty_location_names where duty_location_id = 'd2e6c18a-ae28-470e-8d00-2d85809ed8a8';
DELETE from duty_locations where id = 'd2e6c18a-ae28-470e-8d00-2d85809ed8a8';

DELETE from orders where origin_duty_location_id = 'a7668192-30a1-44db-a13f-a54dfebc166a' or new_duty_location_id = 'a7668192-30a1-44db-a13f-a54dfebc166a';
DELETE from service_members where duty_location_id = 'a7668192-30a1-44db-a13f-a54dfebc166a';
DELETE from duty_location_names where duty_location_id = 'a7668192-30a1-44db-a13f-a54dfebc166a';
DELETE from duty_locations where id = 'a7668192-30a1-44db-a13f-a54dfebc166a';

DELETE from orders where origin_duty_location_id = '920d5ecf-4b06-4bb9-b52e-54826a500e04' or new_duty_location_id = '920d5ecf-4b06-4bb9-b52e-54826a500e04';
DELETE from service_members where duty_location_id = '920d5ecf-4b06-4bb9-b52e-54826a500e04';
DELETE from duty_location_names where duty_location_id = '920d5ecf-4b06-4bb9-b52e-54826a500e04';
DELETE from duty_locations where id = '920d5ecf-4b06-4bb9-b52e-54826a500e04';

DELETE from orders where origin_duty_location_id = 'c8c4618c-ef06-4f06-81f4-fe08debc9461' or new_duty_location_id = 'c8c4618c-ef06-4f06-81f4-fe08debc9461';
DELETE from service_members where duty_location_id = 'c8c4618c-ef06-4f06-81f4-fe08debc9461';
DELETE from duty_location_names where duty_location_id = 'c8c4618c-ef06-4f06-81f4-fe08debc9461';
DELETE from duty_locations where id = 'c8c4618c-ef06-4f06-81f4-fe08debc9461';

DELETE from orders where origin_duty_location_id = 'c7f71dec-899f-481e-9ce5-4bcb4ee9163b' or new_duty_location_id = 'c7f71dec-899f-481e-9ce5-4bcb4ee9163b';
DELETE from service_members where duty_location_id = 'c7f71dec-899f-481e-9ce5-4bcb4ee9163b';
DELETE from duty_location_names where duty_location_id = 'c7f71dec-899f-481e-9ce5-4bcb4ee9163b';
DELETE from duty_locations where id = 'c7f71dec-899f-481e-9ce5-4bcb4ee9163b';

DELETE from orders where origin_duty_location_id = '9fc1243c-2bc2-4bbe-b561-ddf2fc2b940c' or new_duty_location_id = '9fc1243c-2bc2-4bbe-b561-ddf2fc2b940c';
DELETE from service_members where duty_location_id = '9fc1243c-2bc2-4bbe-b561-ddf2fc2b940c';
DELETE from duty_location_names where duty_location_id = '9fc1243c-2bc2-4bbe-b561-ddf2fc2b940c';
DELETE from duty_locations where id = '9fc1243c-2bc2-4bbe-b561-ddf2fc2b940c';

DELETE from orders where origin_duty_location_id = '67458191-32c6-4384-98ea-9230c4b53368' or new_duty_location_id = '67458191-32c6-4384-98ea-9230c4b53368';
DELETE from service_members where duty_location_id = '67458191-32c6-4384-98ea-9230c4b53368';
DELETE from duty_location_names where duty_location_id = '67458191-32c6-4384-98ea-9230c4b53368';
DELETE from duty_locations where id = '67458191-32c6-4384-98ea-9230c4b53368';

DELETE from orders where origin_duty_location_id = '9faf4ae9-53ee-4a95-b212-5213af88dd8f' or new_duty_location_id = '9faf4ae9-53ee-4a95-b212-5213af88dd8f';
DELETE from service_members where duty_location_id = '9faf4ae9-53ee-4a95-b212-5213af88dd8f';
DELETE from duty_location_names where duty_location_id = '9faf4ae9-53ee-4a95-b212-5213af88dd8f';
DELETE from duty_locations where id = '9faf4ae9-53ee-4a95-b212-5213af88dd8f';

DELETE from orders where origin_duty_location_id = 'ab5e451f-7bcd-45ec-a981-07aa1ef50be6' or new_duty_location_id = 'ab5e451f-7bcd-45ec-a981-07aa1ef50be6';
DELETE from service_members where duty_location_id = 'ab5e451f-7bcd-45ec-a981-07aa1ef50be6';
DELETE from duty_location_names where duty_location_id = 'ab5e451f-7bcd-45ec-a981-07aa1ef50be6';
DELETE from duty_locations where id = 'ab5e451f-7bcd-45ec-a981-07aa1ef50be6';

DELETE from orders where origin_duty_location_id = '12fc3f49-9d6f-4c0f-bf35-77d6c157ff58' or new_duty_location_id = '12fc3f49-9d6f-4c0f-bf35-77d6c157ff58';
DELETE from service_members where duty_location_id = '12fc3f49-9d6f-4c0f-bf35-77d6c157ff58';
DELETE from duty_location_names where duty_location_id = '12fc3f49-9d6f-4c0f-bf35-77d6c157ff58';
DELETE from duty_locations where id = '12fc3f49-9d6f-4c0f-bf35-77d6c157ff58';

DELETE from orders where origin_duty_location_id = '968326a5-0202-4db7-b0f8-aa9104d31bb9' or new_duty_location_id = '968326a5-0202-4db7-b0f8-aa9104d31bb9';
DELETE from service_members where duty_location_id = '968326a5-0202-4db7-b0f8-aa9104d31bb9';
DELETE from duty_location_names where duty_location_id = '968326a5-0202-4db7-b0f8-aa9104d31bb9';
DELETE from duty_locations where id = '968326a5-0202-4db7-b0f8-aa9104d31bb9';

DELETE from orders where origin_duty_location_id = 'ee732d08-6bde-4a19-8c9c-5328c6ae5dff' or new_duty_location_id = 'ee732d08-6bde-4a19-8c9c-5328c6ae5dff';
DELETE from service_members where duty_location_id = 'ee732d08-6bde-4a19-8c9c-5328c6ae5dff';
DELETE from duty_location_names where duty_location_id = 'ee732d08-6bde-4a19-8c9c-5328c6ae5dff';
DELETE from duty_locations where id = 'ee732d08-6bde-4a19-8c9c-5328c6ae5dff';

DELETE from orders where origin_duty_location_id = '5da98eec-c28b-4c94-8bd0-b0ec38f30f44' or new_duty_location_id = '5da98eec-c28b-4c94-8bd0-b0ec38f30f44';
DELETE from service_members where duty_location_id = '5da98eec-c28b-4c94-8bd0-b0ec38f30f44';
DELETE from duty_location_names where duty_location_id = '5da98eec-c28b-4c94-8bd0-b0ec38f30f44';
DELETE from duty_locations where id = '5da98eec-c28b-4c94-8bd0-b0ec38f30f44';

DELETE from orders where origin_duty_location_id = '182520e2-3e01-497c-a4e9-b89cc8e2bbc1' or new_duty_location_id = '182520e2-3e01-497c-a4e9-b89cc8e2bbc1';
DELETE from service_members where duty_location_id = '182520e2-3e01-497c-a4e9-b89cc8e2bbc1';
DELETE from duty_location_names where duty_location_id = '182520e2-3e01-497c-a4e9-b89cc8e2bbc1';
DELETE from duty_locations where id = '182520e2-3e01-497c-a4e9-b89cc8e2bbc1';

DELETE from orders where origin_duty_location_id = '20d39724-e037-4153-be56-147d44b418e3' or new_duty_location_id = '20d39724-e037-4153-be56-147d44b418e3';
DELETE from service_members where duty_location_id = '20d39724-e037-4153-be56-147d44b418e3';
DELETE from duty_location_names where duty_location_id = '20d39724-e037-4153-be56-147d44b418e3';
DELETE from duty_locations where id = '20d39724-e037-4153-be56-147d44b418e3';

DELETE from orders where origin_duty_location_id = 'e7578adc-f7d1-4a98-85aa-e2d57975e513' or new_duty_location_id = 'e7578adc-f7d1-4a98-85aa-e2d57975e513';
DELETE from service_members where duty_location_id = 'e7578adc-f7d1-4a98-85aa-e2d57975e513';
DELETE from duty_location_names where duty_location_id = 'e7578adc-f7d1-4a98-85aa-e2d57975e513';
DELETE from duty_locations where id = 'e7578adc-f7d1-4a98-85aa-e2d57975e513';

DELETE from orders where origin_duty_location_id = '183ce72f-5261-4345-9e82-8285c9ef9245' or new_duty_location_id = '183ce72f-5261-4345-9e82-8285c9ef9245';
DELETE from service_members where duty_location_id = '183ce72f-5261-4345-9e82-8285c9ef9245';
DELETE from duty_location_names where duty_location_id = '183ce72f-5261-4345-9e82-8285c9ef9245';
DELETE from duty_locations where id = '183ce72f-5261-4345-9e82-8285c9ef9245';

DELETE from orders where origin_duty_location_id = 'ad5e0404-403a-4cb5-9a24-a43b87b8d683' or new_duty_location_id = 'ad5e0404-403a-4cb5-9a24-a43b87b8d683';
DELETE from service_members where duty_location_id = 'ad5e0404-403a-4cb5-9a24-a43b87b8d683';
DELETE from duty_location_names where duty_location_id = 'ad5e0404-403a-4cb5-9a24-a43b87b8d683';
DELETE from duty_locations where id = 'ad5e0404-403a-4cb5-9a24-a43b87b8d683';

DELETE from orders where origin_duty_location_id = 'fbd2daf7-10c9-4534-81b8-6cf354cab0a0' or new_duty_location_id = 'fbd2daf7-10c9-4534-81b8-6cf354cab0a0';
DELETE from service_members where duty_location_id = 'fbd2daf7-10c9-4534-81b8-6cf354cab0a0';
DELETE from duty_location_names where duty_location_id = 'fbd2daf7-10c9-4534-81b8-6cf354cab0a0';
DELETE from duty_locations where id = 'fbd2daf7-10c9-4534-81b8-6cf354cab0a0';

DELETE from orders where origin_duty_location_id = '3cef4fe2-f9fc-4d64-9ad7-d1d24d220f3d' or new_duty_location_id = '3cef4fe2-f9fc-4d64-9ad7-d1d24d220f3d';
DELETE from service_members where duty_location_id = '3cef4fe2-f9fc-4d64-9ad7-d1d24d220f3d';
DELETE from duty_location_names where duty_location_id = '3cef4fe2-f9fc-4d64-9ad7-d1d24d220f3d';
DELETE from duty_locations where id = '3cef4fe2-f9fc-4d64-9ad7-d1d24d220f3d';

DELETE from orders where origin_duty_location_id = 'b60f62f3-eb93-42b6-99a3-51c4283381cb' or new_duty_location_id = 'b60f62f3-eb93-42b6-99a3-51c4283381cb';
DELETE from service_members where duty_location_id = 'b60f62f3-eb93-42b6-99a3-51c4283381cb';
DELETE from duty_location_names where duty_location_id = 'b60f62f3-eb93-42b6-99a3-51c4283381cb';
DELETE from duty_locations where id = 'b60f62f3-eb93-42b6-99a3-51c4283381cb';

DELETE from orders where origin_duty_location_id = '68bedb59-7200-4d65-ac6c-0a793c56fb53' or new_duty_location_id = '68bedb59-7200-4d65-ac6c-0a793c56fb53';
DELETE from service_members where duty_location_id = '68bedb59-7200-4d65-ac6c-0a793c56fb53';
DELETE from duty_location_names where duty_location_id = '68bedb59-7200-4d65-ac6c-0a793c56fb53';
DELETE from duty_locations where id = '68bedb59-7200-4d65-ac6c-0a793c56fb53';

DELETE from orders where origin_duty_location_id = '1cdb34a5-ed17-49e6-8a0a-48fd1624ea82' or new_duty_location_id = '1cdb34a5-ed17-49e6-8a0a-48fd1624ea82';
DELETE from service_members where duty_location_id = '1cdb34a5-ed17-49e6-8a0a-48fd1624ea82';
DELETE from duty_location_names where duty_location_id = '1cdb34a5-ed17-49e6-8a0a-48fd1624ea82';
DELETE from duty_locations where id = '1cdb34a5-ed17-49e6-8a0a-48fd1624ea82';

DELETE from orders where origin_duty_location_id = '7268d412-bbeb-48a4-87ff-cdfd4bd8bb03' or new_duty_location_id = '7268d412-bbeb-48a4-87ff-cdfd4bd8bb03';
DELETE from service_members where duty_location_id = '7268d412-bbeb-48a4-87ff-cdfd4bd8bb03';
DELETE from duty_location_names where duty_location_id = '7268d412-bbeb-48a4-87ff-cdfd4bd8bb03';
DELETE from duty_locations where id = '7268d412-bbeb-48a4-87ff-cdfd4bd8bb03';

DELETE from orders where origin_duty_location_id = 'cd83f0f7-17e7-4f77-8f69-81271553bce5' or new_duty_location_id = 'cd83f0f7-17e7-4f77-8f69-81271553bce5';
DELETE from service_members where duty_location_id = 'cd83f0f7-17e7-4f77-8f69-81271553bce5';
DELETE from duty_location_names where duty_location_id = 'cd83f0f7-17e7-4f77-8f69-81271553bce5';
DELETE from duty_locations where id = 'cd83f0f7-17e7-4f77-8f69-81271553bce5';

DELETE from orders where origin_duty_location_id = 'a6cacbff-5b0f-4974-bf8d-90fb8a49b873' or new_duty_location_id = 'a6cacbff-5b0f-4974-bf8d-90fb8a49b873';
DELETE from service_members where duty_location_id = 'a6cacbff-5b0f-4974-bf8d-90fb8a49b873';
DELETE from duty_location_names where duty_location_id = 'a6cacbff-5b0f-4974-bf8d-90fb8a49b873';
DELETE from duty_locations where id = 'a6cacbff-5b0f-4974-bf8d-90fb8a49b873';

DELETE from orders where origin_duty_location_id = '297791fa-5eb7-4627-8359-044e5dac7b03' or new_duty_location_id = '297791fa-5eb7-4627-8359-044e5dac7b03';
DELETE from service_members where duty_location_id = '297791fa-5eb7-4627-8359-044e5dac7b03';
DELETE from duty_location_names where duty_location_id = '297791fa-5eb7-4627-8359-044e5dac7b03';
DELETE from duty_locations where id = '297791fa-5eb7-4627-8359-044e5dac7b03';

DELETE from orders where origin_duty_location_id = '8986f4e5-ac2e-493e-9b58-f1cfe6c27c94' or new_duty_location_id = '8986f4e5-ac2e-493e-9b58-f1cfe6c27c94';
DELETE from service_members where duty_location_id = '8986f4e5-ac2e-493e-9b58-f1cfe6c27c94';
DELETE from duty_location_names where duty_location_id = '8986f4e5-ac2e-493e-9b58-f1cfe6c27c94';
DELETE from duty_locations where id = '8986f4e5-ac2e-493e-9b58-f1cfe6c27c94';

DELETE from orders where origin_duty_location_id = 'ad2781bb-cef6-451d-88f2-42bb7add7286' or new_duty_location_id = 'ad2781bb-cef6-451d-88f2-42bb7add7286';
DELETE from service_members where duty_location_id = 'ad2781bb-cef6-451d-88f2-42bb7add7286';
DELETE from duty_location_names where duty_location_id = 'ad2781bb-cef6-451d-88f2-42bb7add7286';
DELETE from duty_locations where id = 'ad2781bb-cef6-451d-88f2-42bb7add7286';

DELETE from orders where origin_duty_location_id = '1fd7022f-adc9-4904-a450-12b4eaf32cd1' or new_duty_location_id = '1fd7022f-adc9-4904-a450-12b4eaf32cd1';
DELETE from service_members where duty_location_id = '1fd7022f-adc9-4904-a450-12b4eaf32cd1';
DELETE from duty_location_names where duty_location_id = '1fd7022f-adc9-4904-a450-12b4eaf32cd1';
DELETE from duty_locations where id = '1fd7022f-adc9-4904-a450-12b4eaf32cd1';

DELETE from orders where origin_duty_location_id = '85f0db49-d2a9-48eb-9e04-a4468756cc7b' or new_duty_location_id = '85f0db49-d2a9-48eb-9e04-a4468756cc7b';
DELETE from service_members where duty_location_id = '85f0db49-d2a9-48eb-9e04-a4468756cc7b';
DELETE from duty_location_names where duty_location_id = '85f0db49-d2a9-48eb-9e04-a4468756cc7b';
DELETE from duty_locations where id = '85f0db49-d2a9-48eb-9e04-a4468756cc7b';

DELETE from orders where origin_duty_location_id = '654b7d06-4e00-4539-aeba-430ddf535bb7' or new_duty_location_id = '654b7d06-4e00-4539-aeba-430ddf535bb7';
DELETE from service_members where duty_location_id = '654b7d06-4e00-4539-aeba-430ddf535bb7';
DELETE from duty_location_names where duty_location_id = '654b7d06-4e00-4539-aeba-430ddf535bb7';
DELETE from duty_locations where id = '654b7d06-4e00-4539-aeba-430ddf535bb7';

DELETE from orders where origin_duty_location_id = '1a444a87-7598-478c-99c9-f5dbdc144785' or new_duty_location_id = '1a444a87-7598-478c-99c9-f5dbdc144785';
DELETE from service_members where duty_location_id = '1a444a87-7598-478c-99c9-f5dbdc144785';
DELETE from duty_location_names where duty_location_id = '1a444a87-7598-478c-99c9-f5dbdc144785';
DELETE from duty_locations where id = '1a444a87-7598-478c-99c9-f5dbdc144785';

DELETE from orders where origin_duty_location_id = '83aed58a-3b97-424c-bd4d-9b4f3f96bee4' or new_duty_location_id = '83aed58a-3b97-424c-bd4d-9b4f3f96bee4';
DELETE from service_members where duty_location_id = '83aed58a-3b97-424c-bd4d-9b4f3f96bee4';
DELETE from duty_location_names where duty_location_id = '83aed58a-3b97-424c-bd4d-9b4f3f96bee4';
DELETE from duty_locations where id = '83aed58a-3b97-424c-bd4d-9b4f3f96bee4';

DELETE from orders where origin_duty_location_id = '46a92767-1379-43f8-ad95-6608305c8c37' or new_duty_location_id = '46a92767-1379-43f8-ad95-6608305c8c37';
DELETE from service_members where duty_location_id = '46a92767-1379-43f8-ad95-6608305c8c37';
DELETE from duty_location_names where duty_location_id = '46a92767-1379-43f8-ad95-6608305c8c37';
DELETE from duty_locations where id = '46a92767-1379-43f8-ad95-6608305c8c37';

DELETE from orders where origin_duty_location_id = '0cfe50c7-40ef-41ea-b716-101707578610' or new_duty_location_id = '0cfe50c7-40ef-41ea-b716-101707578610';
DELETE from service_members where duty_location_id = '0cfe50c7-40ef-41ea-b716-101707578610';
DELETE from duty_location_names where duty_location_id = '0cfe50c7-40ef-41ea-b716-101707578610';
DELETE from duty_locations where id = '0cfe50c7-40ef-41ea-b716-101707578610';

DELETE from orders where origin_duty_location_id = 'ee7645aa-4a8b-48ef-b17f-ad8dce136037' or new_duty_location_id = 'ee7645aa-4a8b-48ef-b17f-ad8dce136037';
DELETE from service_members where duty_location_id = 'ee7645aa-4a8b-48ef-b17f-ad8dce136037';
DELETE from duty_location_names where duty_location_id = 'ee7645aa-4a8b-48ef-b17f-ad8dce136037';
DELETE from duty_locations where id = 'ee7645aa-4a8b-48ef-b17f-ad8dce136037';

DELETE from orders where origin_duty_location_id = '7e9998e5-df34-4338-ab30-aa4ec0077dce' or new_duty_location_id = '7e9998e5-df34-4338-ab30-aa4ec0077dce';
DELETE from service_members where duty_location_id = '7e9998e5-df34-4338-ab30-aa4ec0077dce';
DELETE from duty_location_names where duty_location_id = '7e9998e5-df34-4338-ab30-aa4ec0077dce';
DELETE from duty_locations where id = '7e9998e5-df34-4338-ab30-aa4ec0077dce';

DELETE from orders where origin_duty_location_id = '91c2e1e8-50e6-49d8-bdc5-5af4cd0995ed' or new_duty_location_id = '91c2e1e8-50e6-49d8-bdc5-5af4cd0995ed';
DELETE from service_members where duty_location_id = '91c2e1e8-50e6-49d8-bdc5-5af4cd0995ed';
DELETE from duty_location_names where duty_location_id = '91c2e1e8-50e6-49d8-bdc5-5af4cd0995ed';
DELETE from duty_locations where id = '91c2e1e8-50e6-49d8-bdc5-5af4cd0995ed';

DELETE from orders where origin_duty_location_id = 'ef5ffe8f-6b58-4140-895a-5b04da42a4a4' or new_duty_location_id = 'ef5ffe8f-6b58-4140-895a-5b04da42a4a4';
DELETE from service_members where duty_location_id = 'ef5ffe8f-6b58-4140-895a-5b04da42a4a4';
DELETE from duty_location_names where duty_location_id = 'ef5ffe8f-6b58-4140-895a-5b04da42a4a4';
DELETE from duty_locations where id = 'ef5ffe8f-6b58-4140-895a-5b04da42a4a4';

DELETE from orders where origin_duty_location_id = '59facc08-9908-44f7-a48a-c3613ad8ea5f' or new_duty_location_id = '59facc08-9908-44f7-a48a-c3613ad8ea5f';
DELETE from service_members where duty_location_id = '59facc08-9908-44f7-a48a-c3613ad8ea5f';
DELETE from duty_location_names where duty_location_id = '59facc08-9908-44f7-a48a-c3613ad8ea5f';
DELETE from duty_locations where id = '59facc08-9908-44f7-a48a-c3613ad8ea5f';

DELETE from orders where origin_duty_location_id = '2d02348e-bdad-495b-b169-f1e30f61440b' or new_duty_location_id = '2d02348e-bdad-495b-b169-f1e30f61440b';
DELETE from service_members where duty_location_id = '2d02348e-bdad-495b-b169-f1e30f61440b';
DELETE from duty_location_names where duty_location_id = '2d02348e-bdad-495b-b169-f1e30f61440b';
DELETE from duty_locations where id = '2d02348e-bdad-495b-b169-f1e30f61440b';

DELETE from orders where origin_duty_location_id = '32846705-93eb-428a-aa1c-8efd032cfbcb' or new_duty_location_id = '32846705-93eb-428a-aa1c-8efd032cfbcb';
DELETE from service_members where duty_location_id = '32846705-93eb-428a-aa1c-8efd032cfbcb';
DELETE from duty_location_names where duty_location_id = '32846705-93eb-428a-aa1c-8efd032cfbcb';
DELETE from duty_locations where id = '32846705-93eb-428a-aa1c-8efd032cfbcb';

DELETE from orders where origin_duty_location_id = '5bab14a1-f9fa-45bf-bce5-5b9527738d82' or new_duty_location_id = '5bab14a1-f9fa-45bf-bce5-5b9527738d82';
DELETE from service_members where duty_location_id = '5bab14a1-f9fa-45bf-bce5-5b9527738d82';
DELETE from duty_location_names where duty_location_id = '5bab14a1-f9fa-45bf-bce5-5b9527738d82';
DELETE from duty_locations where id = '5bab14a1-f9fa-45bf-bce5-5b9527738d82';

DELETE from orders where origin_duty_location_id = '7118579a-ff4c-42b8-9734-0f22467bc2fe' or new_duty_location_id = '7118579a-ff4c-42b8-9734-0f22467bc2fe';
DELETE from service_members where duty_location_id = '7118579a-ff4c-42b8-9734-0f22467bc2fe';
DELETE from duty_location_names where duty_location_id = '7118579a-ff4c-42b8-9734-0f22467bc2fe';
DELETE from duty_locations where id = '7118579a-ff4c-42b8-9734-0f22467bc2fe';

DELETE from orders where origin_duty_location_id = '1b50af71-6be0-4441-939a-acf20083b262' or new_duty_location_id = '1b50af71-6be0-4441-939a-acf20083b262';
DELETE from service_members where duty_location_id = '1b50af71-6be0-4441-939a-acf20083b262';
DELETE from duty_location_names where duty_location_id = '1b50af71-6be0-4441-939a-acf20083b262';
DELETE from duty_locations where id = '1b50af71-6be0-4441-939a-acf20083b262';

DELETE from orders where origin_duty_location_id = '4a1625db-bbd0-4425-810b-4404b51163b8' or new_duty_location_id = '4a1625db-bbd0-4425-810b-4404b51163b8';
DELETE from service_members where duty_location_id = '4a1625db-bbd0-4425-810b-4404b51163b8';
DELETE from duty_location_names where duty_location_id = '4a1625db-bbd0-4425-810b-4404b51163b8';
DELETE from duty_locations where id = '4a1625db-bbd0-4425-810b-4404b51163b8';

DELETE from orders where origin_duty_location_id = 'c2cb195a-0640-4645-a634-3a55141b23c0' or new_duty_location_id = 'c2cb195a-0640-4645-a634-3a55141b23c0';
DELETE from service_members where duty_location_id = 'c2cb195a-0640-4645-a634-3a55141b23c0';
DELETE from duty_location_names where duty_location_id = 'c2cb195a-0640-4645-a634-3a55141b23c0';
DELETE from duty_locations where id = 'c2cb195a-0640-4645-a634-3a55141b23c0';

DELETE from orders where origin_duty_location_id = '3dba5901-d2ec-42ae-80f5-91a43f5cb834' or new_duty_location_id = '3dba5901-d2ec-42ae-80f5-91a43f5cb834';
DELETE from service_members where duty_location_id = '3dba5901-d2ec-42ae-80f5-91a43f5cb834';
DELETE from duty_location_names where duty_location_id = '3dba5901-d2ec-42ae-80f5-91a43f5cb834';
DELETE from duty_locations where id = '3dba5901-d2ec-42ae-80f5-91a43f5cb834';

DELETE from orders where origin_duty_location_id = '9c3926ce-3a1f-4bbf-ba5c-d9307bd2cc17' or new_duty_location_id = '9c3926ce-3a1f-4bbf-ba5c-d9307bd2cc17';
DELETE from service_members where duty_location_id = '9c3926ce-3a1f-4bbf-ba5c-d9307bd2cc17';
DELETE from duty_location_names where duty_location_id = '9c3926ce-3a1f-4bbf-ba5c-d9307bd2cc17';
DELETE from duty_locations where id = '9c3926ce-3a1f-4bbf-ba5c-d9307bd2cc17';

DELETE from orders where origin_duty_location_id = '02b9107f-9d25-4e8f-8af0-fde2857b933e' or new_duty_location_id = '02b9107f-9d25-4e8f-8af0-fde2857b933e';
DELETE from service_members where duty_location_id = '02b9107f-9d25-4e8f-8af0-fde2857b933e';
DELETE from duty_location_names where duty_location_id = '02b9107f-9d25-4e8f-8af0-fde2857b933e';
DELETE from duty_locations where id = '02b9107f-9d25-4e8f-8af0-fde2857b933e';

DELETE from orders where origin_duty_location_id = 'c7b46731-92c6-444c-8070-1e7ab09b8c47' or new_duty_location_id = 'c7b46731-92c6-444c-8070-1e7ab09b8c47';
DELETE from service_members where duty_location_id = 'c7b46731-92c6-444c-8070-1e7ab09b8c47';
DELETE from duty_location_names where duty_location_id = 'c7b46731-92c6-444c-8070-1e7ab09b8c47';
DELETE from duty_locations where id = 'c7b46731-92c6-444c-8070-1e7ab09b8c47';

DELETE from orders where origin_duty_location_id = '7838dc68-bd8d-499f-856d-ae9a72804d19' or new_duty_location_id = '7838dc68-bd8d-499f-856d-ae9a72804d19';
DELETE from service_members where duty_location_id = '7838dc68-bd8d-499f-856d-ae9a72804d19';
DELETE from duty_location_names where duty_location_id = '7838dc68-bd8d-499f-856d-ae9a72804d19';
DELETE from duty_locations where id = '7838dc68-bd8d-499f-856d-ae9a72804d19';

DELETE from orders where origin_duty_location_id = '933b928a-5fab-49dc-b1b8-8a220648087a' or new_duty_location_id = '933b928a-5fab-49dc-b1b8-8a220648087a';
DELETE from service_members where duty_location_id = '933b928a-5fab-49dc-b1b8-8a220648087a';
DELETE from duty_location_names where duty_location_id = '933b928a-5fab-49dc-b1b8-8a220648087a';
DELETE from duty_locations where id = '933b928a-5fab-49dc-b1b8-8a220648087a';

DELETE from orders where origin_duty_location_id = '70c957eb-54b6-42a3-8d87-fe4849e6e578' or new_duty_location_id = '70c957eb-54b6-42a3-8d87-fe4849e6e578';
DELETE from service_members where duty_location_id = '70c957eb-54b6-42a3-8d87-fe4849e6e578';
DELETE from duty_location_names where duty_location_id = '70c957eb-54b6-42a3-8d87-fe4849e6e578';
DELETE from duty_locations where id = '70c957eb-54b6-42a3-8d87-fe4849e6e578';

DELETE from orders where origin_duty_location_id = '72c601b1-ba6a-43f0-bedb-070b986c915f' or new_duty_location_id = '72c601b1-ba6a-43f0-bedb-070b986c915f';
DELETE from service_members where duty_location_id = '72c601b1-ba6a-43f0-bedb-070b986c915f';
DELETE from duty_location_names where duty_location_id = '72c601b1-ba6a-43f0-bedb-070b986c915f';
DELETE from duty_locations where id = '72c601b1-ba6a-43f0-bedb-070b986c915f';

DELETE from orders where origin_duty_location_id = '70400bdf-8d11-4ece-acd3-5250e79d9ea3' or new_duty_location_id = '70400bdf-8d11-4ece-acd3-5250e79d9ea3';
DELETE from service_members where duty_location_id = '70400bdf-8d11-4ece-acd3-5250e79d9ea3';
DELETE from duty_location_names where duty_location_id = '70400bdf-8d11-4ece-acd3-5250e79d9ea3';
DELETE from duty_locations where id = '70400bdf-8d11-4ece-acd3-5250e79d9ea3';

DELETE from orders where origin_duty_location_id = 'ad2245ed-ff50-48af-bbd7-c4d381611022' or new_duty_location_id = 'ad2245ed-ff50-48af-bbd7-c4d381611022';
DELETE from service_members where duty_location_id = 'ad2245ed-ff50-48af-bbd7-c4d381611022';
DELETE from duty_location_names where duty_location_id = 'ad2245ed-ff50-48af-bbd7-c4d381611022';
DELETE from duty_locations where id = 'ad2245ed-ff50-48af-bbd7-c4d381611022';

DELETE from orders where origin_duty_location_id = 'c859441e-4913-4202-b8da-3128a13ec076' or new_duty_location_id = 'c859441e-4913-4202-b8da-3128a13ec076';
DELETE from service_members where duty_location_id = 'c859441e-4913-4202-b8da-3128a13ec076';
DELETE from duty_location_names where duty_location_id = 'c859441e-4913-4202-b8da-3128a13ec076';
DELETE from duty_locations where id = 'c859441e-4913-4202-b8da-3128a13ec076';

DELETE from orders where origin_duty_location_id = 'c5400965-1e1a-4234-8a7f-c2901cadf04f' or new_duty_location_id = 'c5400965-1e1a-4234-8a7f-c2901cadf04f';
DELETE from service_members where duty_location_id = 'c5400965-1e1a-4234-8a7f-c2901cadf04f';
DELETE from duty_location_names where duty_location_id = 'c5400965-1e1a-4234-8a7f-c2901cadf04f';
DELETE from duty_locations where id = 'c5400965-1e1a-4234-8a7f-c2901cadf04f';

DELETE from orders where origin_duty_location_id = 'fc18013f-f278-4cab-bbb1-456e9ad0c7c8' or new_duty_location_id = 'fc18013f-f278-4cab-bbb1-456e9ad0c7c8';
DELETE from service_members where duty_location_id = 'fc18013f-f278-4cab-bbb1-456e9ad0c7c8';
DELETE from duty_location_names where duty_location_id = 'fc18013f-f278-4cab-bbb1-456e9ad0c7c8';
DELETE from duty_locations where id = 'fc18013f-f278-4cab-bbb1-456e9ad0c7c8';

DELETE from orders where origin_duty_location_id = 'eff99295-a740-4c1b-83c0-0adf10987ecb' or new_duty_location_id = 'eff99295-a740-4c1b-83c0-0adf10987ecb';
DELETE from service_members where duty_location_id = 'eff99295-a740-4c1b-83c0-0adf10987ecb';
DELETE from duty_location_names where duty_location_id = 'eff99295-a740-4c1b-83c0-0adf10987ecb';
DELETE from duty_locations where id = 'eff99295-a740-4c1b-83c0-0adf10987ecb';

DELETE from orders where origin_duty_location_id = 'c312b964-c9fb-44bf-bac9-38e4455986f7' or new_duty_location_id = 'c312b964-c9fb-44bf-bac9-38e4455986f7';
DELETE from service_members where duty_location_id = 'c312b964-c9fb-44bf-bac9-38e4455986f7';
DELETE from duty_location_names where duty_location_id = 'c312b964-c9fb-44bf-bac9-38e4455986f7';
DELETE from duty_locations where id = 'c312b964-c9fb-44bf-bac9-38e4455986f7';

DELETE from orders where origin_duty_location_id = 'b1d60981-05de-469f-b542-ce15369afa77' or new_duty_location_id = 'b1d60981-05de-469f-b542-ce15369afa77';
DELETE from service_members where duty_location_id = 'b1d60981-05de-469f-b542-ce15369afa77';
DELETE from duty_location_names where duty_location_id = 'b1d60981-05de-469f-b542-ce15369afa77';
DELETE from duty_locations where id = 'b1d60981-05de-469f-b542-ce15369afa77';

DELETE from orders where origin_duty_location_id = '39700f6f-1535-4ecc-8071-f9d4bf0f98ac' or new_duty_location_id = '39700f6f-1535-4ecc-8071-f9d4bf0f98ac';
DELETE from service_members where duty_location_id = '39700f6f-1535-4ecc-8071-f9d4bf0f98ac';
DELETE from duty_location_names where duty_location_id = '39700f6f-1535-4ecc-8071-f9d4bf0f98ac';
DELETE from duty_locations where id = '39700f6f-1535-4ecc-8071-f9d4bf0f98ac';

DELETE from orders where origin_duty_location_id = 'bbb06c2c-6651-49bd-a665-b40e42f14933' or new_duty_location_id = 'bbb06c2c-6651-49bd-a665-b40e42f14933';
DELETE from service_members where duty_location_id = 'bbb06c2c-6651-49bd-a665-b40e42f14933';
DELETE from duty_location_names where duty_location_id = 'bbb06c2c-6651-49bd-a665-b40e42f14933';
DELETE from duty_locations where id = 'bbb06c2c-6651-49bd-a665-b40e42f14933';

DELETE from orders where origin_duty_location_id = '9ef9a1bf-5ab1-4f65-b5bd-6b8677afa672' or new_duty_location_id = '9ef9a1bf-5ab1-4f65-b5bd-6b8677afa672';
DELETE from service_members where duty_location_id = '9ef9a1bf-5ab1-4f65-b5bd-6b8677afa672';
DELETE from duty_location_names where duty_location_id = '9ef9a1bf-5ab1-4f65-b5bd-6b8677afa672';
DELETE from duty_locations where id = '9ef9a1bf-5ab1-4f65-b5bd-6b8677afa672';

DELETE from orders where origin_duty_location_id = '192a4b7e-1a1d-4ece-bffc-1aa7ecd482ac' or new_duty_location_id = '192a4b7e-1a1d-4ece-bffc-1aa7ecd482ac';
DELETE from service_members where duty_location_id = '192a4b7e-1a1d-4ece-bffc-1aa7ecd482ac';
DELETE from duty_location_names where duty_location_id = '192a4b7e-1a1d-4ece-bffc-1aa7ecd482ac';
DELETE from duty_locations where id = '192a4b7e-1a1d-4ece-bffc-1aa7ecd482ac';

DELETE from orders where origin_duty_location_id = 'd234eb79-84c0-4cc1-8791-f5307f2c94be' or new_duty_location_id = 'd234eb79-84c0-4cc1-8791-f5307f2c94be';
DELETE from service_members where duty_location_id = 'd234eb79-84c0-4cc1-8791-f5307f2c94be';
DELETE from duty_location_names where duty_location_id = 'd234eb79-84c0-4cc1-8791-f5307f2c94be';
DELETE from duty_locations where id = 'd234eb79-84c0-4cc1-8791-f5307f2c94be';

DELETE from orders where origin_duty_location_id = '992f3055-ad06-4b7d-94cc-5a54a2c63271' or new_duty_location_id = '992f3055-ad06-4b7d-94cc-5a54a2c63271';
DELETE from service_members where duty_location_id = '992f3055-ad06-4b7d-94cc-5a54a2c63271';
DELETE from duty_location_names where duty_location_id = '992f3055-ad06-4b7d-94cc-5a54a2c63271';
DELETE from duty_locations where id = '992f3055-ad06-4b7d-94cc-5a54a2c63271';

DELETE from orders where origin_duty_location_id = 'e4912a8b-28cb-45ec-a09c-c1ce74a0fead' or new_duty_location_id = 'e4912a8b-28cb-45ec-a09c-c1ce74a0fead';
DELETE from service_members where duty_location_id = 'e4912a8b-28cb-45ec-a09c-c1ce74a0fead';
DELETE from duty_location_names where duty_location_id = 'e4912a8b-28cb-45ec-a09c-c1ce74a0fead';
DELETE from duty_locations where id = 'e4912a8b-28cb-45ec-a09c-c1ce74a0fead';

DELETE from orders where origin_duty_location_id = 'f52574a7-b110-44b5-83e0-6a6b7659b825' or new_duty_location_id = 'f52574a7-b110-44b5-83e0-6a6b7659b825';
DELETE from service_members where duty_location_id = 'f52574a7-b110-44b5-83e0-6a6b7659b825';
DELETE from duty_location_names where duty_location_id = 'f52574a7-b110-44b5-83e0-6a6b7659b825';
DELETE from duty_locations where id = 'f52574a7-b110-44b5-83e0-6a6b7659b825';

DELETE from orders where origin_duty_location_id = '48affc66-64a4-4596-bc7d-04b91cc377ac' or new_duty_location_id = '48affc66-64a4-4596-bc7d-04b91cc377ac';
DELETE from service_members where duty_location_id = '48affc66-64a4-4596-bc7d-04b91cc377ac';
DELETE from duty_location_names where duty_location_id = '48affc66-64a4-4596-bc7d-04b91cc377ac';
DELETE from duty_locations where id = '48affc66-64a4-4596-bc7d-04b91cc377ac';

DELETE from orders where origin_duty_location_id = '4ff4694d-f3d5-467a-acb8-e1d9f2fb5206' or new_duty_location_id = '4ff4694d-f3d5-467a-acb8-e1d9f2fb5206';
DELETE from service_members where duty_location_id = '4ff4694d-f3d5-467a-acb8-e1d9f2fb5206';
DELETE from duty_location_names where duty_location_id = '4ff4694d-f3d5-467a-acb8-e1d9f2fb5206';
DELETE from duty_locations where id = '4ff4694d-f3d5-467a-acb8-e1d9f2fb5206';

DELETE from orders where origin_duty_location_id = 'c3f107ae-d897-4315-a40c-90d42090d865' or new_duty_location_id = 'c3f107ae-d897-4315-a40c-90d42090d865';
DELETE from service_members where duty_location_id = 'c3f107ae-d897-4315-a40c-90d42090d865';
DELETE from duty_location_names where duty_location_id = 'c3f107ae-d897-4315-a40c-90d42090d865';
DELETE from duty_locations where id = 'c3f107ae-d897-4315-a40c-90d42090d865';

DELETE from orders where origin_duty_location_id = '802b81b8-f073-475f-934a-7dd2f09b59dd' or new_duty_location_id = '802b81b8-f073-475f-934a-7dd2f09b59dd';
DELETE from service_members where duty_location_id = '802b81b8-f073-475f-934a-7dd2f09b59dd';
DELETE from duty_location_names where duty_location_id = '802b81b8-f073-475f-934a-7dd2f09b59dd';
DELETE from duty_locations where id = '802b81b8-f073-475f-934a-7dd2f09b59dd';

DELETE from orders where origin_duty_location_id = 'b3d9b1a2-3e4e-433e-a9d3-014a622df59e' or new_duty_location_id = 'b3d9b1a2-3e4e-433e-a9d3-014a622df59e';
DELETE from service_members where duty_location_id = 'b3d9b1a2-3e4e-433e-a9d3-014a622df59e';
DELETE from duty_location_names where duty_location_id = 'b3d9b1a2-3e4e-433e-a9d3-014a622df59e';
DELETE from duty_locations where id = 'b3d9b1a2-3e4e-433e-a9d3-014a622df59e';

DELETE from orders where origin_duty_location_id = '8ff147ab-0720-4f19-9c93-7bb40845e864' or new_duty_location_id = '8ff147ab-0720-4f19-9c93-7bb40845e864';
DELETE from service_members where duty_location_id = '8ff147ab-0720-4f19-9c93-7bb40845e864';
DELETE from duty_location_names where duty_location_id = '8ff147ab-0720-4f19-9c93-7bb40845e864';
DELETE from duty_locations where id = '8ff147ab-0720-4f19-9c93-7bb40845e864';

DELETE from orders where origin_duty_location_id = 'ab60533f-9129-4d90-a06d-54207ef26875' or new_duty_location_id = 'ab60533f-9129-4d90-a06d-54207ef26875';
DELETE from service_members where duty_location_id = 'ab60533f-9129-4d90-a06d-54207ef26875';
DELETE from duty_location_names where duty_location_id = 'ab60533f-9129-4d90-a06d-54207ef26875';
DELETE from duty_locations where id = 'ab60533f-9129-4d90-a06d-54207ef26875';

DELETE from orders where origin_duty_location_id = '241dca9f-4c62-4d25-8a3c-da08015bf3a4' or new_duty_location_id = '241dca9f-4c62-4d25-8a3c-da08015bf3a4';
DELETE from service_members where duty_location_id = '241dca9f-4c62-4d25-8a3c-da08015bf3a4';
DELETE from duty_location_names where duty_location_id = '241dca9f-4c62-4d25-8a3c-da08015bf3a4';
DELETE from duty_locations where id = '241dca9f-4c62-4d25-8a3c-da08015bf3a4';

DELETE from orders where origin_duty_location_id = 'e2b97eb5-953c-46d4-9b4c-e00d81c6ad47' or new_duty_location_id = 'e2b97eb5-953c-46d4-9b4c-e00d81c6ad47';
DELETE from service_members where duty_location_id = 'e2b97eb5-953c-46d4-9b4c-e00d81c6ad47';
DELETE from duty_location_names where duty_location_id = 'e2b97eb5-953c-46d4-9b4c-e00d81c6ad47';
DELETE from duty_locations where id = 'e2b97eb5-953c-46d4-9b4c-e00d81c6ad47';

DELETE from orders where origin_duty_location_id = '99ebddb1-dd5d-41f7-8e8a-80a92fa98cf7' or new_duty_location_id = '99ebddb1-dd5d-41f7-8e8a-80a92fa98cf7';
DELETE from service_members where duty_location_id = '99ebddb1-dd5d-41f7-8e8a-80a92fa98cf7';
DELETE from duty_location_names where duty_location_id = '99ebddb1-dd5d-41f7-8e8a-80a92fa98cf7';
DELETE from duty_locations where id = '99ebddb1-dd5d-41f7-8e8a-80a92fa98cf7';

DELETE from orders where origin_duty_location_id = '3f9351a9-d74f-463d-817d-073badf8136f' or new_duty_location_id = '3f9351a9-d74f-463d-817d-073badf8136f';
DELETE from service_members where duty_location_id = '3f9351a9-d74f-463d-817d-073badf8136f';
DELETE from duty_location_names where duty_location_id = '3f9351a9-d74f-463d-817d-073badf8136f';
DELETE from duty_locations where id = '3f9351a9-d74f-463d-817d-073badf8136f';

DELETE from orders where origin_duty_location_id = '4038aa8d-4ce3-4c91-957b-246a49a43f1b' or new_duty_location_id = '4038aa8d-4ce3-4c91-957b-246a49a43f1b';
DELETE from service_members where duty_location_id = '4038aa8d-4ce3-4c91-957b-246a49a43f1b';
DELETE from duty_location_names where duty_location_id = '4038aa8d-4ce3-4c91-957b-246a49a43f1b';
DELETE from duty_locations where id = '4038aa8d-4ce3-4c91-957b-246a49a43f1b';

DELETE from orders where origin_duty_location_id = 'fb8f7537-1e26-4353-93d0-95709c907fa0' or new_duty_location_id = 'fb8f7537-1e26-4353-93d0-95709c907fa0';
DELETE from service_members where duty_location_id = 'fb8f7537-1e26-4353-93d0-95709c907fa0';
DELETE from duty_location_names where duty_location_id = 'fb8f7537-1e26-4353-93d0-95709c907fa0';
DELETE from duty_locations where id = 'fb8f7537-1e26-4353-93d0-95709c907fa0';

DELETE from orders where origin_duty_location_id = 'ecd849ec-9b5d-4350-bfb5-07997eee28fb' or new_duty_location_id = 'ecd849ec-9b5d-4350-bfb5-07997eee28fb';
DELETE from service_members where duty_location_id = 'ecd849ec-9b5d-4350-bfb5-07997eee28fb';
DELETE from duty_location_names where duty_location_id = 'ecd849ec-9b5d-4350-bfb5-07997eee28fb';
DELETE from duty_locations where id = 'ecd849ec-9b5d-4350-bfb5-07997eee28fb';

DELETE from orders where origin_duty_location_id = 'e97bce21-b0d7-4af9-b102-0e43b759af1f' or new_duty_location_id = 'e97bce21-b0d7-4af9-b102-0e43b759af1f';
DELETE from service_members where duty_location_id = 'e97bce21-b0d7-4af9-b102-0e43b759af1f';
DELETE from duty_location_names where duty_location_id = 'e97bce21-b0d7-4af9-b102-0e43b759af1f';
DELETE from duty_locations where id = 'e97bce21-b0d7-4af9-b102-0e43b759af1f';

DELETE from orders where origin_duty_location_id = 'd6f14021-f9fb-46e8-9113-9bf37d2b8f26' or new_duty_location_id = 'd6f14021-f9fb-46e8-9113-9bf37d2b8f26';
DELETE from service_members where duty_location_id = 'd6f14021-f9fb-46e8-9113-9bf37d2b8f26';
DELETE from duty_location_names where duty_location_id = 'd6f14021-f9fb-46e8-9113-9bf37d2b8f26';
DELETE from duty_locations where id = 'd6f14021-f9fb-46e8-9113-9bf37d2b8f26';

DELETE from orders where origin_duty_location_id = 'e0c2b8d8-84d3-4363-a400-fd884c8580f7' or new_duty_location_id = 'e0c2b8d8-84d3-4363-a400-fd884c8580f7';
DELETE from service_members where duty_location_id = 'e0c2b8d8-84d3-4363-a400-fd884c8580f7';
DELETE from duty_location_names where duty_location_id = 'e0c2b8d8-84d3-4363-a400-fd884c8580f7';
DELETE from duty_locations where id = 'e0c2b8d8-84d3-4363-a400-fd884c8580f7';

DELETE from orders where origin_duty_location_id = 'c10f624d-a9a2-46d6-86c1-b983b15ae7e6' or new_duty_location_id = 'c10f624d-a9a2-46d6-86c1-b983b15ae7e6';
DELETE from service_members where duty_location_id = 'c10f624d-a9a2-46d6-86c1-b983b15ae7e6';
DELETE from duty_location_names where duty_location_id = 'c10f624d-a9a2-46d6-86c1-b983b15ae7e6';
DELETE from duty_locations where id = 'c10f624d-a9a2-46d6-86c1-b983b15ae7e6';

DELETE from orders where origin_duty_location_id = '30832462-991c-4fea-97cd-808749e4b5c9' or new_duty_location_id = '30832462-991c-4fea-97cd-808749e4b5c9';
DELETE from service_members where duty_location_id = '30832462-991c-4fea-97cd-808749e4b5c9';
DELETE from duty_location_names where duty_location_id = '30832462-991c-4fea-97cd-808749e4b5c9';
DELETE from duty_locations where id = '30832462-991c-4fea-97cd-808749e4b5c9';

DELETE from orders where origin_duty_location_id = 'a8c7dbf4-cf4e-4775-b275-587030d98529' or new_duty_location_id = 'a8c7dbf4-cf4e-4775-b275-587030d98529';
DELETE from service_members where duty_location_id = 'a8c7dbf4-cf4e-4775-b275-587030d98529';
DELETE from duty_location_names where duty_location_id = 'a8c7dbf4-cf4e-4775-b275-587030d98529';
DELETE from duty_locations where id = 'a8c7dbf4-cf4e-4775-b275-587030d98529';

DELETE from orders where origin_duty_location_id = '8ce0357c-a422-4f51-ac12-d80c167cfdbe' or new_duty_location_id = '8ce0357c-a422-4f51-ac12-d80c167cfdbe';
DELETE from service_members where duty_location_id = '8ce0357c-a422-4f51-ac12-d80c167cfdbe';
DELETE from duty_location_names where duty_location_id = '8ce0357c-a422-4f51-ac12-d80c167cfdbe';
DELETE from duty_locations where id = '8ce0357c-a422-4f51-ac12-d80c167cfdbe';

DELETE from orders where origin_duty_location_id = 'b9f7df18-e7fe-49f9-b706-265cb46cf2b0' or new_duty_location_id = 'b9f7df18-e7fe-49f9-b706-265cb46cf2b0';
DELETE from service_members where duty_location_id = 'b9f7df18-e7fe-49f9-b706-265cb46cf2b0';
DELETE from duty_location_names where duty_location_id = 'b9f7df18-e7fe-49f9-b706-265cb46cf2b0';
DELETE from duty_locations where id = 'b9f7df18-e7fe-49f9-b706-265cb46cf2b0';

DELETE from orders where origin_duty_location_id = '2d1d28d6-547f-4ec6-a80d-64f3a6b88438' or new_duty_location_id = '2d1d28d6-547f-4ec6-a80d-64f3a6b88438';
DELETE from service_members where duty_location_id = '2d1d28d6-547f-4ec6-a80d-64f3a6b88438';
DELETE from duty_location_names where duty_location_id = '2d1d28d6-547f-4ec6-a80d-64f3a6b88438';
DELETE from duty_locations where id = '2d1d28d6-547f-4ec6-a80d-64f3a6b88438';

DELETE from orders where origin_duty_location_id = 'd2717b83-b668-4960-8ed0-434344588296' or new_duty_location_id = 'd2717b83-b668-4960-8ed0-434344588296';
DELETE from service_members where duty_location_id = 'd2717b83-b668-4960-8ed0-434344588296';
DELETE from duty_location_names where duty_location_id = 'd2717b83-b668-4960-8ed0-434344588296';
DELETE from duty_locations where id = 'd2717b83-b668-4960-8ed0-434344588296';

DELETE from orders where origin_duty_location_id = 'a20cb838-40d9-4ab8-9b79-2514697226ce' or new_duty_location_id = 'a20cb838-40d9-4ab8-9b79-2514697226ce';
DELETE from service_members where duty_location_id = 'a20cb838-40d9-4ab8-9b79-2514697226ce';
DELETE from duty_location_names where duty_location_id = 'a20cb838-40d9-4ab8-9b79-2514697226ce';
DELETE from duty_locations where id = 'a20cb838-40d9-4ab8-9b79-2514697226ce';

DELETE from orders where origin_duty_location_id = 'aa4c5b8a-d75b-4f96-b1de-c125afe41502' or new_duty_location_id = 'aa4c5b8a-d75b-4f96-b1de-c125afe41502';
DELETE from service_members where duty_location_id = 'aa4c5b8a-d75b-4f96-b1de-c125afe41502';
DELETE from duty_location_names where duty_location_id = 'aa4c5b8a-d75b-4f96-b1de-c125afe41502';
DELETE from duty_locations where id = 'aa4c5b8a-d75b-4f96-b1de-c125afe41502';

DELETE from orders where origin_duty_location_id = 'a45c055c-4b18-4df7-ac29-b833d32146cc' or new_duty_location_id = 'a45c055c-4b18-4df7-ac29-b833d32146cc';
DELETE from service_members where duty_location_id = 'a45c055c-4b18-4df7-ac29-b833d32146cc';
DELETE from duty_location_names where duty_location_id = 'a45c055c-4b18-4df7-ac29-b833d32146cc';
DELETE from duty_locations where id = 'a45c055c-4b18-4df7-ac29-b833d32146cc';

DELETE from orders where origin_duty_location_id = '14ac32f1-b1b3-4794-b3c8-692beefb9037' or new_duty_location_id = '14ac32f1-b1b3-4794-b3c8-692beefb9037';
DELETE from service_members where duty_location_id = '14ac32f1-b1b3-4794-b3c8-692beefb9037';
DELETE from duty_location_names where duty_location_id = '14ac32f1-b1b3-4794-b3c8-692beefb9037';
DELETE from duty_locations where id = '14ac32f1-b1b3-4794-b3c8-692beefb9037';

DELETE from orders where origin_duty_location_id = '2e48a214-3164-415c-8465-af7e3c5e5473' or new_duty_location_id = '2e48a214-3164-415c-8465-af7e3c5e5473';
DELETE from service_members where duty_location_id = '2e48a214-3164-415c-8465-af7e3c5e5473';
DELETE from duty_location_names where duty_location_id = '2e48a214-3164-415c-8465-af7e3c5e5473';
DELETE from duty_locations where id = '2e48a214-3164-415c-8465-af7e3c5e5473';

DELETE from orders where origin_duty_location_id = '4e25e937-3932-4562-9556-7ded880ada44' or new_duty_location_id = '4e25e937-3932-4562-9556-7ded880ada44';
DELETE from service_members where duty_location_id = '4e25e937-3932-4562-9556-7ded880ada44';
DELETE from duty_location_names where duty_location_id = '4e25e937-3932-4562-9556-7ded880ada44';
DELETE from duty_locations where id = '4e25e937-3932-4562-9556-7ded880ada44';

DELETE from orders where origin_duty_location_id = '99d5791a-4ca0-4008-80c3-e46f95497445' or new_duty_location_id = '99d5791a-4ca0-4008-80c3-e46f95497445';
DELETE from service_members where duty_location_id = '99d5791a-4ca0-4008-80c3-e46f95497445';
DELETE from duty_location_names where duty_location_id = '99d5791a-4ca0-4008-80c3-e46f95497445';
DELETE from duty_locations where id = '99d5791a-4ca0-4008-80c3-e46f95497445';

DELETE from orders where origin_duty_location_id = 'fd887e73-8455-4e1e-8d23-f14e08f3c707' or new_duty_location_id = 'fd887e73-8455-4e1e-8d23-f14e08f3c707';
DELETE from service_members where duty_location_id = 'fd887e73-8455-4e1e-8d23-f14e08f3c707';
DELETE from duty_location_names where duty_location_id = 'fd887e73-8455-4e1e-8d23-f14e08f3c707';
DELETE from duty_locations where id = 'fd887e73-8455-4e1e-8d23-f14e08f3c707';

DELETE from orders where origin_duty_location_id = '11bcfc26-d33a-4c43-bdd9-5756a07f3000' or new_duty_location_id = '11bcfc26-d33a-4c43-bdd9-5756a07f3000';
DELETE from service_members where duty_location_id = '11bcfc26-d33a-4c43-bdd9-5756a07f3000';
DELETE from duty_location_names where duty_location_id = '11bcfc26-d33a-4c43-bdd9-5756a07f3000';
DELETE from duty_locations where id = '11bcfc26-d33a-4c43-bdd9-5756a07f3000';

DELETE from orders where origin_duty_location_id = '6fbeb94d-246c-4941-8223-6f08652a20e9' or new_duty_location_id = '6fbeb94d-246c-4941-8223-6f08652a20e9';
DELETE from service_members where duty_location_id = '6fbeb94d-246c-4941-8223-6f08652a20e9';
DELETE from duty_location_names where duty_location_id = '6fbeb94d-246c-4941-8223-6f08652a20e9';
DELETE from duty_locations where id = '6fbeb94d-246c-4941-8223-6f08652a20e9';

DELETE from orders where origin_duty_location_id = '0d0de1c8-fbd3-42ae-82b8-ecec6c6871c4' or new_duty_location_id = '0d0de1c8-fbd3-42ae-82b8-ecec6c6871c4';
DELETE from service_members where duty_location_id = '0d0de1c8-fbd3-42ae-82b8-ecec6c6871c4';
DELETE from duty_location_names where duty_location_id = '0d0de1c8-fbd3-42ae-82b8-ecec6c6871c4';
DELETE from duty_locations where id = '0d0de1c8-fbd3-42ae-82b8-ecec6c6871c4';

DELETE from orders where origin_duty_location_id = '8c12f497-4b52-4e43-99b1-6169ce0514d6' or new_duty_location_id = '8c12f497-4b52-4e43-99b1-6169ce0514d6';
DELETE from service_members where duty_location_id = '8c12f497-4b52-4e43-99b1-6169ce0514d6';
DELETE from duty_location_names where duty_location_id = '8c12f497-4b52-4e43-99b1-6169ce0514d6';
DELETE from duty_locations where id = '8c12f497-4b52-4e43-99b1-6169ce0514d6';

DELETE from orders where origin_duty_location_id = 'b443ece4-093d-4aa8-a300-0571dd1d231f' or new_duty_location_id = 'b443ece4-093d-4aa8-a300-0571dd1d231f';
DELETE from service_members where duty_location_id = 'b443ece4-093d-4aa8-a300-0571dd1d231f';
DELETE from duty_location_names where duty_location_id = 'b443ece4-093d-4aa8-a300-0571dd1d231f';
DELETE from duty_locations where id = 'b443ece4-093d-4aa8-a300-0571dd1d231f';

DELETE from orders where origin_duty_location_id = 'dcd3a76c-4f0e-4876-84c8-cf24a6329461' or new_duty_location_id = 'dcd3a76c-4f0e-4876-84c8-cf24a6329461';
DELETE from service_members where duty_location_id = 'dcd3a76c-4f0e-4876-84c8-cf24a6329461';
DELETE from duty_location_names where duty_location_id = 'dcd3a76c-4f0e-4876-84c8-cf24a6329461';
DELETE from duty_locations where id = 'dcd3a76c-4f0e-4876-84c8-cf24a6329461';

DELETE from orders where origin_duty_location_id = 'f29e814c-5730-4558-8f5e-191572c1a53c' or new_duty_location_id = 'f29e814c-5730-4558-8f5e-191572c1a53c';
DELETE from service_members where duty_location_id = 'f29e814c-5730-4558-8f5e-191572c1a53c';
DELETE from duty_location_names where duty_location_id = 'f29e814c-5730-4558-8f5e-191572c1a53c';
DELETE from duty_locations where id = 'f29e814c-5730-4558-8f5e-191572c1a53c';

DELETE from orders where origin_duty_location_id = '5afa1a7a-cdad-47ce-abfb-e4a2789c8cab' or new_duty_location_id = '5afa1a7a-cdad-47ce-abfb-e4a2789c8cab';
DELETE from service_members where duty_location_id = '5afa1a7a-cdad-47ce-abfb-e4a2789c8cab';
DELETE from duty_location_names where duty_location_id = '5afa1a7a-cdad-47ce-abfb-e4a2789c8cab';
DELETE from duty_locations where id = '5afa1a7a-cdad-47ce-abfb-e4a2789c8cab';

DELETE from orders where origin_duty_location_id = 'eebb0f8d-2b53-4bc9-b744-71801fcec05b' or new_duty_location_id = 'eebb0f8d-2b53-4bc9-b744-71801fcec05b';
DELETE from service_members where duty_location_id = 'eebb0f8d-2b53-4bc9-b744-71801fcec05b';
DELETE from duty_location_names where duty_location_id = 'eebb0f8d-2b53-4bc9-b744-71801fcec05b';
DELETE from duty_locations where id = 'eebb0f8d-2b53-4bc9-b744-71801fcec05b';

DELETE from orders where origin_duty_location_id = 'e2f5e372-44cb-493d-934c-7b951cfba146' or new_duty_location_id = 'e2f5e372-44cb-493d-934c-7b951cfba146';
DELETE from service_members where duty_location_id = 'e2f5e372-44cb-493d-934c-7b951cfba146';
DELETE from duty_location_names where duty_location_id = 'e2f5e372-44cb-493d-934c-7b951cfba146';
DELETE from duty_locations where id = 'e2f5e372-44cb-493d-934c-7b951cfba146';

DELETE from orders where origin_duty_location_id = '49cf6208-a25c-4b8d-9baa-965d6e5f0ac1' or new_duty_location_id = '49cf6208-a25c-4b8d-9baa-965d6e5f0ac1';
DELETE from service_members where duty_location_id = '49cf6208-a25c-4b8d-9baa-965d6e5f0ac1';
DELETE from duty_location_names where duty_location_id = '49cf6208-a25c-4b8d-9baa-965d6e5f0ac1';
DELETE from duty_locations where id = '49cf6208-a25c-4b8d-9baa-965d6e5f0ac1';

DELETE from orders where origin_duty_location_id = 'd37c57d7-874c-436d-8060-234c8315c50c' or new_duty_location_id = 'd37c57d7-874c-436d-8060-234c8315c50c';
DELETE from service_members where duty_location_id = 'd37c57d7-874c-436d-8060-234c8315c50c';
DELETE from duty_location_names where duty_location_id = 'd37c57d7-874c-436d-8060-234c8315c50c';
DELETE from duty_locations where id = 'd37c57d7-874c-436d-8060-234c8315c50c';

DELETE from orders where origin_duty_location_id = 'c2be8542-67a5-4c78-b024-de46c37e4688' or new_duty_location_id = 'c2be8542-67a5-4c78-b024-de46c37e4688';
DELETE from service_members where duty_location_id = 'c2be8542-67a5-4c78-b024-de46c37e4688';
DELETE from duty_location_names where duty_location_id = 'c2be8542-67a5-4c78-b024-de46c37e4688';
DELETE from duty_locations where id = 'c2be8542-67a5-4c78-b024-de46c37e4688';

DELETE from orders where origin_duty_location_id = '87bc4d8b-d87e-4b05-9cd0-62482f662bb3' or new_duty_location_id = '87bc4d8b-d87e-4b05-9cd0-62482f662bb3';
DELETE from service_members where duty_location_id = '87bc4d8b-d87e-4b05-9cd0-62482f662bb3';
DELETE from duty_location_names where duty_location_id = '87bc4d8b-d87e-4b05-9cd0-62482f662bb3';
DELETE from duty_locations where id = '87bc4d8b-d87e-4b05-9cd0-62482f662bb3';

DELETE from orders where origin_duty_location_id = 'feff2cbc-3a84-49cc-9907-054efe77d29b' or new_duty_location_id = 'feff2cbc-3a84-49cc-9907-054efe77d29b';
DELETE from service_members where duty_location_id = 'feff2cbc-3a84-49cc-9907-054efe77d29b';
DELETE from duty_location_names where duty_location_id = 'feff2cbc-3a84-49cc-9907-054efe77d29b';
DELETE from duty_locations where id = 'feff2cbc-3a84-49cc-9907-054efe77d29b';

DELETE from orders where origin_duty_location_id = '584e3e75-a13a-4e61-a847-c48dbe014c30' or new_duty_location_id = '584e3e75-a13a-4e61-a847-c48dbe014c30';
DELETE from service_members where duty_location_id = '584e3e75-a13a-4e61-a847-c48dbe014c30';
DELETE from duty_location_names where duty_location_id = '584e3e75-a13a-4e61-a847-c48dbe014c30';
DELETE from duty_locations where id = '584e3e75-a13a-4e61-a847-c48dbe014c30';

DELETE from orders where origin_duty_location_id = 'fdeb8a1e-d180-40b6-8c01-c6ce14f24e41' or new_duty_location_id = 'fdeb8a1e-d180-40b6-8c01-c6ce14f24e41';
DELETE from service_members where duty_location_id = 'fdeb8a1e-d180-40b6-8c01-c6ce14f24e41';
DELETE from duty_location_names where duty_location_id = 'fdeb8a1e-d180-40b6-8c01-c6ce14f24e41';
DELETE from duty_locations where id = 'fdeb8a1e-d180-40b6-8c01-c6ce14f24e41';

DELETE from orders where origin_duty_location_id = '8cb37a4c-6897-4655-8c60-c8e36355801e' or new_duty_location_id = '8cb37a4c-6897-4655-8c60-c8e36355801e';
DELETE from service_members where duty_location_id = '8cb37a4c-6897-4655-8c60-c8e36355801e';
DELETE from duty_location_names where duty_location_id = '8cb37a4c-6897-4655-8c60-c8e36355801e';
DELETE from duty_locations where id = '8cb37a4c-6897-4655-8c60-c8e36355801e';

DELETE from orders where origin_duty_location_id = '4ecbda93-fd5f-432d-8881-4c6e59d8311a' or new_duty_location_id = '4ecbda93-fd5f-432d-8881-4c6e59d8311a';
DELETE from service_members where duty_location_id = '4ecbda93-fd5f-432d-8881-4c6e59d8311a';
DELETE from duty_location_names where duty_location_id = '4ecbda93-fd5f-432d-8881-4c6e59d8311a';
DELETE from duty_locations where id = '4ecbda93-fd5f-432d-8881-4c6e59d8311a';

DELETE from orders where origin_duty_location_id = 'e22f94f9-4372-4851-bf98-5d6f7f95f562' or new_duty_location_id = 'e22f94f9-4372-4851-bf98-5d6f7f95f562';
DELETE from service_members where duty_location_id = 'e22f94f9-4372-4851-bf98-5d6f7f95f562';
DELETE from duty_location_names where duty_location_id = 'e22f94f9-4372-4851-bf98-5d6f7f95f562';
DELETE from duty_locations where id = 'e22f94f9-4372-4851-bf98-5d6f7f95f562';

DELETE from orders where origin_duty_location_id = '8dd5f587-8c57-4bda-b286-1d66a3b215d1' or new_duty_location_id = '8dd5f587-8c57-4bda-b286-1d66a3b215d1';
DELETE from service_members where duty_location_id = '8dd5f587-8c57-4bda-b286-1d66a3b215d1';
DELETE from duty_location_names where duty_location_id = '8dd5f587-8c57-4bda-b286-1d66a3b215d1';
DELETE from duty_locations where id = '8dd5f587-8c57-4bda-b286-1d66a3b215d1';

DELETE from orders where origin_duty_location_id = '787d7363-b75e-4dd8-81d1-f62fc2b35327' or new_duty_location_id = '787d7363-b75e-4dd8-81d1-f62fc2b35327';
DELETE from service_members where duty_location_id = '787d7363-b75e-4dd8-81d1-f62fc2b35327';
DELETE from duty_location_names where duty_location_id = '787d7363-b75e-4dd8-81d1-f62fc2b35327';
DELETE from duty_locations where id = '787d7363-b75e-4dd8-81d1-f62fc2b35327';

DELETE from orders where origin_duty_location_id = '71b2cafd-7396-4265-8225-ff82be863e01' or new_duty_location_id = '71b2cafd-7396-4265-8225-ff82be863e01';
DELETE from service_members where duty_location_id = '71b2cafd-7396-4265-8225-ff82be863e01';
DELETE from duty_location_names where duty_location_id = '71b2cafd-7396-4265-8225-ff82be863e01';
DELETE from duty_locations where id = '71b2cafd-7396-4265-8225-ff82be863e01';

DELETE from orders where origin_duty_location_id = '18704453-ec98-4705-b30d-e4fedb2d5ce5' or new_duty_location_id = '18704453-ec98-4705-b30d-e4fedb2d5ce5';
DELETE from service_members where duty_location_id = '18704453-ec98-4705-b30d-e4fedb2d5ce5';
DELETE from duty_location_names where duty_location_id = '18704453-ec98-4705-b30d-e4fedb2d5ce5';
DELETE from duty_locations where id = '18704453-ec98-4705-b30d-e4fedb2d5ce5';

DELETE from orders where origin_duty_location_id = '3371aee3-c8d9-46b7-886d-792705210764' or new_duty_location_id = '3371aee3-c8d9-46b7-886d-792705210764';
DELETE from service_members where duty_location_id = '3371aee3-c8d9-46b7-886d-792705210764';
DELETE from duty_location_names where duty_location_id = '3371aee3-c8d9-46b7-886d-792705210764';
DELETE from duty_locations where id = '3371aee3-c8d9-46b7-886d-792705210764';

DELETE from orders where origin_duty_location_id = '21cdf046-7da4-478b-b711-25b2cbf0a6bb' or new_duty_location_id = '21cdf046-7da4-478b-b711-25b2cbf0a6bb';
DELETE from service_members where duty_location_id = '21cdf046-7da4-478b-b711-25b2cbf0a6bb';
DELETE from duty_location_names where duty_location_id = '21cdf046-7da4-478b-b711-25b2cbf0a6bb';
DELETE from duty_locations where id = '21cdf046-7da4-478b-b711-25b2cbf0a6bb';

DELETE from orders where origin_duty_location_id = '3146ebf4-0e74-4424-b2f2-93aa473eae14' or new_duty_location_id = '3146ebf4-0e74-4424-b2f2-93aa473eae14';
DELETE from service_members where duty_location_id = '3146ebf4-0e74-4424-b2f2-93aa473eae14';
DELETE from duty_location_names where duty_location_id = '3146ebf4-0e74-4424-b2f2-93aa473eae14';
DELETE from duty_locations where id = '3146ebf4-0e74-4424-b2f2-93aa473eae14';

DELETE from orders where origin_duty_location_id = '5e3a4294-1601-448e-8a16-123a93c8a44b' or new_duty_location_id = '5e3a4294-1601-448e-8a16-123a93c8a44b';
DELETE from service_members where duty_location_id = '5e3a4294-1601-448e-8a16-123a93c8a44b';
DELETE from duty_location_names where duty_location_id = '5e3a4294-1601-448e-8a16-123a93c8a44b';
DELETE from duty_locations where id = '5e3a4294-1601-448e-8a16-123a93c8a44b';

DELETE from orders where origin_duty_location_id = '368ae5a6-0dde-45c2-bda3-ef1209661f5e' or new_duty_location_id = '368ae5a6-0dde-45c2-bda3-ef1209661f5e';
DELETE from service_members where duty_location_id = '368ae5a6-0dde-45c2-bda3-ef1209661f5e';
DELETE from duty_location_names where duty_location_id = '368ae5a6-0dde-45c2-bda3-ef1209661f5e';
DELETE from duty_locations where id = '368ae5a6-0dde-45c2-bda3-ef1209661f5e';

UPDATE duty_locations SET name = 'Fort Eisenhower' WHERE name = 'Fort Gordon';

UPDATE duty_locations SET name = 'Fort Eisenhower, GA 30813' WHERE name = 'Fort Gordon, GA 30813';

UPDATE duty_locations SET name = 'Fort Cavazos' WHERE name = 'Fort Hood';

UPDATE duty_locations SET name = 'Fort Cavazos, TX 76544' WHERE name = 'Fort Hood, TX 76544';

UPDATE duty_locations SET name = 'Fort Novosel' WHERE name = 'Fort Rucker';

UPDATE duty_locations SET name = 'Fort Novosel, AL 36362' WHERE name = 'Fort Rucker, AL 36362';

UPDATE duty_locations SET name = 'Fort Walker' WHERE name = 'Fort Benning';

UPDATE duty_locations SET name = 'Fort Walker, GA 31905' WHERE name = 'Fort Benning, GA 31905';

UPDATE duty_locations SET name = 'Fort Walker, GA 31995' WHERE name = 'Fort Benning, GA 31995';

UPDATE duty_locations SET name = 'Fort Liberty' WHERE name = 'Fort Bragg';

UPDATE duty_locations SET name = 'Fort Liberty, NC 28307' WHERE name = 'Fort Bragg, NC 28307';

UPDATE duty_locations SET name = 'Fort Liberty, NC 28310' WHERE name = 'Fort Bragg, NC 28310';

UPDATE duty_locations SET name = 'Fort Gregg-Adams' WHERE name = 'Fort Lee';

UPDATE duty_locations SET name = 'Fort Gregg-Adams, VA 23801' WHERE name = 'Fort Lee, VA 23801 ';

UPDATE duty_locations SET name = 'Fort Johnson' WHERE name = 'Fort Polk';

UPDATE duty_locations SET name = 'Fort Johnson, LA 71459' WHERE name = 'Fort Polk, LA 71459';

--NEW
INSERT INTO addresses (id, street_address_1, city, state, postal_code, created_at, updated_at) VALUES ('8a7280c1-39b5-41df-8625-726915821a34', 'n/a', 'Warren', 'MI', '48397', now(), now());
INSERT INTO duty_locations (id, address_id, transportation_office_id, name, affiliation, provides_services_counseling, updated_at, created_at) VALUES ('4df2711e-3df8-41cf-a61f-4098858588c9', '8a7280c1-39b5-41df-8625-726915821a34', (SELECT t.id FROM transportation_offices AS t, addresses AS a WHERE t.address_id = a.id AND t.gbloc='BGAC' AND a.state='MI' LIMIT 1), 'Detroit Arsenal, MI 48397', 'ARMY', TRUE, now(), now());

--NEW
INSERT INTO addresses (id, street_address_1, city, state, postal_code, created_at, updated_at) VALUES ('a496554d-3834-4251-9046-96f23f85b83d', '', 'Baltimore', 'MD', '21226', now(), now());
INSERT INTO duty_locations (id, address_id, transportation_office_id, name, affiliation, provides_services_counseling, updated_at, created_at) VALUES ('b7e617e5-cc0d-4fea-bdc7-6711c2b24f8b', 'a496554d-3834-4251-9046-96f23f85b83d', (SELECT t.id FROM transportation_offices AS t, addresses AS a WHERE t.address_id = a.id AND t.gbloc='BGAC' AND a.state='MD' LIMIT 1), 'USCG Sector Baltimore, MD 21226', 'COAST_GUARD', TRUE, now(), now());

--NEW
INSERT INTO addresses (id, street_address_1, city, state, postal_code, created_at, updated_at) VALUES ('a66250e4-fe6f-457b-9935-b686e3b43d1c', 'n/a', 'Richmond', 'KY', '40475', now(), now());
INSERT INTO duty_locations (id, address_id, transportation_office_id, name, affiliation, provides_services_counseling, updated_at, created_at) VALUES ('4decb74b-f3b5-4802-a43b-a3d2348ebb66', 'a66250e4-fe6f-457b-9935-b686e3b43d1c', (SELECT t.id FROM transportation_offices AS t, addresses AS a WHERE t.address_id = a.id AND t.gbloc='KKFA' AND a.state='KY' LIMIT 1), 'Blue Grass Army Depot, KY 40475', 'ARMY', TRUE, now(), now());

--NEW
INSERT INTO addresses (id, street_address_1, city, state, postal_code, created_at, updated_at) VALUES ('1670706a-2489-4efe-b543-f6a3b841111e', 'n/a', 'Aurora', 'CO', '80011', now(), now());
INSERT INTO duty_locations (id, address_id, transportation_office_id, name, affiliation, provides_services_counseling, updated_at, created_at) VALUES ('6b29d8b4-913b-4059-a5ec-c02f43d5d126', '1670706a-2489-4efe-b543-f6a3b841111e', (SELECT t.id FROM transportation_offices AS t, addresses AS a WHERE t.address_id = a.id AND t.gbloc='KKFA' AND a.state='CO' LIMIT 1), 'Buckley SFB, CO 80011', 'AIR_FORCE', TRUE, now(), now());

--NEW
INSERT INTO addresses (id, street_address_1, city, state, postal_code, created_at, updated_at) VALUES ('e365fa55-3692-474c-943b-e27b5f7e27ed', '', 'Buzzards Bay', 'MA', '02542', now(), now());
INSERT INTO duty_locations (id, address_id, transportation_office_id, name, affiliation, provides_services_counseling, updated_at, created_at) VALUES ('9e372e6c-86d9-444c-b3dd-67adec47d0fb', 'e365fa55-3692-474c-943b-e27b5f7e27ed', (SELECT t.id FROM transportation_offices AS t, addresses AS a WHERE t.address_id = a.id AND t.gbloc='AGFM' AND a.state='MA' LIMIT 1), 'USCG Base Cape Cod Buzzards Bay, MA 02542', 'COAST_GUARD', TRUE, now(), now());

--NEW
INSERT INTO addresses (id, street_address_1, city, state, postal_code, created_at, updated_at) VALUES ('db30171c-c2cf-4ea7-9fc3-197e6aa66f0d', 'n/a', 'Fort Worth', 'TX', '76127', now(), now());
INSERT INTO duty_locations (id, address_id, transportation_office_id, name, affiliation, provides_services_counseling, updated_at, created_at) VALUES ('4836b832-7329-4900-a4cf-d279e8426b41', 'db30171c-c2cf-4ea7-9fc3-197e6aa66f0d', (SELECT t.id FROM transportation_offices AS t, addresses AS a WHERE t.address_id = a.id AND t.gbloc='HAFC' AND a.state='TX' LIMIT 1), 'NAS Fort Worth, TX 76127', 'NAVY', TRUE, now(), now());

--NEW
INSERT INTO addresses (id, street_address_1, city, state, postal_code, created_at, updated_at) VALUES ('bcb06456-661d-4b46-960d-7d8c9d1bcece', '', 'Curtis Bay', 'MD', '21226', now(), now());
INSERT INTO duty_locations (id, address_id, transportation_office_id, name, affiliation, provides_services_counseling, updated_at, created_at) VALUES ('fc251255-0d52-404c-bc9a-c6d347a9e3cf', 'bcb06456-661d-4b46-960d-7d8c9d1bcece', (SELECT t.id FROM transportation_offices AS t, addresses AS a WHERE t.address_id = a.id AND t.gbloc='BGAC' AND a.state='MD' LIMIT 1), 'USCG Curtis Bay, MD 21226', 'COAST_GUARD', TRUE, now(), now());

--NEW
INSERT INTO addresses (id, street_address_1, city, state, postal_code, created_at, updated_at) VALUES ('3d804253-7513-4983-9031-5085623fe58f', 'n/a', 'Columbus', 'MS', '39710', now(), now());
INSERT INTO duty_locations (id, address_id, transportation_office_id, name, affiliation, provides_services_counseling, updated_at, created_at) VALUES ('86ef59f9-bfd9-4868-8301-20a289cb8cfb', '3d804253-7513-4983-9031-5085623fe58f', (SELECT t.id FROM transportation_offices AS t, addresses AS a WHERE t.address_id = a.id AND t.gbloc='HAFC' AND a.state='MS' LIMIT 1), 'Columbus AFB, MS 39710', 'AIR_FORCE', TRUE, now(), now());

--NEW
INSERT INTO addresses (id, street_address_1, city, state, postal_code, created_at, updated_at) VALUES ('844fd51f-6db3-4aa9-8d8f-c1f63e16c662', 'n/a', 'Indian Springs', 'NV', '89018', now(), now());
INSERT INTO duty_locations (id, address_id, transportation_office_id, name, affiliation, provides_services_counseling, updated_at, created_at) VALUES ('dcdf99ac-581c-4d23-a074-a77188a1afe2', '844fd51f-6db3-4aa9-8d8f-c1f63e16c662', (SELECT t.id FROM transportation_offices AS t, addresses AS a WHERE t.address_id = a.id AND t.gbloc='KKFA' AND a.state='NV' LIMIT 1), 'Creech AFB, NV 89018', 'AIR_FORCE', TRUE, now(), now());

--NEW
INSERT INTO addresses (id, street_address_1, city, state, postal_code, created_at, updated_at) VALUES ('977b63a3-2dfd-4505-b0be-da83e67dacc3', 'n/a', 'Davis Monthan AFB', 'AZ', '85707', now(), now());
INSERT INTO duty_locations (id, address_id, transportation_office_id, name, affiliation, provides_services_counseling, updated_at, created_at) VALUES ('2f9708b2-dab0-445e-a4b3-ae25fe9cf286', '977b63a3-2dfd-4505-b0be-da83e67dacc3', (SELECT t.id FROM transportation_offices AS t, addresses AS a WHERE t.address_id = a.id AND t.gbloc='KKFA' AND a.state='AZ' LIMIT 1), 'Davis-Monthan AFB, AZ 85707', 'AIR_FORCE', TRUE, now(), now());

--NEW
INSERT INTO addresses (id, street_address_1, city, state, postal_code, created_at, updated_at) VALUES ('b1d4f631-5e48-4891-a2ef-ac825180527b', 'n/a', 'Dugway', 'UT', '84022', now(), now());
INSERT INTO duty_locations (id, address_id, transportation_office_id, name, affiliation, provides_services_counseling, updated_at, created_at) VALUES ('851acd34-fa2d-4e9b-b77a-e8ceea97c169', 'b1d4f631-5e48-4891-a2ef-ac825180527b', (SELECT t.id FROM transportation_offices AS t, addresses AS a WHERE t.address_id = a.id AND t.gbloc='KKFA' AND a.state='UT' LIMIT 1), 'Dugway Proving Ground, UT 84022', 'ARMY', TRUE, now(), now());

--NEW
INSERT INTO addresses (id, street_address_1, city, state, postal_code, created_at, updated_at) VALUES ('d3251394-f5c8-4c75-8477-6b528a274301', 'n/a', 'Edwards AFB', 'CA', '93523', now(), now());
INSERT INTO duty_locations (id, address_id, transportation_office_id, name, affiliation, provides_services_counseling, updated_at, created_at) VALUES ('44da0493-72fa-4d62-aca6-f34b29392973', 'd3251394-f5c8-4c75-8477-6b528a274301', (SELECT t.id FROM transportation_offices AS t, addresses AS a WHERE t.address_id = a.id AND t.gbloc='KKFA' AND a.state='CA' LIMIT 1), 'Edwards AFB, CA 93523', 'AIR_FORCE', TRUE, now(), now());

--NEW
INSERT INTO addresses (id, street_address_1, city, state, postal_code, created_at, updated_at) VALUES ('87714424-d11f-426a-8660-c06db8404649', 'n/a', 'Edwards AFB', 'CA', '93524', now(), now());
INSERT INTO duty_locations (id, address_id, transportation_office_id, name, affiliation, provides_services_counseling, updated_at, created_at) VALUES ('3b8472c3-1201-4b8c-821e-0065b8fcdd89', '87714424-d11f-426a-8660-c06db8404649', (SELECT t.id FROM transportation_offices AS t, addresses AS a WHERE t.address_id = a.id AND t.gbloc='KKFA' AND a.state='CA' LIMIT 1), 'Edwards AFB, CA 93524', 'AIR_FORCE', TRUE, now(), now());

--NEW
INSERT INTO addresses (id, street_address_1, city, state, postal_code, created_at, updated_at) VALUES ('57c927b1-b7d8-4b02-93c1-683019979cbb', 'n/a', 'Houston', 'TX', '77034', now(), now());
INSERT INTO duty_locations (id, address_id, transportation_office_id, name, affiliation, provides_services_counseling, updated_at, created_at) VALUES ('ac4756be-73bc-4fb9-b9ed-b011094e4727', '57c927b1-b7d8-4b02-93c1-683019979cbb', (SELECT t.id FROM transportation_offices AS t, addresses AS a WHERE t.address_id = a.id AND t.gbloc='HAFC' AND a.state='TX' LIMIT 1), 'Ellington Field ANGB Houston, TX 77034', 'AIR_FORCE', TRUE, now(), now());

--NEW
INSERT INTO addresses (id, street_address_1, city, state, postal_code, created_at, updated_at) VALUES ('4158b42b-bd12-4ff6-a00d-4a52ba60209e', 'n/a', 'F.E. Warren AFB', 'WY', '82005', now(), now());
INSERT INTO duty_locations (id, address_id, transportation_office_id, name, affiliation, provides_services_counseling, updated_at, created_at) VALUES ('520b7015-3f81-4a33-9996-032f056c684e', '4158b42b-bd12-4ff6-a00d-4a52ba60209e', (SELECT t.id FROM transportation_offices AS t, addresses AS a WHERE t.address_id = a.id AND t.gbloc='KKFA' AND a.state='WY' LIMIT 1), 'F.E. Warren AFB, WY 82005', 'AIR_FORCE', TRUE, now(), now());

--NEW
INSERT INTO addresses (id, street_address_1, city, state, postal_code, created_at, updated_at) VALUES ('01962734-8c23-4892-9388-2f44d44ca3e1', 'n/a', 'Fairchild AFB', 'WA', '99011', now(), now());
INSERT INTO duty_locations (id, address_id, transportation_office_id, name, affiliation, provides_services_counseling, updated_at, created_at) VALUES ('87468748-59f1-4a79-bc0d-bbe319939dc9', '01962734-8c23-4892-9388-2f44d44ca3e1', (SELECT t.id FROM transportation_offices AS t, addresses AS a WHERE t.address_id = a.id AND t.gbloc='KKFA' AND a.state='WA' LIMIT 1), 'Fairchild AFB, WA 99011', 'AIR_FORCE', TRUE, now(), now());

--NEW
INSERT INTO addresses (id, street_address_1, city, state, postal_code, created_at, updated_at) VALUES ('1baf81bd-1b30-476d-b042-7bda0a990bf8', 'n/a', 'Colorado Springs', 'CO', '80913', now(), now());
INSERT INTO duty_locations (id, address_id, transportation_office_id, name, affiliation, provides_services_counseling, updated_at, created_at) VALUES ('2e842bbc-fcc1-4e1c-bfca-c047a5bb5dcc', '1baf81bd-1b30-476d-b042-7bda0a990bf8', (SELECT t.id FROM transportation_offices AS t, addresses AS a WHERE t.address_id = a.id AND t.gbloc='KKFA' AND a.state='CO' LIMIT 1), 'Fort Carson, CO 80913', 'AIR_FORCE', TRUE, now(), now());

--NEW
INSERT INTO addresses (id, street_address_1, city, state, postal_code, created_at, updated_at) VALUES ('5af9f7af-6db8-4963-b411-6a8821ee9490', 'n/a', 'Fort Cavazos', 'TX', '76544', now(), now());
INSERT INTO duty_locations (id, address_id, transportation_office_id, name, affiliation, provides_services_counseling, updated_at, created_at) VALUES ('b9cbf33a-115a-41df-9dfa-b64e945d8b8b', '5af9f7af-6db8-4963-b411-6a8821ee9490', (SELECT t.id FROM transportation_offices AS t, addresses AS a WHERE t.address_id = a.id AND t.gbloc='HBAT' AND a.state='TX' LIMIT 1), 'Fort Cavazos, TX 76544', 'ARMY', TRUE, now(), now());

--NEW
INSERT INTO addresses (id, street_address_1, city, state, postal_code, created_at, updated_at) VALUES ('920787bd-b91c-406d-b925-5443572455ab', '', 'Fort Detrick', 'MD', '21702', now(), now());
INSERT INTO duty_locations (id, address_id, transportation_office_id, name, affiliation, provides_services_counseling, updated_at, created_at) VALUES ('d928c0f7-826e-4cdc-bffe-1af43b9a6e1f', '920787bd-b91c-406d-b925-5443572455ab', (SELECT t.id FROM transportation_offices AS t, addresses AS a WHERE t.address_id = a.id AND t.gbloc='BGAC' AND a.state='MD' LIMIT 1), 'Fort Detrick, MD 21702', 'ARMY', TRUE, now(), now());

--NEW
INSERT INTO addresses (id, street_address_1, city, state, postal_code, created_at, updated_at) VALUES ('115739af-9fda-475e-9743-a8f0c8cd04de', '', 'Fort Eisenhower', 'GA', '30813', now(), now());
INSERT INTO duty_locations (id, address_id, transportation_office_id, name, affiliation, provides_services_counseling, updated_at, created_at) VALUES ('62e795f4-61a8-4cca-b59d-028345c07b89', '115739af-9fda-475e-9743-a8f0c8cd04de', (SELECT t.id FROM transportation_offices AS t, addresses AS a WHERE t.address_id = a.id AND t.gbloc='CNNQ' AND a.state='GA' LIMIT 1), 'Fort Eisenhower, GA 30813', 'ARMY', TRUE, now(), now());

--NEW
INSERT INTO addresses (id, street_address_1, city, state, postal_code, created_at, updated_at) VALUES ('12270b68-01cf-4416-8b19-125d11bc8340', 'n/a', 'Fort Gregg-Adams', 'VA', '23801', now(), now());
INSERT INTO duty_locations (id, address_id, transportation_office_id, name, affiliation, provides_services_counseling, updated_at, created_at) VALUES ('9cf15b8d-985b-4ca3-9f27-4ba32a263908', '12270b68-01cf-4416-8b19-125d11bc8340', (SELECT t.id FROM transportation_offices AS t, addresses AS a WHERE t.address_id = a.id AND t.gbloc='BGAC' AND a.state='VA' LIMIT 1), 'Fort Gregg-Adams, VA 23801', 'ARMY', TRUE, now(), now());

--NEW
INSERT INTO addresses (id, street_address_1, city, state, postal_code, created_at, updated_at) VALUES ('9c312526-a9fc-4289-812a-98524784d17a', '', 'Fort Hamilton', 'NY', '11252', now(), now());
INSERT INTO duty_locations (id, address_id, transportation_office_id, name, affiliation, provides_services_counseling, updated_at, created_at) VALUES ('c5860474-7688-4a79-8b3f-00d893962e0a', '9c312526-a9fc-4289-812a-98524784d17a', (SELECT t.id FROM transportation_offices AS t, addresses AS a WHERE t.address_id = a.id AND t.gbloc='BGAC' AND a.state='NY' LIMIT 1), 'Fort Hamilton, NY 11252', 'ARMY', TRUE, now(), now());

--NEW
INSERT INTO addresses (id, street_address_1, city, state, postal_code, created_at, updated_at) VALUES ('865bc4ae-fe76-4223-9eec-070f27a5ff4a', '', 'Fort Jackson', 'SC', '29207', now(), now());
INSERT INTO duty_locations (id, address_id, transportation_office_id, name, affiliation, provides_services_counseling, updated_at, created_at) VALUES ('bf0d30ed-0bec-4353-9d46-576a3d198c56', '865bc4ae-fe76-4223-9eec-070f27a5ff4a', (SELECT t.id FROM transportation_offices AS t, addresses AS a WHERE t.address_id = a.id AND t.gbloc='CNNQ' AND a.state='SC' LIMIT 1), 'Fort Jackson, SC 29207', 'ARMY', TRUE, now(), now());

--NEW
INSERT INTO addresses (id, street_address_1, city, state, postal_code, created_at, updated_at) VALUES ('4f25c135-be3c-4048-ac4b-a6a89e3bdd84', 'n/a', 'Fort Johnson South', 'LA', '71459', now(), now());
INSERT INTO duty_locations (id, address_id, transportation_office_id, name, affiliation, provides_services_counseling, updated_at, created_at) VALUES ('436d4efc-6f0c-409a-b940-bfaae3e3cf7b', '4f25c135-be3c-4048-ac4b-a6a89e3bdd84', (SELECT t.id FROM transportation_offices AS t, addresses AS a WHERE t.address_id = a.id AND t.gbloc='CNNQ' AND a.state='LA' LIMIT 1), 'Fort Johnson, LA 71459', 'ARMY', TRUE, now(), now());

--NEW
INSERT INTO addresses (id, street_address_1, city, state, postal_code, created_at, updated_at) VALUES ('2fa246ac-33db-4bd1-a6c4-099f60011630', '', 'Fort Leavenworth', 'KS', '66048', now(), now());
INSERT INTO duty_locations (id, address_id, transportation_office_id, name, affiliation, provides_services_counseling, updated_at, created_at) VALUES ('594460fe-c448-4b28-a113-4380ed036aa5', '2fa246ac-33db-4bd1-a6c4-099f60011630', (SELECT t.id FROM transportation_offices AS t, addresses AS a WHERE t.address_id = a.id AND t.gbloc='JEAT' AND a.state='KS' LIMIT 1), 'Fort Leavenworth, KS 66048', 'ARMY', TRUE, now(), now());

--NEW
INSERT INTO addresses (id, street_address_1, city, state, postal_code, created_at, updated_at) VALUES ('7f89d1c8-b889-4489-8ef0-f5cea496dc31', 'n/a', 'Fort Liberty', 'NC', '28307', now(), now());
INSERT INTO duty_locations (id, address_id, transportation_office_id, name, affiliation, provides_services_counseling, updated_at, created_at) VALUES ('b0ed8301-781e-4591-9364-5584a76a893b', '7f89d1c8-b889-4489-8ef0-f5cea496dc31', (SELECT t.id FROM transportation_offices AS t, addresses AS a WHERE t.address_id = a.id AND t.gbloc='BGAC' AND a.state='NC' LIMIT 1), 'Fort Liberty, NC 28307', 'ARMY', TRUE, now(), now());

--NEW
INSERT INTO addresses (id, street_address_1, city, state, postal_code, created_at, updated_at) VALUES ('3c1d8ef4-ea41-4bb6-ac54-97de5b92f459', 'n/a', 'Fort Liberty', 'NC', '28310', now(), now());
INSERT INTO duty_locations (id, address_id, transportation_office_id, name, affiliation, provides_services_counseling, updated_at, created_at) VALUES ('febd063e-89c6-4dd1-af3e-3a5a658de030', '3c1d8ef4-ea41-4bb6-ac54-97de5b92f459', (SELECT t.id FROM transportation_offices AS t, addresses AS a WHERE t.address_id = a.id AND t.gbloc='BGAC' AND a.state='NC' LIMIT 1), 'Fort Liberty, NC 28310', 'ARMY', TRUE, now(), now());

--NEW
INSERT INTO addresses (id, street_address_1, city, state, postal_code, created_at, updated_at) VALUES ('c45b35c4-641a-4fcb-823d-290bbe9f8989', 'n/a', 'Sparta', 'WI', '54656', now(), now());
INSERT INTO duty_locations (id, address_id, transportation_office_id, name, affiliation, provides_services_counseling, updated_at, created_at) VALUES ('d34d1eb3-42cf-4909-87e6-b96bbb1af69e', 'c45b35c4-641a-4fcb-823d-290bbe9f8989', (SELECT t.id FROM transportation_offices AS t, addresses AS a WHERE t.address_id = a.id AND t.gbloc='KKFA' AND a.state='WI' LIMIT 1), 'Fort McCoy, WI 54656', 'ARMY', TRUE, now(), now());

--NEW
INSERT INTO addresses (id, street_address_1, city, state, postal_code, created_at, updated_at) VALUES ('063a5141-fa01-42d8-a98c-a02af0dbb870', 'n/a', 'Fort Moore', 'GA', '31905', now(), now());
INSERT INTO duty_locations (id, address_id, transportation_office_id, name, affiliation, provides_services_counseling, updated_at, created_at) VALUES ('070a53c3-5f6f-4e04-b405-38c39cc3e029', '063a5141-fa01-42d8-a98c-a02af0dbb870', (SELECT t.id FROM transportation_offices AS t, addresses AS a WHERE t.address_id = a.id AND t.gbloc='CNNQ' AND a.state='GA' LIMIT 1), 'Fort Moore, GA 31905', 'ARMY', TRUE, now(), now());

--NEW
INSERT INTO addresses (id, street_address_1, city, state, postal_code, created_at, updated_at) VALUES ('89fe4aee-0ef8-4589-a143-3fb6fde692a9', 'n/a', 'Fort Novosel', 'AL', '36362', now(), now());
INSERT INTO duty_locations (id, address_id, transportation_office_id, name, affiliation, provides_services_counseling, updated_at, created_at) VALUES ('22142c08-e65e-4dac-937d-50a21e56160f', '89fe4aee-0ef8-4589-a143-3fb6fde692a9', (SELECT t.id FROM transportation_offices AS t, addresses AS a WHERE t.address_id = a.id AND t.gbloc='CNNQ' AND a.state='AL' LIMIT 1), 'Fort Novosel, AL 36362', 'ARMY', TRUE, now(), now());

--NEW
INSERT INTO addresses (id, street_address_1, city, state, postal_code, created_at, updated_at) VALUES ('3fdae827-df30-46e0-8186-a90858771183', 'n/a', 'Holloman AFB', 'NM', '88330', now(), now());
INSERT INTO duty_locations (id, address_id, transportation_office_id, name, affiliation, provides_services_counseling, updated_at, created_at) VALUES ('c33550d7-d862-4fe1-a81c-db1b31b777df', '3fdae827-df30-46e0-8186-a90858771183', (SELECT t.id FROM transportation_offices AS t, addresses AS a WHERE t.address_id = a.id AND t.gbloc='KKFA' AND a.state='NM' LIMIT 1), 'Holloman AFB, NM 88330', 'AIR_FORCE', TRUE, now(), now());

--NEW
INSERT INTO addresses (id, street_address_1, city, state, postal_code, created_at, updated_at) VALUES ('dc314025-b102-4375-a3d5-8a8eb496e16d', '', 'Washington', 'DC', '20032', now(), now());
INSERT INTO duty_locations (id, address_id, transportation_office_id, name, affiliation, provides_services_counseling, updated_at, created_at) VALUES ('7c469b60-fa3c-4782-a025-3ff5262cc70d', 'dc314025-b102-4375-a3d5-8a8eb496e16d', (SELECT t.id FROM transportation_offices AS t, addresses AS a WHERE t.address_id = a.id AND t.gbloc='BGAC' AND a.state='DC' LIMIT 1), 'JB Anacostia-Bolling, DC 20032', 'NAVY', TRUE, now(), now());

--NEW
INSERT INTO addresses (id, street_address_1, city, state, postal_code, created_at, updated_at) VALUES ('c3a18bb8-8983-46a0-9593-d02cfdc26cb0', 'N/A', 'Fort Eustis', 'VA', '23604', now(), now());
INSERT INTO duty_locations (id, address_id, transportation_office_id, name, affiliation, provides_services_counseling, updated_at, created_at) VALUES ('788cc724-e91b-40cf-8a68-c021c5ced84f', 'c3a18bb8-8983-46a0-9593-d02cfdc26cb0', (SELECT t.id FROM transportation_offices AS t, addresses AS a WHERE t.address_id = a.id AND t.gbloc='AGFM' AND a.state='VA' LIMIT 1), 'JB Langley-Eustis (Fort Eustis), VA 23604', 'ARMY', TRUE, now(), now());

--NEW
INSERT INTO addresses (id, street_address_1, city, state, postal_code, created_at, updated_at) VALUES ('7b7a57a9-a84a-4160-8063-a6baefb422b5', 'n/a', 'Fort Lewis', 'WA', '98433', now(), now());
INSERT INTO duty_locations (id, address_id, transportation_office_id, name, affiliation, provides_services_counseling, updated_at, created_at) VALUES ('ff90f2bb-4613-407c-bbbf-939204c263ec', '7b7a57a9-a84a-4160-8063-a6baefb422b5', (SELECT t.id FROM transportation_offices AS t, addresses AS a WHERE t.address_id = a.id AND t.gbloc='JEAT' AND a.state='WA' LIMIT 1), 'JB Lewis-McChord (Fort Lewis), WA 98433', 'ARMY', TRUE, now(), now());

--NEW
INSERT INTO addresses (id, street_address_1, city, state, postal_code, created_at, updated_at) VALUES ('082111d7-c23a-4c0c-93d2-0a873dbdf179', '', 'JB Lewis-McChord', 'WA', '98438', now(), now());
INSERT INTO duty_locations (id, address_id, transportation_office_id, name, affiliation, provides_services_counseling, updated_at, created_at) VALUES ('2679c00b-bbab-485d-bcb8-7d043d278850', '082111d7-c23a-4c0c-93d2-0a873dbdf179', (SELECT t.id FROM transportation_offices AS t, addresses AS a WHERE t.address_id = a.id AND t.gbloc='JEAT' AND a.state='WA' LIMIT 1), 'JB Lewis-McChord (McChord AFB), WA 98438', 'AIR_FORCE', TRUE, now(), now());

--NEW
INSERT INTO addresses (id, street_address_1, city, state, postal_code, created_at, updated_at) VALUES ('46ab26e7-d576-4140-afea-6c319b3a21b7', '', 'JB Andrews', 'MD', '20735', now(), now());
INSERT INTO duty_locations (id, address_id, transportation_office_id, name, affiliation, provides_services_counseling, updated_at, created_at) VALUES ('3cb479b9-5f11-429f-b78e-032c5957bea3', '46ab26e7-d576-4140-afea-6c319b3a21b7', (SELECT t.id FROM transportation_offices AS t, addresses AS a WHERE t.address_id = a.id AND t.gbloc='BGAC' AND a.state='MD' LIMIT 1), 'JB Andrews, MD 20735', 'AIR_FORCE', TRUE, now(), now());

--NEW
INSERT INTO addresses (id, street_address_1, city, state, postal_code, created_at, updated_at) VALUES ('a39adf30-e826-4c49-8835-0bc494bc3498', '', 'JB Andrews', 'MD', '20746', now(), now());
INSERT INTO duty_locations (id, address_id, transportation_office_id, name, affiliation, provides_services_counseling, updated_at, created_at) VALUES ('2406028d-8e7f-481f-855e-86603549afd4', 'a39adf30-e826-4c49-8835-0bc494bc3498', (SELECT t.id FROM transportation_offices AS t, addresses AS a WHERE t.address_id = a.id AND t.gbloc='BGAC' AND a.state='MD' LIMIT 1), 'JB Andrews, MD 20746', 'AIR_FORCE', TRUE, now(), now());

--NEW
INSERT INTO addresses (id, street_address_1, city, state, postal_code, created_at, updated_at) VALUES ('8d7183c9-0812-4bbf-8413-3afa3eb9539c', '', 'JB Andrews', 'MD', '20762', now(), now());
INSERT INTO duty_locations (id, address_id, transportation_office_id, name, affiliation, provides_services_counseling, updated_at, created_at) VALUES ('bd08785d-18cb-4ab1-a5b9-998c6df77e7c', '8d7183c9-0812-4bbf-8413-3afa3eb9539c', (SELECT t.id FROM transportation_offices AS t, addresses AS a WHERE t.address_id = a.id AND t.gbloc='BGAC' AND a.state='MD' LIMIT 1), 'JB Andrews, MD 20762', 'AIR_FORCE', TRUE, now(), now());

--NEW
INSERT INTO addresses (id, street_address_1, city, state, postal_code, created_at, updated_at) VALUES ('607be583-1188-49bf-801a-252ea5f1755f', 'n/a', 'Fort Dix', 'NJ', '08640', now(), now());
INSERT INTO duty_locations (id, address_id, transportation_office_id, name, affiliation, provides_services_counseling, updated_at, created_at) VALUES ('4b89c997-8097-4abb-a430-27f6760fc643', '607be583-1188-49bf-801a-252ea5f1755f', (SELECT t.id FROM transportation_offices AS t, addresses AS a WHERE t.address_id = a.id AND t.gbloc='AGFM' AND a.state='NJ' LIMIT 1), 'JB McGuire-Dix-Lakehurst (Fort Dix), NJ 08640', 'AIR_FORCE', TRUE, now(), now());

--NEW
INSERT INTO addresses (id, street_address_1, city, state, postal_code, created_at, updated_at) VALUES ('ffd3f50d-a049-40ae-b86e-5fcc366a28c9', 'n/a', 'Lakehurst', 'NJ', '08753', now(), now());
INSERT INTO duty_locations (id, address_id, transportation_office_id, name, affiliation, provides_services_counseling, updated_at, created_at) VALUES ('1d699a4b-85e4-4c43-a86a-2ff0d64e0cbf', 'ffd3f50d-a049-40ae-b86e-5fcc366a28c9', (SELECT t.id FROM transportation_offices AS t, addresses AS a WHERE t.address_id = a.id AND t.gbloc='AGFM' AND a.state='NJ' LIMIT 1), 'JB McGuire-Dix-Lakehurst (Lakehurst), NJ 08753', 'AIR_FORCE', TRUE, now(), now());

--NEW
INSERT INTO addresses (id, street_address_1, city, state, postal_code, created_at, updated_at) VALUES ('4ae833a9-f75b-433f-8ab0-85c27acff6a4', '3021 McGuire Blvd', 'McGuire AFB', 'NJ', '08562', now(), now());
INSERT INTO duty_locations (id, address_id, transportation_office_id, name, affiliation, provides_services_counseling, updated_at, created_at) VALUES ('7425fcb9-4f2e-4345-bb6a-bbbf7f473268', '4ae833a9-f75b-433f-8ab0-85c27acff6a4', (SELECT t.id FROM transportation_offices AS t, addresses AS a WHERE t.address_id = a.id AND t.gbloc='AGFM' AND a.state='NJ' LIMIT 1), 'JB McGuire-Dix-Lakehurst (McGuire AFB), NJ 08562', 'AIR_FORCE', TRUE, now(), now());

--NEW
INSERT INTO addresses (id, street_address_1, city, state, postal_code, created_at, updated_at) VALUES ('def37bfd-e372-4a1e-92b5-e279d53087be', '3022 McGuire Blvd', 'McGuire AFB', 'NJ', '08641', now(), now());
INSERT INTO duty_locations (id, address_id, transportation_office_id, name, affiliation, provides_services_counseling, updated_at, created_at) VALUES ('a702b3e5-b12b-47ce-bb79-870fff5a3699', 'def37bfd-e372-4a1e-92b5-e279d53087be', (SELECT t.id FROM transportation_offices AS t, addresses AS a WHERE t.address_id = a.id AND t.gbloc='AGFM' AND a.state='NJ' LIMIT 1), 'JB McGuire-Dix-Lakehurst (McGuire AFB), NJ 08641', 'AIR_FORCE', TRUE, now(), now());

--NEW
INSERT INTO addresses (id, street_address_1, city, state, postal_code, created_at, updated_at) VALUES ('40278d16-b526-4146-b900-7a9f721113fc', '', 'Arlington', 'VA', '22214', now(), now());
INSERT INTO duty_locations (id, address_id, transportation_office_id, name, affiliation, provides_services_counseling, updated_at, created_at) VALUES ('6d0e4437-e506-4e22-bf5b-1045ab43009f', '40278d16-b526-4146-b900-7a9f721113fc', (SELECT t.id FROM transportation_offices AS t, addresses AS a WHERE t.address_id = a.id AND t.gbloc='BGAC' AND a.state='VA' LIMIT 1), 'JB Myer-Henderson Hall Arlington, VA 22214', 'MARINES', TRUE, now(), now());

--NEW
INSERT INTO addresses (id, street_address_1, city, state, postal_code, created_at, updated_at) VALUES ('76eca272-7b70-4ed7-a300-0aab41622ba0', 'n/a', 'JBSA Ft Sam Houston', 'TX', '78234', now(), now());
INSERT INTO duty_locations (id, address_id, transportation_office_id, name, affiliation, provides_services_counseling, updated_at, created_at) VALUES ('fb2dce13-08f9-46e0-b584-699e0a39368d', '76eca272-7b70-4ed7-a300-0aab41622ba0', (SELECT t.id FROM transportation_offices AS t, addresses AS a WHERE t.address_id = a.id AND t.gbloc='HAFC' AND a.state='TX' LIMIT 1), 'JBSA Fort Sam Houston, TX 78234', 'ARMY', TRUE, now(), now());

--NEW
INSERT INTO addresses (id, street_address_1, city, state, postal_code, created_at, updated_at) VALUES ('bab996ce-ae7d-4eed-bb61-78c2f82648f7', 'n/a', 'Biloxi', 'MS', '39534', now(), now());
INSERT INTO duty_locations (id, address_id, transportation_office_id, name, affiliation, provides_services_counseling, updated_at, created_at) VALUES ('c6c49c5c-db92-4e61-9af7-9fbf0a5505a8', 'bab996ce-ae7d-4eed-bb61-78c2f82648f7', (SELECT t.id FROM transportation_offices AS t, addresses AS a WHERE t.address_id = a.id AND t.gbloc='HAFC' AND a.state='MS' LIMIT 1), 'Keesler AFB, MS 39534', 'AIR_FORCE', TRUE, now(), now());

--NEW
INSERT INTO addresses (id, street_address_1, city, state, postal_code, created_at, updated_at) VALUES ('96b37322-68a1-4930-9a3c-82b880f954a2', '', 'El Segundo', 'CA', '90245', now(), now());
INSERT INTO duty_locations (id, address_id, transportation_office_id, name, affiliation, provides_services_counseling, updated_at, created_at) VALUES ('e1f8cbd8-ed1f-49b5-978f-98944a4b2552', '96b37322-68a1-4930-9a3c-82b880f954a2', (SELECT t.id FROM transportation_offices AS t, addresses AS a WHERE t.address_id = a.id AND t.gbloc='KKFA' AND a.state='CA' LIMIT 1), 'Los Angeles AFB El Segundo, CA 90245', 'AIR_FORCE', TRUE, now(), now());

--NEW
INSERT INTO addresses (id, street_address_1, city, state, postal_code, created_at, updated_at) VALUES ('0d5a3975-cfac-4b6e-be6b-3be9c712b0fe', 'n/a', 'Little Rock AFB', 'AR', '72099', now(), now());
INSERT INTO duty_locations (id, address_id, transportation_office_id, name, affiliation, provides_services_counseling, updated_at, created_at) VALUES ('704d60a6-8ba6-497e-b271-ef5dffd3f7f9', '0d5a3975-cfac-4b6e-be6b-3be9c712b0fe', (SELECT t.id FROM transportation_offices AS t, addresses AS a WHERE t.address_id = a.id AND t.gbloc='HAFC' AND a.state='AR' LIMIT 1), 'Little Rock AFB, AR 72099', 'AIR_FORCE', TRUE, now(), now());

--NEW
INSERT INTO addresses (id, street_address_1, city, state, postal_code, created_at, updated_at) VALUES ('018084d1-8c53-4103-acc8-488db8c06eb9', 'n/a', 'Luke AFB', 'AZ', '85309', now(), now());
INSERT INTO duty_locations (id, address_id, transportation_office_id, name, affiliation, provides_services_counseling, updated_at, created_at) VALUES ('450ce4e6-7ee7-4e24-aa15-d2fefa6cd7d8', '018084d1-8c53-4103-acc8-488db8c06eb9', (SELECT t.id FROM transportation_offices AS t, addresses AS a WHERE t.address_id = a.id AND t.gbloc='KKFA' AND a.state='AZ' LIMIT 1), 'Luke AFB, AZ 85309', 'AIR_FORCE', TRUE, now(), now());

--NEW
INSERT INTO addresses (id, street_address_1, city, state, postal_code, created_at, updated_at) VALUES ('29695295-125c-450e-8c67-1f1f55b7eebd', 'n/a', 'MacDill AFB', 'FL', '33608', now(), now());
INSERT INTO duty_locations (id, address_id, transportation_office_id, name, affiliation, provides_services_counseling, updated_at, created_at) VALUES ('a95a2884-5902-4b54-8057-7e3a35fe982d', '29695295-125c-450e-8c67-1f1f55b7eebd', (SELECT t.id FROM transportation_offices AS t, addresses AS a WHERE t.address_id = a.id AND t.gbloc='HAFC' AND a.state='FL' LIMIT 1), 'MacDill AFB, FL 33608', 'AIR_FORCE', TRUE, now(), now());

--NEW
INSERT INTO addresses (id, street_address_1, city, state, postal_code, created_at, updated_at) VALUES ('1587540b-0bba-424d-8d70-463bca78d473', 'n/a', 'Bridgeport', 'CA', '93517', now(), now());
INSERT INTO duty_locations (id, address_id, transportation_office_id, name, affiliation, provides_services_counseling, updated_at, created_at) VALUES ('74651905-dd53-49f9-a196-6c3e9b43c734', '1587540b-0bba-424d-8d70-463bca78d473', (SELECT t.id FROM transportation_offices AS t, addresses AS a WHERE t.address_id = a.id AND t.gbloc='KKFA' AND a.state='CA' LIMIT 1), 'MCMWTC Bridgeport, CA 93517', 'MARINES', TRUE, now(), now());

--NEW
INSERT INTO addresses (id, street_address_1, city, state, postal_code, created_at, updated_at) VALUES ('be125719-4a03-47ee-9e2e-2e2f7cd2a723', 'n/a', 'Maxwell AFB', 'AL', '36112', now(), now());
INSERT INTO duty_locations (id, address_id, transportation_office_id, name, affiliation, provides_services_counseling, updated_at, created_at) VALUES ('381a7342-9c35-4f55-a613-a413049fa6d7', 'be125719-4a03-47ee-9e2e-2e2f7cd2a723', (SELECT t.id FROM transportation_offices AS t, addresses AS a WHERE t.address_id = a.id AND t.gbloc='HAFC' AND a.state='AL' LIMIT 1), 'Maxwell AFB, AL 36112', 'AIR_FORCE', TRUE, now(), now());

--NEW
INSERT INTO addresses (id, street_address_1, city, state, postal_code, created_at, updated_at) VALUES ('7eccd9bc-c48b-4822-9324-7b0baa4256d1', 'n/a', 'McAlester', 'OK', '74501', now(), now());
INSERT INTO duty_locations (id, address_id, transportation_office_id, name, affiliation, provides_services_counseling, updated_at, created_at) VALUES ('e017cd1a-a2b1-4e64-b887-e6e06e2d3f6c', '7eccd9bc-c48b-4822-9324-7b0baa4256d1', (SELECT t.id FROM transportation_offices AS t, addresses AS a WHERE t.address_id = a.id AND t.gbloc='HAFC' AND a.state='OK' LIMIT 1), 'McAlester Army Ammunition Plant, OK 74501', 'ARMY', TRUE, now(), now());

--NEW
INSERT INTO addresses (id, street_address_1, city, state, postal_code, created_at, updated_at) VALUES ('d26a3a0c-c0bd-4f11-ab23-d691b4c84e40', '', 'Yuma', 'AZ', '85369', now(), now());
INSERT INTO duty_locations (id, address_id, transportation_office_id, name, affiliation, provides_services_counseling, updated_at, created_at) VALUES ('e0a40c01-7e93-4b6a-9e61-2a320cf6e332', 'd26a3a0c-c0bd-4f11-ab23-d691b4c84e40', (SELECT t.id FROM transportation_offices AS t, addresses AS a WHERE t.address_id = a.id AND t.gbloc='LKNQ' AND a.state='AZ' LIMIT 1), 'Marine Corps AS Yuma, AZ 85369', 'MARINES', TRUE, now(), now());

--NEW
INSERT INTO addresses (id, street_address_1, city, state, postal_code, created_at, updated_at) VALUES ('803eb336-8d51-4461-a4de-58aee8a5498d', '', 'Oak Harbor', 'WA', '98278', now(), now());
INSERT INTO duty_locations (id, address_id, transportation_office_id, name, affiliation, provides_services_counseling, updated_at, created_at) VALUES ('dac0aebc-87a4-475d-92f1-cddcfef7c607', '803eb336-8d51-4461-a4de-58aee8a5498d', (SELECT t.id FROM transportation_offices AS t, addresses AS a WHERE t.address_id = a.id AND t.gbloc='JENQ' AND a.state='WA' LIMIT 1), 'NAS Whidbey Island, WA 98638', 'NAVY', TRUE, now(), now());

--NEW
INSERT INTO addresses (id, street_address_1, city, state, postal_code, created_at, updated_at) VALUES ('b68917a3-b657-41b4-be84-43d7eb0a8bfb', 'n/a', 'Corpus Christi', 'TX', '78419', now(), now());
INSERT INTO duty_locations (id, address_id, transportation_office_id, name, affiliation, provides_services_counseling, updated_at, created_at) VALUES ('e0bd6585-c828-4533-b3d0-f6a5b278269f', 'b68917a3-b657-41b4-be84-43d7eb0a8bfb', (SELECT t.id FROM transportation_offices AS t, addresses AS a WHERE t.address_id = a.id AND t.gbloc='HAFC' AND a.state='TX' LIMIT 1), 'NAS Corpus Christi, TX 78419', 'NAVY', TRUE, now(), now());

--NEW
INSERT INTO addresses (id, street_address_1, city, state, postal_code, created_at, updated_at) VALUES ('b671e15f-fd5f-4460-96a2-d2de0a353530', '', 'Fallon', 'NV', '89496', now(), now());
INSERT INTO duty_locations (id, address_id, transportation_office_id, name, affiliation, provides_services_counseling, updated_at, created_at) VALUES ('e1934d66-96b5-439c-b092-07ec27f9e67c', 'b671e15f-fd5f-4460-96a2-d2de0a353530', (SELECT t.id FROM transportation_offices AS t, addresses AS a WHERE t.address_id = a.id AND t.gbloc='LKNQ' AND a.state='NV' LIMIT 1), 'NAS Fallon, NV 89496', 'NAVY', TRUE, now(), now());

--NEW
INSERT INTO addresses (id, street_address_1, city, state, postal_code, created_at, updated_at) VALUES ('75b24668-fad3-4f7c-aab9-cd8ebe37e7b7', '', 'New Orleans', 'LA', '70143', now(), now());
INSERT INTO duty_locations (id, address_id, transportation_office_id, name, affiliation, provides_services_counseling, updated_at, created_at) VALUES ('4a7dc605-833a-47ea-904d-f751a8be1aec', '75b24668-fad3-4f7c-aab9-cd8ebe37e7b7', (SELECT t.id FROM transportation_offices AS t, addresses AS a WHERE t.address_id = a.id AND t.gbloc='CNNQ' AND a.state='LA' LIMIT 1), 'NAS JRB New Orleans, LA 70143', 'NAVY', TRUE, now(), now());

--NEW
INSERT INTO addresses (id, street_address_1, city, state, postal_code, created_at, updated_at) VALUES ('0a70eb2f-9926-4471-b336-867a24bf4175', '', 'Key West', 'FL', '33040', now(), now());
INSERT INTO duty_locations (id, address_id, transportation_office_id, name, affiliation, provides_services_counseling, updated_at, created_at) VALUES ('b06c1089-ab9a-49b3-a6fc-1bd077743db4', '0a70eb2f-9926-4471-b336-867a24bf4175', (SELECT t.id FROM transportation_offices AS t, addresses AS a WHERE t.address_id = a.id AND t.gbloc='CNNQ' AND a.state='FL' LIMIT 1), 'NAS Key West, FL 33040', 'NAVY', TRUE, now(), now());

--NEW
INSERT INTO addresses (id, street_address_1, city, state, postal_code, created_at, updated_at) VALUES ('a3344c62-d388-4ba8-9ed1-1fdd91305887', '', 'NAS Lemoore', 'CA', '93246', now(), now());
INSERT INTO duty_locations (id, address_id, transportation_office_id, name, affiliation, provides_services_counseling, updated_at, created_at) VALUES ('3e60ffbe-a87a-431f-a0d8-0e400a7df0a1', 'a3344c62-d388-4ba8-9ed1-1fdd91305887', (SELECT t.id FROM transportation_offices AS t, addresses AS a WHERE t.address_id = a.id AND t.gbloc='CNNQ' AND a.state='CA' LIMIT 1), 'NAS Lemoore, CA 93246', 'NAVY', TRUE, now(), now());

--NEW
INSERT INTO addresses (id, street_address_1, city, state, postal_code, created_at, updated_at) VALUES ('2942cf65-b7a3-4732-a98f-da033d2a64f6', '', 'Meridian', 'MS', '39302', now(), now());
INSERT INTO duty_locations (id, address_id, transportation_office_id, name, affiliation, provides_services_counseling, updated_at, created_at) VALUES ('334fecaf-abeb-49ce-99b5-81d69c8beae5', '2942cf65-b7a3-4732-a98f-da033d2a64f6', (SELECT t.id FROM transportation_offices AS t, addresses AS a WHERE t.address_id = a.id AND t.gbloc='CNNQ' AND a.state='MS' LIMIT 1), 'NAS Meridian, MS 39302', 'NAVY', TRUE, now(), now());

--NEW
INSERT INTO addresses (id, street_address_1, city, state, postal_code, created_at, updated_at) VALUES ('34365e3f-af36-4b88-a312-33b39a1f8c80', '', 'NAS Patuxent River', 'MD', '20670', now(), now());
INSERT INTO duty_locations (id, address_id, transportation_office_id, name, affiliation, provides_services_counseling, updated_at, created_at) VALUES ('52e3db3b-7900-4620-ab89-808bb0b3de0d', '34365e3f-af36-4b88-a312-33b39a1f8c80', (SELECT t.id FROM transportation_offices AS t, addresses AS a WHERE t.address_id = a.id AND t.gbloc='BGNC' AND a.state='MD' LIMIT 1), 'NAS Patuxent River, MD 20670', 'NAVY', TRUE, now(), now());

--NEW
INSERT INTO addresses (id, street_address_1, city, state, postal_code, created_at, updated_at) VALUES ('649b244f-1dd1-4020-a5e4-155b3bd9063c', '', 'NAS Pensacola', 'FL', '32508', now(), now());
INSERT INTO duty_locations (id, address_id, transportation_office_id, name, affiliation, provides_services_counseling, updated_at, created_at) VALUES ('d2c9b1d7-6c81-466c-969e-de8036146587', '649b244f-1dd1-4020-a5e4-155b3bd9063c', (SELECT t.id FROM transportation_offices AS t, addresses AS a WHERE t.address_id = a.id AND t.gbloc='CNNQ' AND a.state='FL' LIMIT 1), 'NAS Pensacola, FL 32508', 'NAVY', TRUE, now(), now());

--NEW
INSERT INTO addresses (id, street_address_1, city, state, postal_code, created_at, updated_at) VALUES ('15389fa1-4107-4ff3-8ad8-3e266735765c', '', 'China Lake', 'CA', '93555', now(), now());
INSERT INTO duty_locations (id, address_id, transportation_office_id, name, affiliation, provides_services_counseling, updated_at, created_at) VALUES ('e68eab7b-dc78-4ad0-a248-449d7f0c955a', '15389fa1-4107-4ff3-8ad8-3e266735765c', (SELECT t.id FROM transportation_offices AS t, addresses AS a WHERE t.address_id = a.id AND t.gbloc='LKNQ' AND a.state='CA' LIMIT 1), 'NAWS China Lake, CA 93555', 'NAVY', TRUE, now(), now());

--NEW
INSERT INTO addresses (id, street_address_1, city, state, postal_code, created_at, updated_at) VALUES ('6a6f6a6a-8b8e-4a3f-bca7-096e33c0727b', 'n/a', 'Gulfport', 'MS', '39501', now(), now());
INSERT INTO duty_locations (id, address_id, transportation_office_id, name, affiliation, provides_services_counseling, updated_at, created_at) VALUES ('679f98d2-ac51-41d9-8a05-05dd74f9d1c9', '6a6f6a6a-8b8e-4a3f-bca7-096e33c0727b', (SELECT t.id FROM transportation_offices AS t, addresses AS a WHERE t.address_id = a.id AND t.gbloc='HAFC' AND a.state='MS' LIMIT 1), 'NCBC Gulfport, MS 39501', 'NAVY', TRUE, now(), now());

--NEW
INSERT INTO addresses (id, street_address_1, city, state, postal_code, created_at, updated_at) VALUES ('a0781898-01de-4fbb-b0fa-28b96a130047', '', 'Everett', 'WA', '98207', now(), now());
INSERT INTO duty_locations (id, address_id, transportation_office_id, name, affiliation, provides_services_counseling, updated_at, created_at) VALUES ('880654b0-ac66-42d9-83a7-ce9a3f3281d5', 'a0781898-01de-4fbb-b0fa-28b96a130047', (SELECT t.id FROM transportation_offices AS t, addresses AS a WHERE t.address_id = a.id AND t.gbloc='JEAT' AND a.state='WA' LIMIT 1), 'NAVSTA Everett, WA 98207', 'NAVY', TRUE, now(), now());

--NEW
INSERT INTO addresses (id, street_address_1, city, state, postal_code, created_at, updated_at) VALUES ('2b072b0f-8ee2-439d-b512-bda9cfc088bc', '', 'Naval Station Newport', 'RI', '02841', now(), now());
INSERT INTO duty_locations (id, address_id, transportation_office_id, name, affiliation, provides_services_counseling, updated_at, created_at) VALUES ('924af89b-a0cd-4556-93ce-692e6d90a914', '2b072b0f-8ee2-439d-b512-bda9cfc088bc', (SELECT t.id FROM transportation_offices AS t, addresses AS a WHERE t.address_id = a.id AND t.gbloc='AGFM' AND a.state='RI' LIMIT 1), 'NAVSTA Newport, RI 02841', 'NAVY', TRUE, now(), now());

--NEW
INSERT INTO addresses (id, street_address_1, city, state, postal_code, created_at, updated_at) VALUES ('4ece7281-b18b-4031-95fa-b7761eb7d3ac', '', 'Norfolk', 'VA', '23505', now(), now());
INSERT INTO duty_locations (id, address_id, transportation_office_id, name, affiliation, provides_services_counseling, updated_at, created_at) VALUES ('023b1791-c436-4773-997d-5bdaab6e0c70', '4ece7281-b18b-4031-95fa-b7761eb7d3ac', (SELECT t.id FROM transportation_offices AS t, addresses AS a WHERE t.address_id = a.id AND t.gbloc='BGNC' AND a.state='VA' LIMIT 1), 'NS Norfolk, VA 23505', 'NAVY', TRUE, now(), now());

--NEW
INSERT INTO addresses (id, street_address_1, city, state, postal_code, created_at, updated_at) VALUES ('baeb5022-deab-466d-80b1-a29c177b2294', '', 'Groton', 'CT', '06349', now(), now());
INSERT INTO duty_locations (id, address_id, transportation_office_id, name, affiliation, provides_services_counseling, updated_at, created_at) VALUES ('e03b3503-33b2-4f59-af5e-77233950e7e5', 'baeb5022-deab-466d-80b1-a29c177b2294', (SELECT t.id FROM transportation_offices AS t, addresses AS a WHERE t.address_id = a.id AND t.gbloc='AGFM' AND a.state='CT' LIMIT 1), 'NSB New London Groton, CT 06349', 'NAVY', TRUE, now(), now());

--NEW
INSERT INTO addresses (id, street_address_1, city, state, postal_code, created_at, updated_at) VALUES ('aefc3e00-d8b2-474e-af8f-a37be9669c7c', '', 'Silverdale', 'WA', '98315', now(), now());
INSERT INTO duty_locations (id, address_id, transportation_office_id, name, affiliation, provides_services_counseling, updated_at, created_at) VALUES ('fde869af-0bb9-4b60-90c1-0a47c1d64659', 'aefc3e00-d8b2-474e-af8f-a37be9669c7c', (SELECT t.id FROM transportation_offices AS t, addresses AS a WHERE t.address_id = a.id AND t.gbloc='JEAT' AND a.state='WA' LIMIT 1), 'NAVSUP FLC Puget Sound, WA 98315', 'NAVY', TRUE, now(), now());

--NEW
INSERT INTO addresses (id, street_address_1, city, state, postal_code, created_at, updated_at) VALUES ('6c70cb98-95c5-4eb2-8f07-a29d0a46a799', '', 'Saratoga Springs', 'NY', '12866', now(), now());
INSERT INTO duty_locations (id, address_id, transportation_office_id, name, affiliation, provides_services_counseling, updated_at, created_at) VALUES ('0e5cf581-d4a4-466b-91a4-0a860ad44d19', '6c70cb98-95c5-4eb2-8f07-a29d0a46a799', (SELECT t.id FROM transportation_offices AS t, addresses AS a WHERE t.address_id = a.id AND t.gbloc='AGFM' AND a.state='NY' LIMIT 1), 'NSA Saratoga Springs, NY 12866', 'NAVY', TRUE, now(), now());

--NEW
INSERT INTO addresses (id, street_address_1, city, state, postal_code, created_at, updated_at) VALUES ('dd530efa-fbdb-4068-8864-e8a3db3028fc', '', 'Port Hueneme', 'CA', '93043', now(), now());
INSERT INTO duty_locations (id, address_id, transportation_office_id, name, affiliation, provides_services_counseling, updated_at, created_at) VALUES ('c92e7b3d-25fb-42ae-aa6f-857fa2662c31', 'dd530efa-fbdb-4068-8864-e8a3db3028fc', (SELECT t.id FROM transportation_offices AS t, addresses AS a WHERE t.address_id = a.id AND t.gbloc='LKNQ' AND a.state='CA' LIMIT 1), 'NB Ventura County Port Hueneme, CA 93043', 'NAVY', TRUE, now(), now());

--NEW
INSERT INTO addresses (id, street_address_1, city, state, postal_code, created_at, updated_at) VALUES ('8b255e16-1bcb-4b46-ac5d-fbe26bb8c212', '', 'Monterey', 'CA', '93940', now(), now());
INSERT INTO duty_locations (id, address_id, transportation_office_id, name, affiliation, provides_services_counseling, updated_at, created_at) VALUES ('df9efc27-35bc-4262-a073-70e8910461ea', '8b255e16-1bcb-4b46-ac5d-fbe26bb8c212', (SELECT t.id FROM transportation_offices AS t, addresses AS a WHERE t.address_id = a.id AND t.gbloc='LKNQ' AND a.state='CA' LIMIT 1), 'Naval Postgraduate School Monterey, CA 93940', 'NAVY', TRUE, now(), now());

--NEW
INSERT INTO addresses (id, street_address_1, city, state, postal_code, created_at, updated_at) VALUES ('68f168bd-543d-46fc-a994-7c898e6d4b4a', '', 'Bethesda', 'MD', '20889', now(), now());
INSERT INTO duty_locations (id, address_id, transportation_office_id, name, affiliation, provides_services_counseling, updated_at, created_at) VALUES ('2f5528e9-2cc3-4924-a376-6d02b038f234', '68f168bd-543d-46fc-a994-7c898e6d4b4a', (SELECT t.id FROM transportation_offices AS t, addresses AS a WHERE t.address_id = a.id AND t.gbloc='BGAC' AND a.state='MD' LIMIT 1), 'NSA Bethesda, MD 20889', 'NAVY', TRUE, now(), now());

--NEW
INSERT INTO addresses (id, street_address_1, city, state, postal_code, created_at, updated_at) VALUES ('e00790e5-2616-46bb-ae6a-eac83d205e79', '', 'Millington', 'TN', '38054', now(), now());
INSERT INTO duty_locations (id, address_id, transportation_office_id, name, affiliation, provides_services_counseling, updated_at, created_at) VALUES ('d464e3aa-4163-4a9a-93e8-ea6f5761980f', 'e00790e5-2616-46bb-ae6a-eac83d205e79', (SELECT t.id FROM transportation_offices AS t, addresses AS a WHERE t.address_id = a.id AND t.gbloc='CNNQ' AND a.state='TN' LIMIT 1), 'NSA Mid-South Millington, TN 38054', 'NAVY', TRUE, now(), now());

--NEW
INSERT INTO addresses (id, street_address_1, city, state, postal_code, created_at, updated_at) VALUES ('e14d8429-d126-431b-a406-eb8a7a512987', 'n/a', 'Panama City Beach', 'FL', '32407', now(), now());
INSERT INTO duty_locations (id, address_id, transportation_office_id, name, affiliation, provides_services_counseling, updated_at, created_at) VALUES ('3c95c3e4-4b6c-40f9-8abc-213454e612b7', 'e14d8429-d126-431b-a406-eb8a7a512987', (SELECT t.id FROM transportation_offices AS t, addresses AS a WHERE t.address_id = a.id AND t.gbloc='CNNQ' AND a.state='FL' LIMIT 1), 'NSA Panama City Panama City Beach, FL 32407', 'NAVY', TRUE, now(), now());

--NEW
INSERT INTO addresses (id, street_address_1, city, state, postal_code, created_at, updated_at) VALUES ('b98a9896-e0d4-47ab-b029-2f75d6631004', 'N/A', 'Great Lakes', 'IL', '60088', now(), now());
INSERT INTO duty_locations (id, address_id, transportation_office_id, name, affiliation, provides_services_counseling, updated_at, created_at) VALUES ('90c7f3d5-6f69-4be6-bd09-3f46703f9501', 'b98a9896-e0d4-47ab-b029-2f75d6631004', (SELECT t.id FROM transportation_offices AS t, addresses AS a WHERE t.address_id = a.id AND t.gbloc='BGNC' AND a.state='IL' LIMIT 1), 'Naval Training Center Great Lakes, IL 60088', 'NAVY', TRUE, now(), now());

--NEW
INSERT INTO addresses (id, street_address_1, city, state, postal_code, created_at, updated_at) VALUES ('83a1b793-84e4-4130-bfe0-3e446d981ea5', 'n/a', 'Patrick AFB', 'FL', '32925', now(), now());
INSERT INTO duty_locations (id, address_id, transportation_office_id, name, affiliation, provides_services_counseling, updated_at, created_at) VALUES ('de318fcf-a6a8-4602-88d3-395e38a99239', '83a1b793-84e4-4130-bfe0-3e446d981ea5', (SELECT t.id FROM transportation_offices AS t, addresses AS a WHERE t.address_id = a.id AND t.gbloc='HAFC' AND a.state='FL' LIMIT 1), 'Patrick SFB, FL 32925', 'AIR_FORCE', TRUE, now(), now());

--NEW
INSERT INTO addresses (id, street_address_1, city, state, postal_code, created_at, updated_at) VALUES ('3e951cf0-1bd4-4756-b0c1-208c75b8f41d', 'n/a', 'White Hall', 'AR', '71602', now(), now());
INSERT INTO duty_locations (id, address_id, transportation_office_id, name, affiliation, provides_services_counseling, updated_at, created_at) VALUES ('f25a6aee-c594-48c6-9f46-68a46ad18ba5', '3e951cf0-1bd4-4756-b0c1-208c75b8f41d', (SELECT t.id FROM transportation_offices AS t, addresses AS a WHERE t.address_id = a.id AND t.gbloc='HAFC' AND a.state='AR' LIMIT 1), 'Pine Bluff Arsenal White Hall, AR 71602', 'ARMY', TRUE, now(), now());

--NEW
INSERT INTO addresses (id, street_address_1, city, state, postal_code, created_at, updated_at) VALUES ('bc7b4076-7e55-47c8-b4eb-dac662159345', 'n/a', 'Colorado Springs', 'CO', '80916', now(), now());
INSERT INTO duty_locations (id, address_id, transportation_office_id, name, affiliation, provides_services_counseling, updated_at, created_at) VALUES ('6def5b0a-4afb-4c73-82fd-355278679e97', 'bc7b4076-7e55-47c8-b4eb-dac662159345', (SELECT t.id FROM transportation_offices AS t, addresses AS a WHERE t.address_id = a.id AND t.gbloc='KKFA' AND a.state='CO' LIMIT 1), 'Peterson SFB, CO 80916', 'AIR_FORCE', TRUE, now(), now());

--NEW
INSERT INTO addresses (id, street_address_1, city, state, postal_code, created_at, updated_at) VALUES ('52d8926c-c07b-4736-abb0-f0cc19dd503c', '', 'Kittery', 'ME', '03904', now(), now());
INSERT INTO duty_locations (id, address_id, transportation_office_id, name, affiliation, provides_services_counseling, updated_at, created_at) VALUES ('8a41c2a0-38f5-4df8-b720-f8560314310f', '52d8926c-c07b-4736-abb0-f0cc19dd503c', (SELECT t.id FROM transportation_offices AS t, addresses AS a WHERE t.address_id = a.id AND t.gbloc='AGFM' AND a.state='ME' LIMIT 1), 'Portsmouth Naval Shipyard Kittery, ME 03904', 'NAVY', TRUE, now(), now());

--NEW
INSERT INTO addresses (id, street_address_1, city, state, postal_code, created_at, updated_at) VALUES ('94b251cd-fdc0-4aaf-b8e5-fe4971ceff1e', 'n/a', 'Warner Robins', 'GA', '31098', now(), now());
INSERT INTO duty_locations (id, address_id, transportation_office_id, name, affiliation, provides_services_counseling, updated_at, created_at) VALUES ('0ed8ed35-730c-4c5b-8364-518a93fc10e9', '94b251cd-fdc0-4aaf-b8e5-fe4971ceff1e', (SELECT t.id FROM transportation_offices AS t, addresses AS a WHERE t.address_id = a.id AND t.gbloc='HAFC' AND a.state='GA' LIMIT 1), 'Robins AFB, GA 31098', 'AIR_FORCE', TRUE, now(), now());

--NEW
INSERT INTO addresses (id, street_address_1, city, state, postal_code, created_at, updated_at) VALUES ('c90121d9-1559-4dab-b8cd-32497b6a5075', '', 'Rock Island', 'IL', '61299', now(), now());
INSERT INTO duty_locations (id, address_id, transportation_office_id, name, affiliation, provides_services_counseling, updated_at, created_at) VALUES ('3d947e08-8d29-4a8a-bce6-5e95e069d718', 'c90121d9-1559-4dab-b8cd-32497b6a5075', (SELECT t.id FROM transportation_offices AS t, addresses AS a WHERE t.address_id = a.id AND t.gbloc='AGFM' AND a.state='IL' LIMIT 1), 'Rock Island Arsenal, IL 61299', 'ARMY', TRUE, now(), now());

--NEW
INSERT INTO addresses (id, street_address_1, city, state, postal_code, created_at, updated_at) VALUES ('1f9a8cd1-5efc-4655-9655-6a834442555d', 'n/a', 'Colorado Springs', 'CO', '80912', now(), now());
INSERT INTO duty_locations (id, address_id, transportation_office_id, name, affiliation, provides_services_counseling, updated_at, created_at) VALUES ('ee5ea675-6575-4afe-b6fc-634662b2c359', '1f9a8cd1-5efc-4655-9655-6a834442555d', (SELECT t.id FROM transportation_offices AS t, addresses AS a WHERE t.address_id = a.id AND t.gbloc='KKFA' AND a.state='CO' LIMIT 1), 'Schriever SFB, CO 80912', 'AIR_FORCE', TRUE, now(), now());

--NEW
INSERT INTO addresses (id, street_address_1, city, state, postal_code, created_at, updated_at) VALUES ('1a0a482d-6fe2-437a-9caf-d1a1fc6ba475', 'n/a', 'Colorado Springs', 'CO', '80914', now(), now());
INSERT INTO duty_locations (id, address_id, transportation_office_id, name, affiliation, provides_services_counseling, updated_at, created_at) VALUES ('2c85d8d6-00a8-44ba-a81e-2b5ee7bdfd7e', '1a0a482d-6fe2-437a-9caf-d1a1fc6ba475', (SELECT t.id FROM transportation_offices AS t, addresses AS a WHERE t.address_id = a.id AND t.gbloc='KKFA' AND a.state='CO' LIMIT 1), 'Schriever SFB, CO 80914', 'AIR_FORCE', TRUE, now(), now());

--NEW
INSERT INTO addresses (id, street_address_1, city, state, postal_code, created_at, updated_at) VALUES ('cc3bfb94-4aa4-499f-b97d-291728d5b002', 'n/a', 'Scott AFB', 'IL', '62225', now(), now());
INSERT INTO duty_locations (id, address_id, transportation_office_id, name, affiliation, provides_services_counseling, updated_at, created_at) VALUES ('d0543628-5c5f-44c1-bf05-2ae4c098daf8', 'cc3bfb94-4aa4-499f-b97d-291728d5b002', (SELECT t.id FROM transportation_offices AS t, addresses AS a WHERE t.address_id = a.id AND t.gbloc='AGFM' AND a.state='IL' LIMIT 1), 'Scott AFB, IL 62225', 'AIR_FORCE', TRUE, now(), now());

--NEW
INSERT INTO addresses (id, street_address_1, city, state, postal_code, created_at, updated_at) VALUES ('cc2a2945-f8b7-4f16-a203-7f2ddcdf3c8d', '1630 Martin St', 'Goldsboro', 'NC', '27531', now(), now());
INSERT INTO duty_locations (id, address_id, transportation_office_id, name, affiliation, provides_services_counseling, updated_at, created_at) VALUES ('59eb25a5-1246-4ecb-9fa9-b47f78583967', 'cc2a2945-f8b7-4f16-a203-7f2ddcdf3c8d', (SELECT t.id FROM transportation_offices AS t, addresses AS a WHERE t.address_id = a.id AND t.gbloc='AGFM' AND a.state='NC' LIMIT 1), 'Seymour Johnson AFB, NC 27531', 'AIR_FORCE', TRUE, now(), now());

--NEW
INSERT INTO addresses (id, street_address_1, city, state, postal_code, created_at, updated_at) VALUES ('17cf1874-680c-4edb-9212-be11b3e95747', '', 'Staten Island', 'NY', '10305', now(), now());
INSERT INTO duty_locations (id, address_id, transportation_office_id, name, affiliation, provides_services_counseling, updated_at, created_at) VALUES ('09a6084a-ff6c-42cf-9468-5dc1624e8dd0', '17cf1874-680c-4edb-9212-be11b3e95747', (SELECT t.id FROM transportation_offices AS t, addresses AS a WHERE t.address_id = a.id AND t.gbloc='BGAC' AND a.state='NY' LIMIT 1), 'USCG Sector New York Staten Island, NY 10305', 'COAST_GUARD', TRUE, now(), now());

--NEW
INSERT INTO addresses (id, street_address_1, city, state, postal_code, created_at, updated_at) VALUES ('58648b43-caaf-4fd7-9765-2178785ed079', 'n/a', 'Tooele', 'UT', '84074', now(), now());
INSERT INTO duty_locations (id, address_id, transportation_office_id, name, affiliation, provides_services_counseling, updated_at, created_at) VALUES ('de36ae41-80fe-4247-b19b-baf73f3a2fd7', '58648b43-caaf-4fd7-9765-2178785ed079', (SELECT t.id FROM transportation_offices AS t, addresses AS a WHERE t.address_id = a.id AND t.gbloc='KKFA' AND a.state='UT' LIMIT 1), 'Tooele Army Depot, UT 84074', 'ARMY', TRUE, now(), now());

--NEW
INSERT INTO addresses (id, street_address_1, city, state, postal_code, created_at, updated_at) VALUES ('febde5b6-9486-4de9-b0e4-d98f4a9e4d92', 'n/a', 'Panama City', 'FL', '32403', now(), now());
INSERT INTO duty_locations (id, address_id, transportation_office_id, name, affiliation, provides_services_counseling, updated_at, created_at) VALUES ('15397ba5-9f54-4468-98c2-fccee3b46dd2', 'febde5b6-9486-4de9-b0e4-d98f4a9e4d92', (SELECT t.id FROM transportation_offices AS t, addresses AS a WHERE t.address_id = a.id AND t.gbloc='HAFC' AND a.state='FL' LIMIT 1), 'Tyndall AFB, FL 32403', 'AIR_FORCE', TRUE, now(), now());

--NEW
INSERT INTO addresses (id, street_address_1, city, state, postal_code, created_at, updated_at) VALUES ('2d501669-2187-42c7-a837-cac517f61d5a', 'n/a', 'Usaf Academy', 'CO', '80840', now(), now());
INSERT INTO duty_locations (id, address_id, transportation_office_id, name, affiliation, provides_services_counseling, updated_at, created_at) VALUES ('979e65e0-ef55-4fd8-8c12-256d5f8408a4', '2d501669-2187-42c7-a837-cac517f61d5a', (SELECT t.id FROM transportation_offices AS t, addresses AS a WHERE t.address_id = a.id AND t.gbloc='KKFA' AND a.state='CO' LIMIT 1), 'USAF Academy, CO 80840', 'AIR_FORCE', TRUE, now(), now());

--NEW
INSERT INTO addresses (id, street_address_1, city, state, postal_code, created_at, updated_at) VALUES ('3deefcc0-a0d2-42a5-963b-bd8c35f975a0', 'n/a', 'Doral', 'FL', '33172', now(), now());
INSERT INTO duty_locations (id, address_id, transportation_office_id, name, affiliation, provides_services_counseling, updated_at, created_at) VALUES ('9c178d28-c6a3-4102-baaa-5945cf9ab063', '3deefcc0-a0d2-42a5-963b-bd8c35f975a0', (SELECT t.id FROM transportation_offices AS t, addresses AS a WHERE t.address_id = a.id AND t.gbloc='CLPK' AND a.state='FL' LIMIT 1), 'US Army Garrison-Miami Southern Command Doral, FL 33172', 'ARMY', TRUE, now(), now());

--NEW
INSERT INTO addresses (id, street_address_1, city, state, postal_code, created_at, updated_at) VALUES ('0d150353-cb00-4e8d-aa1a-f43acdd824b0', '', 'Mobile', 'AL', '36608', now(), now());
INSERT INTO duty_locations (id, address_id, transportation_office_id, name, affiliation, provides_services_counseling, updated_at, created_at) VALUES ('8f79f552-de45-4be0-af10-8df5e72e89a4', '0d150353-cb00-4e8d-aa1a-f43acdd824b0', (SELECT t.id FROM transportation_offices AS t, addresses AS a WHERE t.address_id = a.id AND t.gbloc='HAFC' AND a.state='AL' LIMIT 1), 'USCG Sector Mobile, AL 36608', 'COAST_GUARD', TRUE, now(), now());

--NEW
INSERT INTO addresses (id, street_address_1, city, state, postal_code, created_at, updated_at) VALUES ('1d7ff604-1476-484a-9d33-aaae6469dcfa', 'n/a', 'Saint Louis', 'MO', '63103', now(), now());
INSERT INTO duty_locations (id, address_id, transportation_office_id, name, affiliation, provides_services_counseling, updated_at, created_at) VALUES ('05d2e90c-6b59-4302-b314-4a8805aa7a73', '1d7ff604-1476-484a-9d33-aaae6469dcfa', (SELECT t.id FROM transportation_offices AS t, addresses AS a WHERE t.address_id = a.id AND t.gbloc='AGFM' AND a.state='MO' LIMIT 1), 'USCG Base Saint Louis, MO 63103', 'COAST_GUARD', TRUE, now(), now());

--NEW
INSERT INTO addresses (id, street_address_1, city, state, postal_code, created_at, updated_at) VALUES ('bba9f202-035f-4ee0-b514-bf8b171a405a', '', 'Washington', 'DC', '20593', now(), now());
INSERT INTO duty_locations (id, address_id, transportation_office_id, name, affiliation, provides_services_counseling, updated_at, created_at) VALUES ('ff41e7c2-0f8c-4c16-9fe6-3bebed9e1e1e', 'bba9f202-035f-4ee0-b514-bf8b171a405a', (SELECT t.id FROM transportation_offices AS t, addresses AS a WHERE t.address_id = a.id AND t.gbloc='BGAC' AND a.state='DC' LIMIT 1), 'USCG Base National Capital Region Washington, DC 20593', 'COAST_GUARD', TRUE, now(), now());

--NEW
INSERT INTO addresses (id, street_address_1, city, state, postal_code, created_at, updated_at) VALUES ('c32ae5d1-330c-412e-96dd-c4a7311a1388', '', 'Annapolis', 'MD', '21402', now(), now());
INSERT INTO duty_locations (id, address_id, transportation_office_id, name, affiliation, provides_services_counseling, updated_at, created_at) VALUES ('390ef713-8b82-4bc3-ba86-46225454cde1', 'c32ae5d1-330c-412e-96dd-c4a7311a1388', (SELECT t.id FROM transportation_offices AS t, addresses AS a WHERE t.address_id = a.id AND t.gbloc='BGNC' AND a.state='MD' LIMIT 1), 'US Naval Academy Annapolis, MD 21402', 'NAVY', TRUE, now(), now());

--NEW
INSERT INTO addresses (id, street_address_1, city, state, postal_code, created_at, updated_at) VALUES ('b8a76c3a-6cd6-4636-812b-fee893a10ea8', 'n/a', 'Enid', 'OK', '73705', now(), now());
INSERT INTO duty_locations (id, address_id, transportation_office_id, name, affiliation, provides_services_counseling, updated_at, created_at) VALUES ('2b896908-e329-4129-be53-48cd677aa8a0', 'b8a76c3a-6cd6-4636-812b-fee893a10ea8', (SELECT t.id FROM transportation_offices AS t, addresses AS a WHERE t.address_id = a.id AND t.gbloc='HAFC' AND a.state='OK' LIMIT 1), 'Vance AFB, OK 73705', 'AIR_FORCE', TRUE, now(), now());

--NEW
INSERT INTO addresses (id, street_address_1, city, state, postal_code, created_at, updated_at) VALUES ('66b9592e-d18e-4b84-9b98-94c75ad3154f', 'n/a', 'Vandenberg SFB', 'CA', '93437', now(), now());
INSERT INTO duty_locations (id, address_id, transportation_office_id, name, affiliation, provides_services_counseling, updated_at, created_at) VALUES ('e8fa27a5-3bc5-45f3-9743-f36358ee3aac', '66b9592e-d18e-4b84-9b98-94c75ad3154f', (SELECT t.id FROM transportation_offices AS t, addresses AS a WHERE t.address_id = a.id AND t.gbloc='KKFA' AND a.state='CA' LIMIT 1), 'Vandenberg SFB, CA 93437', 'AIR_FORCE', TRUE, now(), now());

--NEW
INSERT INTO addresses (id, street_address_1, city, state, postal_code, created_at, updated_at) VALUES ('036028d1-56fc-4881-ac03-b6f5e1b959f7', 'n/a', 'Whiteman AFB', 'MO', '65305', now(), now());
INSERT INTO duty_locations (id, address_id, transportation_office_id, name, affiliation, provides_services_counseling, updated_at, created_at) VALUES ('6d615a54-9681-4ca4-8dd0-ba94cf86ce64', '036028d1-56fc-4881-ac03-b6f5e1b959f7', (SELECT t.id FROM transportation_offices AS t, addresses AS a WHERE t.address_id = a.id AND t.gbloc='KKFA' AND a.state='MO' LIMIT 1), 'Whiteman AFB, MO 65305', 'AIR_FORCE', TRUE, now(), now());

--NEW
INSERT INTO addresses (id, street_address_1, city, state, postal_code, created_at, updated_at) VALUES ('d0260744-ddab-4fb7-a6f2-9d041e1042e7', '', 'Wright-Patterson AFB', 'OH', '45433', now(), now());
INSERT INTO duty_locations (id, address_id, transportation_office_id, name, affiliation, provides_services_counseling, updated_at, created_at) VALUES ('9f3c96ca-0c83-4481-a4e4-a29c818ed4de', 'd0260744-ddab-4fb7-a6f2-9d041e1042e7', (SELECT t.id FROM transportation_offices AS t, addresses AS a WHERE t.address_id = a.id AND t.gbloc='AGFM' AND a.state='OH' LIMIT 1), 'Wright-Patterson AFB, OH 45433', 'AIR_FORCE', TRUE, now(), now());

--NEW
INSERT INTO addresses (id, street_address_1, city, state, postal_code, created_at, updated_at) VALUES ('43df6263-3823-4ced-b204-f737f47c6c22', 'n/a', 'Harrisburg', 'PA', '17110', now(), now());
INSERT INTO duty_locations (id, address_id, transportation_office_id, name, affiliation, provides_services_counseling, updated_at, created_at) VALUES ('7b1860f5-0c11-4cd6-a2be-9844ad1ecd27', '43df6263-3823-4ced-b204-f737f47c6c22', (SELECT t.id FROM transportation_offices AS t, addresses AS a WHERE t.address_id = a.id AND t.gbloc='BGAC' AND a.state='PA' LIMIT 1), '25TH MAR DET 10 Harrisburg, PA 17110', 'MARINES', TRUE, now(), now());

--NEW
INSERT INTO addresses (id, street_address_1, city, state, postal_code, created_at, updated_at) VALUES ('1a7f9b19-e46b-4b2c-a636-f0d14aa1dba6', 'n/a', 'Caprivi', 'PA', '17013', now(), now());
INSERT INTO duty_locations (id, address_id, transportation_office_id, name, affiliation, provides_services_counseling, updated_at, created_at) VALUES ('9e3a2b54-03fb-457c-9957-9ebb5be9dd29', '1a7f9b19-e46b-4b2c-a636-f0d14aa1dba6', (SELECT t.id FROM transportation_offices AS t, addresses AS a WHERE t.address_id = a.id AND t.gbloc='NULL' AND a.state='PA' LIMIT 1), 'Caprivi, PA', NULL, TRUE, now(), now());

--NEW
INSERT INTO addresses (id, street_address_1, city, state, postal_code, created_at, updated_at) VALUES ('f1886329-83ca-467d-b63d-99e1c02b1b7d', 'n/a', 'Carlisle', 'PA', '17013', now(), now());
INSERT INTO duty_locations (id, address_id, transportation_office_id, name, affiliation, provides_services_counseling, updated_at, created_at) VALUES ('0d0835c8-b142-431b-9bf4-a621bf37ccd7', 'f1886329-83ca-467d-b63d-99e1c02b1b7d', (SELECT t.id FROM transportation_offices AS t, addresses AS a WHERE t.address_id = a.id AND t.gbloc='BGAC' AND a.state='PA' LIMIT 1), 'Carlisle Barracks, PA 17013', 'ARMY', TRUE, now(), now());

--NEW
INSERT INTO addresses (id, street_address_1, city, state, postal_code, created_at, updated_at) VALUES ('af4f5247-5e64-4c00-8f87-db2aa1cbc777', 'n/a', 'Glynco', 'GA', '32212', now(), now());
INSERT INTO duty_locations (id, address_id, transportation_office_id, name, affiliation, provides_services_counseling, updated_at, created_at) VALUES ('49b38b5a-2a38-4729-850c-0743ed2568f7', 'af4f5247-5e64-4c00-8f87-db2aa1cbc777', (SELECT t.id FROM transportation_offices AS t, addresses AS a WHERE t.address_id = a.id AND t.gbloc='CNNQ' AND a.state='GA' LIMIT 1), 'Federal Law Enforcement Trng Cntr Glynco, GA 32212', 'MARINES', TRUE, now(), now());

--NEW
INSERT INTO addresses (id, street_address_1, city, state, postal_code, created_at, updated_at) VALUES ('3ba69c66-2ec3-4227-99c8-9478dbc7ff78', '', 'Jacksonville', 'FL', '32212', now(), now());
INSERT INTO duty_locations (id, address_id, transportation_office_id, name, affiliation, provides_services_counseling, updated_at, created_at) VALUES ('e74bc2d1-1a7e-4800-b5ba-bde50996625b', '3ba69c66-2ec3-4227-99c8-9478dbc7ff78', (SELECT t.id FROM transportation_offices AS t, addresses AS a WHERE t.address_id = a.id AND t.gbloc='CNNQ' AND a.state='FL' LIMIT 1), 'FLC Jacksonville, FL 32212', 'NAVY', TRUE, now(), now());

--NEW
INSERT INTO addresses (id, street_address_1, city, state, postal_code, created_at, updated_at) VALUES ('4b47c78a-d458-4c7f-87e8-509b0c3e16cf', 'n/a', 'Fort Mitchell', 'KY', '41017', now(), now());
INSERT INTO duty_locations (id, address_id, transportation_office_id, name, affiliation, provides_services_counseling, updated_at, created_at) VALUES ('ee2a98c3-8549-4afc-9e49-0d32e293f002', '4b47c78a-d458-4c7f-87e8-509b0c3e16cf', (SELECT t.id FROM transportation_offices AS t, addresses AS a WHERE t.address_id = a.id AND t.gbloc='NULL' AND a.state='KY' LIMIT 1), 'Fort Mitchell, KY 41017', NULL, TRUE, now(), now());

--NEW
INSERT INTO addresses (id, street_address_1, city, state, postal_code, created_at, updated_at) VALUES ('396a0743-2ca1-4cfb-8f5f-fae69bb78908', 'n/a', 'Fort Moore', 'GA', '31995', now(), now());
INSERT INTO duty_locations (id, address_id, transportation_office_id, name, affiliation, provides_services_counseling, updated_at, created_at) VALUES ('ff5c62ac-b192-4884-9043-b75918514d52', '396a0743-2ca1-4cfb-8f5f-fae69bb78908', (SELECT t.id FROM transportation_offices AS t, addresses AS a WHERE t.address_id = a.id AND t.gbloc='NULL' AND a.state='GA' LIMIT 1), 'Fort Moore, GA 31995', NULL, TRUE, now(), now());

--NEW
INSERT INTO addresses (id, street_address_1, city, state, postal_code, created_at, updated_at) VALUES ('e3ea1bd1-4ab8-42d8-a15d-2d1ef362ceb8', 'n/a', 'Fort Walker', 'VA', '22427', now(), now());
INSERT INTO duty_locations (id, address_id, transportation_office_id, name, affiliation, provides_services_counseling, updated_at, created_at) VALUES ('df907842-6c4d-43d3-8a23-93005f9d6397', 'e3ea1bd1-4ab8-42d8-a15d-2d1ef362ceb8', (SELECT t.id FROM transportation_offices AS t, addresses AS a WHERE t.address_id = a.id AND t.gbloc='NULL' AND a.state='VA' LIMIT 1), 'Fort Walker, VA 22427', NULL, TRUE, now(), now());

--NEW
INSERT INTO addresses (id, street_address_1, city, state, postal_code, created_at, updated_at) VALUES ('bdce98bc-a5aa-4c06-b707-fac5cb967195', 'n/a', 'Charleston', 'SC', '29404', now(), now());
INSERT INTO duty_locations (id, address_id, transportation_office_id, name, affiliation, provides_services_counseling, updated_at, created_at) VALUES ('31795101-1866-4d2a-8bf2-4514cccf7601', 'bdce98bc-a5aa-4c06-b707-fac5cb967195', (SELECT t.id FROM transportation_offices AS t, addresses AS a WHERE t.address_id = a.id AND t.gbloc='AGFM' AND a.state='SC' LIMIT 1), 'JB Charleston (Charleston AFB), SC 29404', 'AIR_FORCE', TRUE, now(), now());

--NEW
INSERT INTO addresses (id, street_address_1, city, state, postal_code, created_at, updated_at) VALUES ('53288b9d-b871-4eae-9b65-0cbb5b854b20', '', 'Goose Creek', 'SC', '29445', now(), now());
INSERT INTO duty_locations (id, address_id, transportation_office_id, name, affiliation, provides_services_counseling, updated_at, created_at) VALUES ('22fba9fc-65d6-426b-9743-28ae8eb0db5a', '53288b9d-b871-4eae-9b65-0cbb5b854b20', (SELECT t.id FROM transportation_offices AS t, addresses AS a WHERE t.address_id = a.id AND t.gbloc='AGFM' AND a.state='SC' LIMIT 1), 'JB Charleston (Naval Weapons Station), SC 29445', 'NAVY', TRUE, now(), now());

--NEW
INSERT INTO addresses (id, street_address_1, city, state, postal_code, created_at, updated_at) VALUES ('d570c5d5-e48a-4f58-81b0-6baf7bebca4c', 'Joint Base Langley-Eustis', 'Hampton', 'VA', '23665', now(), now());
INSERT INTO duty_locations (id, address_id, transportation_office_id, name, affiliation, provides_services_counseling, updated_at, created_at) VALUES ('772a2408-23ef-4873-b8d1-aecff3c571eb', 'd570c5d5-e48a-4f58-81b0-6baf7bebca4c', (SELECT t.id FROM transportation_offices AS t, addresses AS a WHERE t.address_id = a.id AND t.gbloc='AGFM' AND a.state='VA' LIMIT 1), 'JB Langley-Eustis Hampton, VA 23665', 'AIR_FORCE', TRUE, now(), now());

--NEW
INSERT INTO addresses (id, street_address_1, city, state, postal_code, created_at, updated_at) VALUES ('48bcf20a-191b-4864-861e-a98aeb039cee', 'n/a', 'Fort Myer', 'VA', '22211', now(), now());
INSERT INTO duty_locations (id, address_id, transportation_office_id, name, affiliation, provides_services_counseling, updated_at, created_at) VALUES ('d7df0313-39ec-42e3-a829-a94fe9b16ab0', '48bcf20a-191b-4864-861e-a98aeb039cee', (SELECT t.id FROM transportation_offices AS t, addresses AS a WHERE t.address_id = a.id AND t.gbloc='NULL' AND a.state='VA' LIMIT 1), 'JB Myer-Henderson Hall Arlington, VA 22211', NULL, TRUE, now(), now());

--NEW
INSERT INTO addresses (id, street_address_1, city, state, postal_code, created_at, updated_at) VALUES ('1026f365-a743-448e-85c8-5d042163a780', 'n/a', 'Maplewood', 'MN', '55109', now(), now());
INSERT INTO duty_locations (id, address_id, transportation_office_id, name, affiliation, provides_services_counseling, updated_at, created_at) VALUES ('cb1af2b1-9490-4dfb-a018-ab516096aa0d', '1026f365-a743-448e-85c8-5d042163a780', (SELECT t.id FROM transportation_offices AS t, addresses AS a WHERE t.address_id = a.id AND t.gbloc='NULL' AND a.state='MN' LIMIT 1), 'Maplewood, MN 55109', NULL, TRUE, now(), now());

--NEW
INSERT INTO addresses (id, street_address_1, city, state, postal_code, created_at, updated_at) VALUES ('113af27a-7d7a-41ef-a6f3-07e20ddaad0a', 'n/a', 'March ARB', 'CA', '92518', now(), now());
INSERT INTO duty_locations (id, address_id, transportation_office_id, name, affiliation, provides_services_counseling, updated_at, created_at) VALUES ('c9e9e049-4398-4ef5-b0a3-719eebd60844', '113af27a-7d7a-41ef-a6f3-07e20ddaad0a', (SELECT t.id FROM transportation_offices AS t, addresses AS a WHERE t.address_id = a.id AND t.gbloc='NULL' AND a.state='CA' LIMIT 1), 'March ARB, CA 92518', NULL, TRUE, now(), now());

--NEW
INSERT INTO addresses (id, street_address_1, city, state, postal_code, created_at, updated_at) VALUES ('023890a0-9f7d-463e-ad5f-54328835ba8f', 'n/a', 'Margate', 'FL', '33068', now(), now());
INSERT INTO duty_locations (id, address_id, transportation_office_id, name, affiliation, provides_services_counseling, updated_at, created_at) VALUES ('12b7395f-e6a3-4416-b139-5300437a72f2', '023890a0-9f7d-463e-ad5f-54328835ba8f', (SELECT t.id FROM transportation_offices AS t, addresses AS a WHERE t.address_id = a.id AND t.gbloc='NULL' AND a.state='FL' LIMIT 1), 'Margate, FL 33068', NULL, TRUE, now(), now());

--NEW
INSERT INTO addresses (id, street_address_1, city, state, postal_code, created_at, updated_at) VALUES ('8e0f5bb6-c508-4c76-a519-465a2975cb9d', 'n/a', 'Margate', 'FL', '33073', now(), now());
INSERT INTO duty_locations (id, address_id, transportation_office_id, name, affiliation, provides_services_counseling, updated_at, created_at) VALUES ('eca7fafb-bed9-43d5-afca-4c4c67a03621', '8e0f5bb6-c508-4c76-a519-465a2975cb9d', (SELECT t.id FROM transportation_offices AS t, addresses AS a WHERE t.address_id = a.id AND t.gbloc='NULL' AND a.state='FL' LIMIT 1), 'Margate, FL 33073', NULL, TRUE, now(), now());

--NEW
INSERT INTO addresses (id, street_address_1, city, state, postal_code, created_at, updated_at) VALUES ('5d397fe3-8c8a-4d52-b51e-b138d6756698', '', 'Beaufort', 'SC', '29904', now(), now());
INSERT INTO duty_locations (id, address_id, transportation_office_id, name, affiliation, provides_services_counseling, updated_at, created_at) VALUES ('4226d1ff-3b57-4434-9b3b-33b5c026f54f', '5d397fe3-8c8a-4d52-b51e-b138d6756698', (SELECT t.id FROM transportation_offices AS t, addresses AS a WHERE t.address_id = a.id AND t.gbloc='CNNQ' AND a.state='SC' LIMIT 1), 'MCAS Beaufort, SC 29904', 'MARINES', TRUE, now(), now());

--NEW
INSERT INTO addresses (id, street_address_1, city, state, postal_code, created_at, updated_at) VALUES ('76debe67-4d6a-452a-b971-fe383676c96f', '', 'Cherry Point', 'NC', '28533', now(), now());
INSERT INTO duty_locations (id, address_id, transportation_office_id, name, affiliation, provides_services_counseling, updated_at, created_at) VALUES ('8c64d965-b8c1-43f5-9394-57fe46c2d2d9', '76debe67-4d6a-452a-b971-fe383676c96f', (SELECT t.id FROM transportation_offices AS t, addresses AS a WHERE t.address_id = a.id AND t.gbloc='CNNQ' AND a.state='NC' LIMIT 1), 'MCAS Cherry Point, NC28533', 'MARINES', TRUE, now(), now());

--NEW
INSERT INTO addresses (id, street_address_1, city, state, postal_code, created_at, updated_at) VALUES ('27586076-ced5-463a-95f2-c9fd7fa79cdb', '', 'MCB Quantico', 'VA', '22134', now(), now());
INSERT INTO duty_locations (id, address_id, transportation_office_id, name, affiliation, provides_services_counseling, updated_at, created_at) VALUES ('0efa7d10-feb9-42a9-9b74-9fb2f2a11fb7', '27586076-ced5-463a-95f2-c9fd7fa79cdb', (SELECT t.id FROM transportation_offices AS t, addresses AS a WHERE t.address_id = a.id AND t.gbloc='BGAC' AND a.state='VA' LIMIT 1), 'MCB Quantico, VA 22134', 'MARINES', TRUE, now(), now());

--NEW
INSERT INTO addresses (id, street_address_1, city, state, postal_code, created_at, updated_at) VALUES ('47d29694-ba0f-4d33-b258-12fb34ca8cab', 'n/a', 'McCall Creek', 'MS', '39647', now(), now());
INSERT INTO duty_locations (id, address_id, transportation_office_id, name, affiliation, provides_services_counseling, updated_at, created_at) VALUES ('6d93f195-4a83-4499-b34a-3aa05285b727', '47d29694-ba0f-4d33-b258-12fb34ca8cab', (SELECT t.id FROM transportation_offices AS t, addresses AS a WHERE t.address_id = a.id AND t.gbloc='NULL' AND a.state='MS' LIMIT 1), 'McCall Creek, MS 39647', NULL, TRUE, now(), now());

--NEW
INSERT INTO addresses (id, street_address_1, city, state, postal_code, created_at, updated_at) VALUES ('6d77338a-7a7c-4842-97ed-8f0dbb241c47', 'n/a', 'McClure', 'PA', '17841', now(), now());
INSERT INTO duty_locations (id, address_id, transportation_office_id, name, affiliation, provides_services_counseling, updated_at, created_at) VALUES ('02503bbd-4e4f-45b3-9987-0760154b603e', '6d77338a-7a7c-4842-97ed-8f0dbb241c47', (SELECT t.id FROM transportation_offices AS t, addresses AS a WHERE t.address_id = a.id AND t.gbloc='NULL' AND a.state='PA' LIMIT 1), 'McClure, PA 17841', NULL, TRUE, now(), now());

--NEW
INSERT INTO addresses (id, street_address_1, city, state, postal_code, created_at, updated_at) VALUES ('99a70303-f760-4a50-abfa-4af953406d4c', 'n/a', 'McConnellsburg', 'PA', '17233', now(), now());
INSERT INTO duty_locations (id, address_id, transportation_office_id, name, affiliation, provides_services_counseling, updated_at, created_at) VALUES ('98c80273-558a-43f3-be8d-f9e62190ca32', '99a70303-f760-4a50-abfa-4af953406d4c', (SELECT t.id FROM transportation_offices AS t, addresses AS a WHERE t.address_id = a.id AND t.gbloc='NULL' AND a.state='PA' LIMIT 1), 'McConnellsburg, PA 17233', NULL, TRUE, now(), now());

--NEW
INSERT INTO addresses (id, street_address_1, city, state, postal_code, created_at, updated_at) VALUES ('a4181f19-4ce8-456a-a3ed-ddb2c8c53cc1', 'n/a', 'Albany', 'GA', '31704', now(), now());
INSERT INTO duty_locations (id, address_id, transportation_office_id, name, affiliation, provides_services_counseling, updated_at, created_at) VALUES ('f070428c-d441-4d68-936d-93412f8129ec', 'a4181f19-4ce8-456a-a3ed-ddb2c8c53cc1', (SELECT t.id FROM transportation_offices AS t, addresses AS a WHERE t.address_id = a.id AND t.gbloc='CNNQ' AND a.state='GA' LIMIT 1), 'MCLB Albany, GA 31704', 'MARINES', TRUE, now(), now());

--NEW
INSERT INTO addresses (id, street_address_1, city, state, postal_code, created_at, updated_at) VALUES ('2656207b-a769-491a-89a3-a507dfd27ad0', '', 'San Diego', 'CA', '92140', now(), now());
INSERT INTO duty_locations (id, address_id, transportation_office_id, name, affiliation, provides_services_counseling, updated_at, created_at) VALUES ('3a40137a-c61d-4cf2-a5eb-ec156fce9fdc', '2656207b-a769-491a-89a3-a507dfd27ad0', (SELECT t.id FROM transportation_offices AS t, addresses AS a WHERE t.address_id = a.id AND t.gbloc='LKNQ' AND a.state='CA' LIMIT 1), 'MCRD San Diego, CA 92140', 'MARINES', TRUE, now(), now());

--NEW
INSERT INTO addresses (id, street_address_1, city, state, postal_code, created_at, updated_at) VALUES ('0647b47b-f043-47da-b37d-ff09499b20f9', 'n/a', 'Fort Douglas', 'UT', '84413', now(), now());
INSERT INTO duty_locations (id, address_id, transportation_office_id, name, affiliation, provides_services_counseling, updated_at, created_at) VALUES ('d86d7760-9aba-41de-875a-85f577007c79', '0647b47b-f043-47da-b37d-ff09499b20f9', (SELECT t.id FROM transportation_offices AS t, addresses AS a WHERE t.address_id = a.id AND t.gbloc='KKFA' AND a.state='UT' LIMIT 1), 'MEPS Fort Douglas, UT 84413', 'MARINES', TRUE, now(), now());

--NEW
INSERT INTO addresses (id, street_address_1, city, state, postal_code, created_at, updated_at) VALUES ('c610b66a-8685-4e4e-8c87-c61da40a32d0', 'n/a', 'Miami Lakes', 'FL', '33014', now(), now());
INSERT INTO duty_locations (id, address_id, transportation_office_id, name, affiliation, provides_services_counseling, updated_at, created_at) VALUES ('12e0b451-7a52-4870-aa5e-5ed0b470b77b', 'c610b66a-8685-4e4e-8c87-c61da40a32d0', (SELECT t.id FROM transportation_offices AS t, addresses AS a WHERE t.address_id = a.id AND t.gbloc='NULL' AND a.state='FL' LIMIT 1), 'Miami Lakes, FL 33014', NULL, TRUE, now(), now());

--NEW
INSERT INTO addresses (id, street_address_1, city, state, postal_code, created_at, updated_at) VALUES ('ae836b60-dfdc-4957-ba60-a4dd7d245388', 'n/a', 'Middleburg Heights', 'OH', '44130', now(), now());
INSERT INTO duty_locations (id, address_id, transportation_office_id, name, affiliation, provides_services_counseling, updated_at, created_at) VALUES ('dc90d07f-a8aa-4d09-aa16-88f06c1e844c', 'ae836b60-dfdc-4957-ba60-a4dd7d245388', (SELECT t.id FROM transportation_offices AS t, addresses AS a WHERE t.address_id = a.id AND t.gbloc='NULL' AND a.state='OH' LIMIT 1), 'Middleburg Heights, OH 44130', NULL, TRUE, now(), now());

--NEW
INSERT INTO addresses (id, street_address_1, city, state, postal_code, created_at, updated_at) VALUES ('b15ad4f4-2d64-419a-8021-972c4671aaf2', 'n/a', 'Midwest City', 'OK', '73130', now(), now());
INSERT INTO duty_locations (id, address_id, transportation_office_id, name, affiliation, provides_services_counseling, updated_at, created_at) VALUES ('7290e56e-86b5-44dc-a687-532e873597d8', 'b15ad4f4-2d64-419a-8021-972c4671aaf2', (SELECT t.id FROM transportation_offices AS t, addresses AS a WHERE t.address_id = a.id AND t.gbloc='NULL' AND a.state='OK' LIMIT 1), 'Midwest City, OK 73130', NULL, TRUE, now(), now());

--NEW
INSERT INTO addresses (id, street_address_1, city, state, postal_code, created_at, updated_at) VALUES ('5119e1b7-22f7-403b-b831-b1d61cb23bb7', '', 'Moffett Field', 'CA', '94035', now(), now());
INSERT INTO duty_locations (id, address_id, transportation_office_id, name, affiliation, provides_services_counseling, updated_at, created_at) VALUES ('9fa52891-b51b-42f6-a8ea-9be5591146e5', '5119e1b7-22f7-403b-b831-b1d61cb23bb7', (SELECT t.id FROM transportation_offices AS t, addresses AS a WHERE t.address_id = a.id AND t.gbloc='KKFA' AND a.state='CA' LIMIT 1), 'Moffett Federal Airfield, CA 94036', 'AIR_FORCE', TRUE, now(), now());

--NEW
INSERT INTO addresses (id, street_address_1, city, state, postal_code, created_at, updated_at) VALUES ('56899df4-cea5-4f9c-a567-8ea2e7ef9255', 'n/a', 'Monona', 'WI', '53716', now(), now());
INSERT INTO duty_locations (id, address_id, transportation_office_id, name, affiliation, provides_services_counseling, updated_at, created_at) VALUES ('de169d3b-9455-4fdd-aaf3-a06b54f26f2c', '56899df4-cea5-4f9c-a567-8ea2e7ef9255', (SELECT t.id FROM transportation_offices AS t, addresses AS a WHERE t.address_id = a.id AND t.gbloc='NULL' AND a.state='WI' LIMIT 1), 'Monona, WI 53716', NULL, TRUE, now(), now());

--NEW
INSERT INTO addresses (id, street_address_1, city, state, postal_code, created_at, updated_at) VALUES ('2b42b0be-a22c-4632-bfc3-3ab4364bd5ff', 'n/a', 'Chambersburg', 'PA', '17201', now(), now());
INSERT INTO duty_locations (id, address_id, transportation_office_id, name, affiliation, provides_services_counseling, updated_at, created_at) VALUES ('a2c11931-dd99-4825-bfdb-7aae87fbc42f', '2b42b0be-a22c-4632-bfc3-3ab4364bd5ff', (SELECT t.id FROM transportation_offices AS t, addresses AS a WHERE t.address_id = a.id AND t.gbloc='BGAC' AND a.state='PA' LIMIT 1), 'MSL Sys Maint Liaison, Chambersburg, PA 17201', 'MARINES', TRUE, now(), now());

--NEW
INSERT INTO addresses (id, street_address_1, city, state, postal_code, created_at, updated_at) VALUES ('59b6f765-9806-49cd-9cc2-a3910cd76e72', 'n/a', 'Naval AS JRB', 'TX', '76127', now(), now());
INSERT INTO duty_locations (id, address_id, transportation_office_id, name, affiliation, provides_services_counseling, updated_at, created_at) VALUES ('385ae74b-3f59-49e7-82f2-a4b767f047ea', '59b6f765-9806-49cd-9cc2-a3910cd76e72', (SELECT t.id FROM transportation_offices AS t, addresses AS a WHERE t.address_id = a.id AND t.gbloc='NULL' AND a.state='TX' LIMIT 1), 'Naval AS JRB, TX 76127', NULL, TRUE, now(), now());

--NEW
INSERT INTO addresses (id, street_address_1, city, state, postal_code, created_at, updated_at) VALUES ('c6a07848-8895-4f9a-bc2e-39d70f4eb1b6', 'n/a', 'Coronal', 'CA', '92878', now(), now());
INSERT INTO duty_locations (id, address_id, transportation_office_id, name, affiliation, provides_services_counseling, updated_at, created_at) VALUES ('1bb0676c-7e09-40d2-be10-74a3f0ab00b3', 'c6a07848-8895-4f9a-bc2e-39d70f4eb1b6', (SELECT t.id FROM transportation_offices AS t, addresses AS a WHERE t.address_id = a.id AND t.gbloc='LKNQ' AND a.state='CA' LIMIT 1), 'Naval Surface Warfare Center - Corona, CA 92878', 'NAVY', TRUE, now(), now());

--NEW
INSERT INTO addresses (id, street_address_1, city, state, postal_code, created_at, updated_at) VALUES ('801e4b30-d1dc-4b75-90bb-8cbef90f9a3e', 'n/a', 'San Diego', 'CA', '92136', now(), now());
INSERT INTO duty_locations (id, address_id, transportation_office_id, name, affiliation, provides_services_counseling, updated_at, created_at) VALUES ('1909123e-5914-43d4-8cb5-d03121e45750', '801e4b30-d1dc-4b75-90bb-8cbef90f9a3e', (SELECT t.id FROM transportation_offices AS t, addresses AS a WHERE t.address_id = a.id AND t.gbloc='LKNQ' AND a.state='CA' LIMIT 1), 'NAVSUP FLC San Diego, CA 92136', 'NAVY', TRUE, now(), now());

--NEW
INSERT INTO addresses (id, street_address_1, city, state, postal_code, created_at, updated_at) VALUES ('92e11d7e-68eb-4f53-8f94-20b7751c1dd3', 'n/a', 'Seal Beach', 'CA', '90740', now(), now());
INSERT INTO duty_locations (id, address_id, transportation_office_id, name, affiliation, provides_services_counseling, updated_at, created_at) VALUES ('ebe1ffcd-8c90-416a-9a41-1f669bce8f53', '92e11d7e-68eb-4f53-8f94-20b7751c1dd3', (SELECT t.id FROM transportation_offices AS t, addresses AS a WHERE t.address_id = a.id AND t.gbloc='LKNQ' AND a.state='CA' LIMIT 1), 'NAVSUP FLC Seal Beach, CA 90740', 'NAVY', TRUE, now(), now());

--NEW
INSERT INTO addresses (id, street_address_1, city, state, postal_code, created_at, updated_at) VALUES ('a305df04-3c29-42bf-ad5d-0343b776bddf', 'n/a', 'North Highlands', 'CA', '95652', now(), now());
INSERT INTO duty_locations (id, address_id, transportation_office_id, name, affiliation, provides_services_counseling, updated_at, created_at) VALUES ('c8ac6ee5-0006-4aa3-903a-80e00ba48a6d', 'a305df04-3c29-42bf-ad5d-0343b776bddf', (SELECT t.id FROM transportation_offices AS t, addresses AS a WHERE t.address_id = a.id AND t.gbloc='NULL' AND a.state='CA' LIMIT 1), 'North Highlands, CA 95652', NULL, TRUE, now(), now());

--NEW
INSERT INTO addresses (id, street_address_1, city, state, postal_code, created_at, updated_at) VALUES ('c01f8939-3a18-4bf4-8812-bf2c10af6555', 'n/a', 'North Miami Beach', 'FL', '33162', now(), now());
INSERT INTO duty_locations (id, address_id, transportation_office_id, name, affiliation, provides_services_counseling, updated_at, created_at) VALUES ('1d0bf8ea-09a5-485d-b836-b1d0261ae77f', 'c01f8939-3a18-4bf4-8812-bf2c10af6555', (SELECT t.id FROM transportation_offices AS t, addresses AS a WHERE t.address_id = a.id AND t.gbloc='NULL' AND a.state='FL' LIMIT 1), 'North Miami Beach, FL 33162', NULL, TRUE, now(), now());

--NEW
INSERT INTO addresses (id, street_address_1, city, state, postal_code, created_at, updated_at) VALUES ('148e4917-fc74-4e28-8507-337fd7de54c1', 'n/a', 'North Riverside', 'IL', '60546', now(), now());
INSERT INTO duty_locations (id, address_id, transportation_office_id, name, affiliation, provides_services_counseling, updated_at, created_at) VALUES ('a729081e-4fec-4526-aa04-d560d5d3e8a0', '148e4917-fc74-4e28-8507-337fd7de54c1', (SELECT t.id FROM transportation_offices AS t, addresses AS a WHERE t.address_id = a.id AND t.gbloc='NULL' AND a.state='IL' LIMIT 1), 'North Riverside, IL 60546', NULL, TRUE, now(), now());

--NEW
INSERT INTO addresses (id, street_address_1, city, state, postal_code, created_at, updated_at) VALUES ('93afeefa-3fc8-4a1b-bd02-a1380541b59d', 'n/a', 'Springfield', 'MO', '65804', now(), now());
INSERT INTO duty_locations (id, address_id, transportation_office_id, name, affiliation, provides_services_counseling, updated_at, created_at) VALUES ('0ebf7e87-926d-4ddc-ba41-13b989fbfcad', '93afeefa-3fc8-4a1b-bd02-a1380541b59d', (SELECT t.id FROM transportation_offices AS t, addresses AS a WHERE t.address_id = a.id AND t.gbloc='JEAT' AND a.state='MO' LIMIT 1), 'Officer Selection Team Springfield, MO 65804', 'MARINES', TRUE, now(), now());

--NEW
INSERT INTO addresses (id, street_address_1, city, state, postal_code, created_at, updated_at) VALUES ('d3fbbb36-a15d-4cf4-8156-85d99039c575', 'n/a', 'Pittsburgh', 'PA', '15137', now(), now());
INSERT INTO duty_locations (id, address_id, transportation_office_id, name, affiliation, provides_services_counseling, updated_at, created_at) VALUES ('835cd9a7-c3cb-4e58-ad4d-52edbda0a267', 'd3fbbb36-a15d-4cf4-8156-85d99039c575', (SELECT t.id FROM transportation_offices AS t, addresses AS a WHERE t.address_id = a.id AND t.gbloc='BGAC' AND a.state='PA' LIMIT 1), 'OIC USMC MCRC Pittsburgh, PA 15137', 'MARINES', TRUE, now(), now());

--NEW
INSERT INTO addresses (id, street_address_1, city, state, postal_code, created_at, updated_at) VALUES ('51d53587-8164-4931-895c-9ccde419f06c', 'n/a', 'Pace', 'FL', '32571', now(), now());
INSERT INTO duty_locations (id, address_id, transportation_office_id, name, affiliation, provides_services_counseling, updated_at, created_at) VALUES ('5991d612-072c-483b-ab51-c4e7b0b607e3', '51d53587-8164-4931-895c-9ccde419f06c', (SELECT t.id FROM transportation_offices AS t, addresses AS a WHERE t.address_id = a.id AND t.gbloc='NULL' AND a.state='FL' LIMIT 1), 'Pace, FL 32571', NULL, TRUE, now(), now());

--NEW
INSERT INTO addresses (id, street_address_1, city, state, postal_code, created_at, updated_at) VALUES ('7019d207-2786-4ab6-9a4a-0476cf68f0f3', 'n/a', 'Parkland', 'WA', '98444', now(), now());
INSERT INTO duty_locations (id, address_id, transportation_office_id, name, affiliation, provides_services_counseling, updated_at, created_at) VALUES ('b1f144e9-6d5b-46e8-990b-0ecc11afdebf', '7019d207-2786-4ab6-9a4a-0476cf68f0f3', (SELECT t.id FROM transportation_offices AS t, addresses AS a WHERE t.address_id = a.id AND t.gbloc='NULL' AND a.state='WA' LIMIT 1), 'Parkland, WA 98444', NULL, TRUE, now(), now());

--NEW
INSERT INTO addresses (id, street_address_1, city, state, postal_code, created_at, updated_at) VALUES ('cf2e14a1-404a-4576-beb3-a7a2681f1718', 'n/a', 'Parma Heights', 'OH', '44130', now(), now());
INSERT INTO duty_locations (id, address_id, transportation_office_id, name, affiliation, provides_services_counseling, updated_at, created_at) VALUES ('059d4313-485f-432a-a2cc-5357a3e9dbd1', 'cf2e14a1-404a-4576-beb3-a7a2681f1718', (SELECT t.id FROM transportation_offices AS t, addresses AS a WHERE t.address_id = a.id AND t.gbloc='NULL' AND a.state='OH' LIMIT 1), 'Parma Heights, OH 44130', NULL, TRUE, now(), now());

--NEW
INSERT INTO addresses (id, street_address_1, city, state, postal_code, created_at, updated_at) VALUES ('e1c68e70-5f21-444d-8653-bd6890f94a26', 'n/a', 'Pembroke Pines', 'FL', '33024', now(), now());
INSERT INTO duty_locations (id, address_id, transportation_office_id, name, affiliation, provides_services_counseling, updated_at, created_at) VALUES ('2df0d25d-8c40-47ea-b762-ac1f08bf2d11', 'e1c68e70-5f21-444d-8653-bd6890f94a26', (SELECT t.id FROM transportation_offices AS t, addresses AS a WHERE t.address_id = a.id AND t.gbloc='NULL' AND a.state='FL' LIMIT 1), 'Pembroke Pines, FL 33024', NULL, TRUE, now(), now());

--NEW
INSERT INTO addresses (id, street_address_1, city, state, postal_code, created_at, updated_at) VALUES ('bf2a059d-3ebb-4dc2-99b6-203d11bab2af', '', 'Redstone Arsenal', 'AL', '35898', now(), now());
INSERT INTO duty_locations (id, address_id, transportation_office_id, name, affiliation, provides_services_counseling, updated_at, created_at) VALUES ('9d982756-f462-4772-b941-aa8b5beb0cab', 'bf2a059d-3ebb-4dc2-99b6-203d11bab2af', (SELECT t.id FROM transportation_offices AS t, addresses AS a WHERE t.address_id = a.id AND t.gbloc='CNNQ' AND a.state='AL' LIMIT 1), 'Redstone Arsenal, AL 35898', 'ARMY', TRUE, now(), now());

--NEW
INSERT INTO addresses (id, street_address_1, city, state, postal_code, created_at, updated_at) VALUES ('f4fe0d9f-2c2c-4028-947c-a69106d732f4', 'n/a', 'Richmond,', 'VA', '23294', now(), now());
INSERT INTO duty_locations (id, address_id, transportation_office_id, name, affiliation, provides_services_counseling, updated_at, created_at) VALUES ('0a187a7b-21dd-4324-b588-a91bddb445f0', 'f4fe0d9f-2c2c-4028-947c-a69106d732f4', (SELECT t.id FROM transportation_offices AS t, addresses AS a WHERE t.address_id = a.id AND t.gbloc='NULL' AND a.state='VA' LIMIT 1), 'Richmond, VA 23294', NULL, TRUE, now(), now());

--NEW
INSERT INTO addresses (id, street_address_1, city, state, postal_code, created_at, updated_at) VALUES ('c70268bc-fd83-4bb7-9d8e-a3a0c65747ad', 'n/a', 'Riverside', 'OH', '45431', now(), now());
INSERT INTO duty_locations (id, address_id, transportation_office_id, name, affiliation, provides_services_counseling, updated_at, created_at) VALUES ('17ef708a-05e1-4aab-909c-414652123dbb', 'c70268bc-fd83-4bb7-9d8e-a3a0c65747ad', (SELECT t.id FROM transportation_offices AS t, addresses AS a WHERE t.address_id = a.id AND t.gbloc='NULL' AND a.state='OH' LIMIT 1), 'Riverside, OH 45431', NULL, TRUE, now(), now());

--NEW
INSERT INTO addresses (id, street_address_1, city, state, postal_code, created_at, updated_at) VALUES ('fefcda5c-96d1-461b-8dc5-12b99d470fdd', 'n/a', 'Roseville', 'MN', '55113', now(), now());
INSERT INTO duty_locations (id, address_id, transportation_office_id, name, affiliation, provides_services_counseling, updated_at, created_at) VALUES ('91016dde-030c-4583-8bb6-2ae1aed813ea', 'fefcda5c-96d1-461b-8dc5-12b99d470fdd', (SELECT t.id FROM transportation_offices AS t, addresses AS a WHERE t.address_id = a.id AND t.gbloc='NULL' AND a.state='MN' LIMIT 1), 'Roseville, MN 55113', NULL, TRUE, now(), now());

--NEW
INSERT INTO addresses (id, street_address_1, city, state, postal_code, created_at, updated_at) VALUES ('d2de4b1f-4ad7-4818-b702-05d5ccfe7775', 'n/a', 'Spokane Valley', 'WA', '99212', now(), now());
INSERT INTO duty_locations (id, address_id, transportation_office_id, name, affiliation, provides_services_counseling, updated_at, created_at) VALUES ('dcdf67ec-f43b-4d99-9b16-2a8627652ab7', 'd2de4b1f-4ad7-4818-b702-05d5ccfe7775', (SELECT t.id FROM transportation_offices AS t, addresses AS a WHERE t.address_id = a.id AND t.gbloc='NULL' AND a.state='WA' LIMIT 1), 'Spokane Valley, WA 99212', NULL, TRUE, now(), now());

--NEW
INSERT INTO addresses (id, street_address_1, city, state, postal_code, created_at, updated_at) VALUES ('e8bdb286-bb7b-47be-8b4c-2a95cc1d5cf6', 'n/a', 'Taylorsville', 'UT', '84118', now(), now());
INSERT INTO duty_locations (id, address_id, transportation_office_id, name, affiliation, provides_services_counseling, updated_at, created_at) VALUES ('67cc1bcc-0315-490c-95f7-ccd959810e42', 'e8bdb286-bb7b-47be-8b4c-2a95cc1d5cf6', (SELECT t.id FROM transportation_offices AS t, addresses AS a WHERE t.address_id = a.id AND t.gbloc='NULL' AND a.state='UT' LIMIT 1), 'Taylorsville, UT 84118', NULL, TRUE, now(), now());

--NEW
INSERT INTO addresses (id, street_address_1, city, state, postal_code, created_at, updated_at) VALUES ('6d009725-dbbb-4249-afee-fbb14fa6a53f', '2 N Rotary Rd', 'Arlington', 'VA', '22202', now(), now());
INSERT INTO duty_locations (id, address_id, transportation_office_id, name, affiliation, provides_services_counseling, updated_at, created_at) VALUES ('626b2f46-1092-47d7-be03-8c2168a0384a', '6d009725-dbbb-4249-afee-fbb14fa6a53f', (SELECT t.id FROM transportation_offices AS t, addresses AS a WHERE t.address_id = a.id AND t.gbloc='BGAC' AND a.state='VA' LIMIT 1), 'The Pentagon Arlington, VA 22202', 'AIR_FORCE', TRUE, now(), now());

--NEW
INSERT INTO addresses (id, street_address_1, city, state, postal_code, created_at, updated_at) VALUES ('5dcc640e-5ddb-47aa-871a-3f655d5974c4', 'n/a', 'Thorton', 'CO', '80229', now(), now());
INSERT INTO duty_locations (id, address_id, transportation_office_id, name, affiliation, provides_services_counseling, updated_at, created_at) VALUES ('431aafae-b879-42a5-8e34-682856352a22', '5dcc640e-5ddb-47aa-871a-3f655d5974c4', (SELECT t.id FROM transportation_offices AS t, addresses AS a WHERE t.address_id = a.id AND t.gbloc='NULL' AND a.state='CO' LIMIT 1), 'Thorton, CO 80229', NULL, TRUE, now(), now());

--NEW
INSERT INTO addresses (id, street_address_1, city, state, postal_code, created_at, updated_at) VALUES ('afa050b2-addc-4ef3-9ca8-dba30247b77f', 'n/a', 'Tinton Falls', 'NJ', '07724', now(), now());
INSERT INTO duty_locations (id, address_id, transportation_office_id, name, affiliation, provides_services_counseling, updated_at, created_at) VALUES ('5207370d-e7c2-4638-8afe-eb1461dd85d9', 'afa050b2-addc-4ef3-9ca8-dba30247b77f', (SELECT t.id FROM transportation_offices AS t, addresses AS a WHERE t.address_id = a.id AND t.gbloc='NULL' AND a.state='NJ' LIMIT 1), 'Tinton Falls, NJ 7724', NULL, TRUE, now(), now());

--NEW
INSERT INTO addresses (id, street_address_1, city, state, postal_code, created_at, updated_at) VALUES ('239112ba-78ca-46b7-a20a-9ee6a27d92ec', 'n/a', 'Tobyhanna', 'PA', '18466', now(), now());
INSERT INTO duty_locations (id, address_id, transportation_office_id, name, affiliation, provides_services_counseling, updated_at, created_at) VALUES ('0343163e-25d9-4725-a9d6-34e51f41fc5f', '239112ba-78ca-46b7-a20a-9ee6a27d92ec', (SELECT t.id FROM transportation_offices AS t, addresses AS a WHERE t.address_id = a.id AND t.gbloc='BGAC' AND a.state='PA' LIMIT 1), 'Tobyhanna Army Depot, PA 18466', 'ARMY', TRUE, now(), now());

--NEW
INSERT INTO addresses (id, street_address_1, city, state, postal_code, created_at, updated_at) VALUES ('af4123ac-2feb-491b-a2a5-161c1c61e6e6', 'n/a', 'Tukwila', 'WA', '98188', now(), now());
INSERT INTO duty_locations (id, address_id, transportation_office_id, name, affiliation, provides_services_counseling, updated_at, created_at) VALUES ('ce5b2152-3c3e-4955-b127-5cb068cd647c', 'af4123ac-2feb-491b-a2a5-161c1c61e6e6', (SELECT t.id FROM transportation_offices AS t, addresses AS a WHERE t.address_id = a.id AND t.gbloc='NULL' AND a.state='WA' LIMIT 1), 'Tukwila, WA 98188', NULL, TRUE, now(), now());

--NEW
INSERT INTO addresses (id, street_address_1, city, state, postal_code, created_at, updated_at) VALUES ('e9ecd87e-2e70-4432-a872-2e4846add9cf', 'N/A', 'COLUMBIA', 'MO', '65211', now(), now());
INSERT INTO duty_locations (id, address_id, transportation_office_id, name, affiliation, provides_services_counseling, updated_at, created_at) VALUES ('73c3a46a-6cca-4338-a486-67139a3e86df', 'e9ecd87e-2e70-4432-a872-2e4846add9cf', (SELECT t.id FROM transportation_offices AS t, addresses AS a WHERE t.address_id = a.id AND t.gbloc='JEAT' AND a.state='MO' LIMIT 1), 'University of Missouri (NROTC), Columbia, MO 65211', 'MARINES', TRUE, now(), now());

--NEW
INSERT INTO addresses (id, street_address_1, city, state, postal_code, created_at, updated_at) VALUES ('846450ab-60d7-4c0c-879b-fef57f05eaf1', 'n/a', 'Usaf Academy', 'CO', '80841', now(), now());
INSERT INTO duty_locations (id, address_id, transportation_office_id, name, affiliation, provides_services_counseling, updated_at, created_at) VALUES ('b22b36d4-224d-454d-9e13-7aa29468dfd1', '846450ab-60d7-4c0c-879b-fef57f05eaf1', (SELECT t.id FROM transportation_offices AS t, addresses AS a WHERE t.address_id = a.id AND t.gbloc='NULL' AND a.state='CO' LIMIT 1), 'USAF Academy, CO 80841', NULL, TRUE, now(), now());

--NEW
INSERT INTO addresses (id, street_address_1, city, state, postal_code, created_at, updated_at) VALUES ('d02850f8-9182-4bcb-9245-107f38b6c0c7', '', 'Alameda', 'CA', '94501', now(), now());
INSERT INTO duty_locations (id, address_id, transportation_office_id, name, affiliation, provides_services_counseling, updated_at, created_at) VALUES ('144b7208-c6da-46f0-ba97-a291e8164b27', 'd02850f8-9182-4bcb-9245-107f38b6c0c7', (SELECT t.id FROM transportation_offices AS t, addresses AS a WHERE t.address_id = a.id AND t.gbloc='LHNQ' AND a.state='CA' LIMIT 1), 'USCG Base Alameda, CA 94501', 'COAST_GUARD', TRUE, now(), now());

--NEW
INSERT INTO addresses (id, street_address_1, city, state, postal_code, created_at, updated_at) VALUES ('76c01d96-46a4-41b9-9301-373d7f99b57b', 'n/a', 'Boston', 'MA', '02109', now(), now());
INSERT INTO duty_locations (id, address_id, transportation_office_id, name, affiliation, provides_services_counseling, updated_at, created_at) VALUES ('fe22d023-426a-4ecb-a36d-681545672636', '76c01d96-46a4-41b9-9301-373d7f99b57b', (SELECT t.id FROM transportation_offices AS t, addresses AS a WHERE t.address_id = a.id AND t.gbloc='AGFM' AND a.state='MA' LIMIT 1), 'USCG Base Boston, MA 02109', 'COAST_GUARD', TRUE, now(), now());

--NEW
INSERT INTO addresses (id, street_address_1, city, state, postal_code, created_at, updated_at) VALUES ('59294bb4-902c-4da6-8661-a3f46a91c464', 'n/a', 'Charleston', 'SC', '29405', now(), now());
INSERT INTO duty_locations (id, address_id, transportation_office_id, name, affiliation, provides_services_counseling, updated_at, created_at) VALUES ('5e133fcd-ac0b-4a7d-aa06-aaee06870509', '59294bb4-902c-4da6-8661-a3f46a91c464', (SELECT t.id FROM transportation_offices AS t, addresses AS a WHERE t.address_id = a.id AND t.gbloc='AGFM' AND a.state='SC' LIMIT 1), 'USCG Base Charleston, SC 29405', 'COAST_GUARD', TRUE, now(), now());

--NEW
INSERT INTO addresses (id, street_address_1, city, state, postal_code, created_at, updated_at) VALUES ('09993593-6a75-4b25-b6ba-1a98c0748a8f', '', 'Elizabeth City', 'NC', '27909', now(), now());
INSERT INTO duty_locations (id, address_id, transportation_office_id, name, affiliation, provides_services_counseling, updated_at, created_at) VALUES ('10e775c0-407a-4fc1-810d-ae8465a779e6', '09993593-6a75-4b25-b6ba-1a98c0748a8f', (SELECT t.id FROM transportation_offices AS t, addresses AS a WHERE t.address_id = a.id AND t.gbloc='BGNC' AND a.state='NC' LIMIT 1), 'USCG Base Elizabeth City, NC 27909', 'COAST_GUARD', TRUE, now(), now());

--NEW
INSERT INTO addresses (id, street_address_1, city, state, postal_code, created_at, updated_at) VALUES ('6d2cac72-0900-46a8-ac01-c9e91d086c7a', 'n/a', 'San Pedro', 'CA', '90731', now(), now());
INSERT INTO duty_locations (id, address_id, transportation_office_id, name, affiliation, provides_services_counseling, updated_at, created_at) VALUES ('5d52de22-cdf5-4553-811f-05c38faf831f', '6d2cac72-0900-46a8-ac01-c9e91d086c7a', (SELECT t.id FROM transportation_offices AS t, addresses AS a WHERE t.address_id = a.id AND t.gbloc='LKNQ' AND a.state='CA' LIMIT 1), 'USCG Base Los Angeles/Long Beach, CA 90731', 'COAST_GUARD', TRUE, now(), now());

--NEW
INSERT INTO addresses (id, street_address_1, city, state, postal_code, created_at, updated_at) VALUES ('153c89a5-ca13-446b-9b5e-e9ea982883e5', '', 'Miami', 'FL', '33177', now(), now());
INSERT INTO duty_locations (id, address_id, transportation_office_id, name, affiliation, provides_services_counseling, updated_at, created_at) VALUES ('f27a5640-8cad-4e60-b8ba-f14407eb5c10', '153c89a5-ca13-446b-9b5e-e9ea982883e5', (SELECT t.id FROM transportation_offices AS t, addresses AS a WHERE t.address_id = a.id AND t.gbloc='CLPK' AND a.state='FL' LIMIT 1), 'USCG Base Miami Beach, FL 33177', 'COAST_GUARD', TRUE, now(), now());

--NEW
INSERT INTO addresses (id, street_address_1, city, state, postal_code, created_at, updated_at) VALUES ('ec5b85a2-70ff-4777-a6b5-dba2f05d1236', '', 'Portsmouth', 'VA', '23703', now(), now());
INSERT INTO duty_locations (id, address_id, transportation_office_id, name, affiliation, provides_services_counseling, updated_at, created_at) VALUES ('c7469fff-8c8b-45b6-8018-a816f37d3b72', 'ec5b85a2-70ff-4777-a6b5-dba2f05d1236', (SELECT t.id FROM transportation_offices AS t, addresses AS a WHERE t.address_id = a.id AND t.gbloc='BGNC' AND a.state='VA' LIMIT 1), 'USCG Base Portsmouth, VA 23703', 'COAST_GUARD', TRUE, now(), now());

--NEW
INSERT INTO addresses (id, street_address_1, city, state, postal_code, created_at, updated_at) VALUES ('592b39f2-4ee4-45b5-bfa9-099110b480e3', '', 'Seattle', 'WA', '98134', now(), now());
INSERT INTO duty_locations (id, address_id, transportation_office_id, name, affiliation, provides_services_counseling, updated_at, created_at) VALUES ('1bc85d60-8ca2-4e82-9f67-bc64942532b6', '592b39f2-4ee4-45b5-bfa9-099110b480e3', (SELECT t.id FROM transportation_offices AS t, addresses AS a WHERE t.address_id = a.id AND t.gbloc='JEAT' AND a.state='WA' LIMIT 1), 'USCG Base Seattle, WA 98134', 'COAST_GUARD', TRUE, now(), now());

--NEW
INSERT INTO addresses (id, street_address_1, city, state, postal_code, created_at, updated_at) VALUES ('2f630372-aff7-424c-bf77-c6eb6bd1a482', 'n/a', 'Samoa', 'CA', '95519', now(), now());
INSERT INTO duty_locations (id, address_id, transportation_office_id, name, affiliation, provides_services_counseling, updated_at, created_at) VALUES ('68aa6b57-2ea2-4ff6-a4a7-7347aa2fb5fb', '2f630372-aff7-424c-bf77-c6eb6bd1a482', (SELECT t.id FROM transportation_offices AS t, addresses AS a WHERE t.address_id = a.id AND t.gbloc='KKFA' AND a.state='CA' LIMIT 1), 'USCG Sector Humboldt Bay, CA 95519', 'COAST_GUARD', TRUE, now(), now());

--NEW
INSERT INTO addresses (id, street_address_1, city, state, postal_code, created_at, updated_at) VALUES ('18cc1d96-4dcd-48f8-bcee-71b28f0f7cd0', 'n/a', 'Cape May', 'NJ', '08204', now(), now());
INSERT INTO duty_locations (id, address_id, transportation_office_id, name, affiliation, provides_services_counseling, updated_at, created_at) VALUES ('c4c9b539-debf-4f26-aecf-5f2c4ee509e7', '18cc1d96-4dcd-48f8-bcee-71b28f0f7cd0', (SELECT t.id FROM transportation_offices AS t, addresses AS a WHERE t.address_id = a.id AND t.gbloc='AGFM' AND a.state='NJ' LIMIT 1), 'USCG Training Center Cape May, NJ 08204', 'COAST_GUARD', TRUE, now(), now());

--NEW
INSERT INTO addresses (id, street_address_1, city, state, postal_code, created_at, updated_at) VALUES ('903ff093-3053-4514-9859-03088c0fac88', '', 'Petaluma', 'CA', '94952', now(), now());
INSERT INTO duty_locations (id, address_id, transportation_office_id, name, affiliation, provides_services_counseling, updated_at, created_at) VALUES ('f55ef88f-cee3-47e0-ba3b-29115ada24d5', '903ff093-3053-4514-9859-03088c0fac88', (SELECT t.id FROM transportation_offices AS t, addresses AS a WHERE t.address_id = a.id AND t.gbloc='LHNQ' AND a.state='CA' LIMIT 1), 'USCG Training Center Petaluma, CA 94952', 'COAST_GUARD', TRUE, now(), now());

--NEW
INSERT INTO addresses (id, street_address_1, city, state, postal_code, created_at, updated_at) VALUES ('17342e09-c471-464e-95ed-af5c28bcc0bd', 'n/a', 'Yorktown', 'VA', '23690', now(), now());
INSERT INTO duty_locations (id, address_id, transportation_office_id, name, affiliation, provides_services_counseling, updated_at, created_at) VALUES ('0f5442a5-e528-448f-a8e4-77cc8a5f8a0f', '17342e09-c471-464e-95ed-af5c28bcc0bd', (SELECT t.id FROM transportation_offices AS t, addresses AS a WHERE t.address_id = a.id AND t.gbloc='AGFM' AND a.state='VA' LIMIT 1), 'USCG Training Center Yorktown, VA 23690', 'COAST_GUARD', TRUE, now(), now());

--NEW
INSERT INTO addresses (id, street_address_1, city, state, postal_code, created_at, updated_at) VALUES ('872050a2-7850-4a2a-908f-5999a90f2bc5', '', 'Miramar', 'CA', '92145', now(), now());
INSERT INTO duty_locations (id, address_id, transportation_office_id, name, affiliation, provides_services_counseling, updated_at, created_at) VALUES ('7a39a6c0-dc6d-4215-ac87-5d534763552e', '872050a2-7850-4a2a-908f-5999a90f2bc5', (SELECT t.id FROM transportation_offices AS t, addresses AS a WHERE t.address_id = a.id AND t.gbloc='LKNQ' AND a.state='CA' LIMIT 1), 'USMC Miramar, CA 92145', 'MARINES', TRUE, now(), now());

--NEW
INSERT INTO addresses (id, street_address_1, city, state, postal_code, created_at, updated_at) VALUES ('e30ecf5a-c79a-4004-86cc-c358b08a2f43', 'n/a', 'Mechanicsburg', 'PA', '17055', now(), now());
INSERT INTO duty_locations (id, address_id, transportation_office_id, name, affiliation, provides_services_counseling, updated_at, created_at) VALUES ('dc77746b-7295-48fb-97c5-2c9f7df8e591', 'e30ecf5a-c79a-4004-86cc-c358b08a2f43', (SELECT t.id FROM transportation_offices AS t, addresses AS a WHERE t.address_id = a.id AND t.gbloc='BGAC' AND a.state='PA' LIMIT 1), 'USN Ships Parts Control Center Mechanicsburg, PA 17055', 'MARINES', TRUE, now(), now());

--NEW
INSERT INTO addresses (id, street_address_1, city, state, postal_code, created_at, updated_at) VALUES ('eb726ace-5c15-47b0-beb2-92d00a230e76', 'n/a', 'Valdosta', 'GA', '31699', now(), now());
INSERT INTO duty_locations (id, address_id, transportation_office_id, name, affiliation, provides_services_counseling, updated_at, created_at) VALUES ('8780cc24-dc83-4ad8-be7f-208d03760f67', 'eb726ace-5c15-47b0-beb2-92d00a230e76', (SELECT t.id FROM transportation_offices AS t, addresses AS a WHERE t.address_id = a.id AND t.gbloc='NULL' AND a.state='GA' LIMIT 1), 'Valdosta, GA 31699', NULL, TRUE, now(), now());

--NEW
INSERT INTO addresses (id, street_address_1, city, state, postal_code, created_at, updated_at) VALUES ('5445b01f-5fe0-429d-97bf-7bcc7368afe3', 'n/a', 'Vernon', 'CT', '06066', now(), now());
INSERT INTO duty_locations (id, address_id, transportation_office_id, name, affiliation, provides_services_counseling, updated_at, created_at) VALUES ('45b12ca8-505d-4bcb-bdc7-283c56946ffe', '5445b01f-5fe0-429d-97bf-7bcc7368afe3', (SELECT t.id FROM transportation_offices AS t, addresses AS a WHERE t.address_id = a.id AND t.gbloc='NULL' AND a.state='CT' LIMIT 1), 'Vernon, CT 6066', NULL, TRUE, now(), now());

--NEW
INSERT INTO addresses (id, street_address_1, city, state, postal_code, created_at, updated_at) VALUES ('59c6b516-a1ae-47b0-b8f2-aaeb7af83395', 'n/a', 'Waco', 'TX', '76712', now(), now());
INSERT INTO duty_locations (id, address_id, transportation_office_id, name, affiliation, provides_services_counseling, updated_at, created_at) VALUES ('eb51ebd7-6ad0-4b21-ba3b-5b4dea36c501', '59c6b516-a1ae-47b0-b8f2-aaeb7af83395', (SELECT t.id FROM transportation_offices AS t, addresses AS a WHERE t.address_id = a.id AND t.gbloc='NULL' AND a.state='TX' LIMIT 1), 'Waco, TX 76712', NULL, TRUE, now(), now());

--NEW
INSERT INTO addresses (id, street_address_1, city, state, postal_code, created_at, updated_at) VALUES ('f5a7ea4d-0640-4b09-9cb3-c89bd853c47a', 'n/a', 'Wauwatosa', 'WI', '53226', now(), now());
INSERT INTO duty_locations (id, address_id, transportation_office_id, name, affiliation, provides_services_counseling, updated_at, created_at) VALUES ('32156836-cf39-4f2a-a83a-b64a725f2de0', 'f5a7ea4d-0640-4b09-9cb3-c89bd853c47a', (SELECT t.id FROM transportation_offices AS t, addresses AS a WHERE t.address_id = a.id AND t.gbloc='NULL' AND a.state='WI' LIMIT 1), 'Wauwatosa, WI 53226', NULL, TRUE, now(), now());

--NEW
INSERT INTO addresses (id, street_address_1, city, state, postal_code, created_at, updated_at) VALUES ('7119f57c-0fbb-4f19-9b7a-535568725215', 'n/a', 'Williamsville', 'NY', '14221', now(), now());
INSERT INTO duty_locations (id, address_id, transportation_office_id, name, affiliation, provides_services_counseling, updated_at, created_at) VALUES ('e9867e22-de68-4aba-877e-f727f398f26b', '7119f57c-0fbb-4f19-9b7a-535568725215', (SELECT t.id FROM transportation_offices AS t, addresses AS a WHERE t.address_id = a.id AND t.gbloc='NULL' AND a.state='NY' LIMIT 1), 'Williamsville, NY 14221', NULL, TRUE, now(), now());

--NEW
INSERT INTO addresses (id, street_address_1, city, state, postal_code, created_at, updated_at) VALUES ('d39fc0c2-21b8-4a44-b1b4-f17ba2cfbde6', 'n/a', 'Wintersville', 'OH', '43953', now(), now());
INSERT INTO duty_locations (id, address_id, transportation_office_id, name, affiliation, provides_services_counseling, updated_at, created_at) VALUES ('6004a187-b646-4377-a720-3720ba5e0c69', 'd39fc0c2-21b8-4a44-b1b4-f17ba2cfbde6', (SELECT t.id FROM transportation_offices AS t, addresses AS a WHERE t.address_id = a.id AND t.gbloc='NULL' AND a.state='OH' LIMIT 1), 'Wintersville, OH 43953', NULL, TRUE, now(), now());

--NEW
INSERT INTO addresses (id, street_address_1, city, state, postal_code, created_at, updated_at) VALUES ('8af69676-139e-40bb-ab82-bd9b882a7b03', 'n/a', 'Wyomissing', 'PA', '19610', now(), now());
INSERT INTO duty_locations (id, address_id, transportation_office_id, name, affiliation, provides_services_counseling, updated_at, created_at) VALUES ('95f2e409-1b7c-4848-b350-4c8540470137', '8af69676-139e-40bb-ab82-bd9b882a7b03', (SELECT t.id FROM transportation_offices AS t, addresses AS a WHERE t.address_id = a.id AND t.gbloc='NULL' AND a.state='PA' LIMIT 1), 'Wyomissing, PA 19610', NULL, TRUE, now(), now());

--NEW
INSERT INTO addresses (id, street_address_1, city, state, postal_code, created_at, updated_at) VALUES ('9c8266ca-3caa-43f2-8a22-3800dc8b8a35', 'n/a', 'Yuma', 'AZ', '85365', now(), now());
INSERT INTO duty_locations (id, address_id, transportation_office_id, name, affiliation, provides_services_counseling, updated_at, created_at) VALUES ('892a8b54-2a79-4609-9c3c-5bc2c9658a7f', '9c8266ca-3caa-43f2-8a22-3800dc8b8a35', (SELECT t.id FROM transportation_offices AS t, addresses AS a WHERE t.address_id = a.id AND t.gbloc='LKNQ' AND a.state='AZ' LIMIT 1), 'Yuma Proving Ground Yuma, AZ 85365', 'ARMY', TRUE, now(), now());

-- MERGE
UPDATE orders SET origin_duty_location_id='7b1860f5-0c11-4cd6-a2be-9844ad1ecd27' WHERE origin_duty_location_id=(SELECT id from duty_locations where name = 'E CO 2ND BN 25TH MAR DET 10 (1018-1019)');
UPDATE orders SET new_duty_location_id='7b1860f5-0c11-4cd6-a2be-9844ad1ecd27' WHERE new_duty_location_id=(SELECT id from duty_locations where name = 'E CO 2ND BN 25TH MAR DET 10 (1018-1019)');
UPDATE service_members SET duty_location_id='7b1860f5-0c11-4cd6-a2be-9844ad1ecd27' WHERE duty_location_id=(SELECT id from duty_locations where name = 'E CO 2ND BN 25TH MAR DET 10 (1018-1019)');
UPDATE duty_location_names SET duty_location_id = '7b1860f5-0c11-4cd6-a2be-9844ad1ecd27' WHERE duty_location_id=(SELECT id from duty_locations where name = 'E CO 2ND BN 25TH MAR DET 10 (1018-1019)');
UPDATE duty_locations SET transportation_office_id=to_id, affiliation=aff FROM (SELECT transportation_office_id as to_id, affiliation as aff FROM duty_locations where id=(SELECT id from duty_locations where name = 'E CO 2ND BN 25TH MAR DET 10 (1018-1019)')) dl WHERE id='7b1860f5-0c11-4cd6-a2be-9844ad1ecd27';
DELETE FROM duty_locations WHERE id=(SELECT id from duty_locations where name = 'E CO 2ND BN 25TH MAR DET 10 (1018-1019)');

-- Remove existing associated duty_location_names
-- Delete old duty_location_names
DELETE FROM duty_location_names where name = 'E CO 2ND BN 25TH MAR DET 10 (1018-1019)';
-- Insert new duty_location_names
INSERT INTO duty_location_names (id, name, duty_location_id, created_at, updated_at) VALUES('bda87f1d-a479-4b25-8e6a-5631d08eb86d', 'E CO 2ND BN 25TH MAR DET 10 (1018-1019)', '7b1860f5-0c11-4cd6-a2be-9844ad1ecd27', now(), now());
-- MERGE
UPDATE orders SET origin_duty_location_id='49b38b5a-2a38-4729-850c-0743ed2568f7' WHERE origin_duty_location_id=(SELECT id from duty_locations where name = 'FEDERAL LAW ENFORCEMENT TRNG CTR');
UPDATE orders SET new_duty_location_id='49b38b5a-2a38-4729-850c-0743ed2568f7' WHERE new_duty_location_id=(SELECT id from duty_locations where name = 'FEDERAL LAW ENFORCEMENT TRNG CTR');
UPDATE service_members SET duty_location_id='49b38b5a-2a38-4729-850c-0743ed2568f7' WHERE duty_location_id=(SELECT id from duty_locations where name = 'FEDERAL LAW ENFORCEMENT TRNG CTR');
UPDATE duty_location_names SET duty_location_id = '49b38b5a-2a38-4729-850c-0743ed2568f7' WHERE duty_location_id=(SELECT id from duty_locations where name = 'FEDERAL LAW ENFORCEMENT TRNG CTR');
UPDATE duty_locations SET transportation_office_id=to_id, affiliation=aff FROM (SELECT transportation_office_id as to_id, affiliation as aff FROM duty_locations where id=(SELECT id from duty_locations where name = 'FEDERAL LAW ENFORCEMENT TRNG CTR')) dl WHERE id='49b38b5a-2a38-4729-850c-0743ed2568f7';
DELETE FROM duty_locations WHERE id=(SELECT id from duty_locations where name = 'FEDERAL LAW ENFORCEMENT TRNG CTR');

-- Remove existing associated duty_location_names
-- Delete old duty_location_names
DELETE FROM duty_location_names where name = 'FEDERAL LAW ENFORCEMENT TRNG CTR';
-- Insert new duty_location_names
INSERT INTO duty_location_names (id, name, duty_location_id, created_at, updated_at) VALUES('1168ebb2-73d4-457d-a41f-266018370871', 'FEDERAL LAW ENFORCEMENT TRNG CTR', '49b38b5a-2a38-4729-850c-0743ed2568f7', now(), now());
-- MERGE
UPDATE orders SET origin_duty_location_id='135ee34d-9cf5-4497-ad9c-1b2225b3037f' WHERE origin_duty_location_id=(SELECT id from duty_locations where name = 'Fort George G. Meade');
UPDATE orders SET new_duty_location_id='135ee34d-9cf5-4497-ad9c-1b2225b3037f' WHERE new_duty_location_id=(SELECT id from duty_locations where name = 'Fort George G. Meade');
UPDATE service_members SET duty_location_id='135ee34d-9cf5-4497-ad9c-1b2225b3037f' WHERE duty_location_id=(SELECT id from duty_locations where name = 'Fort George G. Meade');
UPDATE duty_location_names SET duty_location_id = '135ee34d-9cf5-4497-ad9c-1b2225b3037f' WHERE duty_location_id=(SELECT id from duty_locations where name = 'Fort George G. Meade');
UPDATE duty_locations SET transportation_office_id=to_id, affiliation=aff FROM (SELECT transportation_office_id as to_id, affiliation as aff FROM duty_locations where id=(SELECT id from duty_locations where name = 'Fort George G. Meade')) dl WHERE id='135ee34d-9cf5-4497-ad9c-1b2225b3037f';
DELETE FROM duty_locations WHERE id=(SELECT id from duty_locations where name = 'Fort George G. Meade');

-- Remove existing associated duty_location_names
-- Delete old duty_location_names
DELETE FROM duty_location_names where name = 'Fort George G. Meade';
-- Insert new duty_location_names
INSERT INTO duty_location_names (id, name, duty_location_id, created_at, updated_at) VALUES('0f0d915e-dc80-4a78-aae7-b774dcb6eafd', 'Fort George G. Meade', '135ee34d-9cf5-4497-ad9c-1b2225b3037f', now(), now());
-- MERGE
UPDATE orders SET origin_duty_location_id='df907842-6c4d-43d3-8a23-93005f9d6397' WHERE origin_duty_location_id=(SELECT id from duty_locations where name = 'Fort Walker');
UPDATE orders SET new_duty_location_id='df907842-6c4d-43d3-8a23-93005f9d6397' WHERE new_duty_location_id=(SELECT id from duty_locations where name = 'Fort Walker');
UPDATE service_members SET duty_location_id='df907842-6c4d-43d3-8a23-93005f9d6397' WHERE duty_location_id=(SELECT id from duty_locations where name = 'Fort Walker');
UPDATE duty_location_names SET duty_location_id = 'df907842-6c4d-43d3-8a23-93005f9d6397' WHERE duty_location_id=(SELECT id from duty_locations where name = 'Fort Walker');
UPDATE duty_locations SET transportation_office_id=to_id, affiliation=aff FROM (SELECT transportation_office_id as to_id, affiliation as aff FROM duty_locations where id=(SELECT id from duty_locations where name = 'Fort Walker')) dl WHERE id='df907842-6c4d-43d3-8a23-93005f9d6397';
DELETE FROM duty_locations WHERE id=(SELECT id from duty_locations where name = 'Fort Walker');

-- Remove existing associated duty_location_names
-- Delete old duty_location_names
DELETE FROM duty_location_names where name = 'Fort Walker';
-- Insert new duty_location_names
INSERT INTO duty_location_names (id, name, duty_location_id, created_at, updated_at) VALUES('0cd9e623-4b59-4298-bb87-f9bdeacc13c6', 'Fort Walker', 'df907842-6c4d-43d3-8a23-93005f9d6397', now(), now());
-- MERGE
UPDATE orders SET origin_duty_location_id='31795101-1866-4d2a-8bf2-4514cccf7601' WHERE origin_duty_location_id=(SELECT id from duty_locations where name = 'JB Charleston - Charleston AFB');
UPDATE orders SET new_duty_location_id='31795101-1866-4d2a-8bf2-4514cccf7601' WHERE new_duty_location_id=(SELECT id from duty_locations where name = 'JB Charleston - Charleston AFB');
UPDATE service_members SET duty_location_id='31795101-1866-4d2a-8bf2-4514cccf7601' WHERE duty_location_id=(SELECT id from duty_locations where name = 'JB Charleston - Charleston AFB');
UPDATE duty_location_names SET duty_location_id = '31795101-1866-4d2a-8bf2-4514cccf7601' WHERE duty_location_id=(SELECT id from duty_locations where name = 'JB Charleston - Charleston AFB');
UPDATE duty_locations SET transportation_office_id=to_id, affiliation=aff FROM (SELECT transportation_office_id as to_id, affiliation as aff FROM duty_locations where id=(SELECT id from duty_locations where name = 'JB Charleston - Charleston AFB')) dl WHERE id='31795101-1866-4d2a-8bf2-4514cccf7601';
DELETE FROM duty_locations WHERE id=(SELECT id from duty_locations where name = 'JB Charleston - Charleston AFB');

-- Remove existing associated duty_location_names
-- Delete old duty_location_names
DELETE FROM duty_location_names where name = 'JB Charleston - Charleston AFB';
-- Insert new duty_location_names
INSERT INTO duty_location_names (id, name, duty_location_id, created_at, updated_at) VALUES('ab606afc-05cb-4b8d-a327-ebd4d986bbf4', 'JB Charleston - Charleston AFB', '31795101-1866-4d2a-8bf2-4514cccf7601', now(), now());
-- MERGE
UPDATE orders SET origin_duty_location_id='22fba9fc-65d6-426b-9743-28ae8eb0db5a' WHERE origin_duty_location_id=(SELECT id from duty_locations where name = 'JB Charleston - Naval Weapons Station');
UPDATE orders SET new_duty_location_id='22fba9fc-65d6-426b-9743-28ae8eb0db5a' WHERE new_duty_location_id=(SELECT id from duty_locations where name = 'JB Charleston - Naval Weapons Station');
UPDATE service_members SET duty_location_id='22fba9fc-65d6-426b-9743-28ae8eb0db5a' WHERE duty_location_id=(SELECT id from duty_locations where name = 'JB Charleston - Naval Weapons Station');
UPDATE duty_location_names SET duty_location_id = '22fba9fc-65d6-426b-9743-28ae8eb0db5a' WHERE duty_location_id=(SELECT id from duty_locations where name = 'JB Charleston - Naval Weapons Station');
UPDATE duty_locations SET transportation_office_id=to_id, affiliation=aff FROM (SELECT transportation_office_id as to_id, affiliation as aff FROM duty_locations where id=(SELECT id from duty_locations where name = 'JB Charleston - Naval Weapons Station')) dl WHERE id='22fba9fc-65d6-426b-9743-28ae8eb0db5a';
DELETE FROM duty_locations WHERE id=(SELECT id from duty_locations where name = 'JB Charleston - Naval Weapons Station');

-- Remove existing associated duty_location_names
-- Delete old duty_location_names
DELETE FROM duty_location_names where name = 'JB Charleston - Naval Weapons Station';
-- Insert new duty_location_names
INSERT INTO duty_location_names (id, name, duty_location_id, created_at, updated_at) VALUES('ce839663-993f-4eb4-aedc-34392e0bc573', 'JB Charleston - Naval Weapons Station', '22fba9fc-65d6-426b-9743-28ae8eb0db5a', now(), now());
-- MERGE
UPDATE orders SET origin_duty_location_id='788cc724-e91b-40cf-8a68-c021c5ced84f' WHERE origin_duty_location_id=(SELECT id from duty_locations where name = 'JB Langley-Eustis (Eustis)');
UPDATE orders SET new_duty_location_id='788cc724-e91b-40cf-8a68-c021c5ced84f' WHERE new_duty_location_id=(SELECT id from duty_locations where name = 'JB Langley-Eustis (Eustis)');
UPDATE service_members SET duty_location_id='788cc724-e91b-40cf-8a68-c021c5ced84f' WHERE duty_location_id=(SELECT id from duty_locations where name = 'JB Langley-Eustis (Eustis)');
UPDATE duty_location_names SET duty_location_id = '788cc724-e91b-40cf-8a68-c021c5ced84f' WHERE duty_location_id=(SELECT id from duty_locations where name = 'JB Langley-Eustis (Eustis)');
UPDATE duty_locations SET transportation_office_id=to_id, affiliation=aff FROM (SELECT transportation_office_id as to_id, affiliation as aff FROM duty_locations where id=(SELECT id from duty_locations where name = 'JB Langley-Eustis (Eustis)')) dl WHERE id='788cc724-e91b-40cf-8a68-c021c5ced84f';
DELETE FROM duty_locations WHERE id=(SELECT id from duty_locations where name = 'JB Langley-Eustis (Eustis)');

-- Remove existing associated duty_location_names
-- Delete old duty_location_names
DELETE FROM duty_location_names where name = 'JB Langley-Eustis (Eustis)';
-- Insert new duty_location_names
INSERT INTO duty_location_names (id, name, duty_location_id, created_at, updated_at) VALUES('f7d1a5cc-a2b1-487a-8fa5-591df781761a', 'JB Langley-Eustis (Eustis)', '788cc724-e91b-40cf-8a68-c021c5ced84f', now(), now());
-- MERGE
UPDATE orders SET origin_duty_location_id='7c469b60-fa3c-4782-a025-3ff5262cc70d' WHERE origin_duty_location_id=(SELECT id from duty_locations where name = 'Joint Base Anacostia-Bolling');
UPDATE orders SET new_duty_location_id='7c469b60-fa3c-4782-a025-3ff5262cc70d' WHERE new_duty_location_id=(SELECT id from duty_locations where name = 'Joint Base Anacostia-Bolling');
UPDATE service_members SET duty_location_id='7c469b60-fa3c-4782-a025-3ff5262cc70d' WHERE duty_location_id=(SELECT id from duty_locations where name = 'Joint Base Anacostia-Bolling');
UPDATE duty_location_names SET duty_location_id = '7c469b60-fa3c-4782-a025-3ff5262cc70d' WHERE duty_location_id=(SELECT id from duty_locations where name = 'Joint Base Anacostia-Bolling');
UPDATE duty_locations SET transportation_office_id=to_id, affiliation=aff FROM (SELECT transportation_office_id as to_id, affiliation as aff FROM duty_locations where id=(SELECT id from duty_locations where name = 'Joint Base Anacostia-Bolling')) dl WHERE id='7c469b60-fa3c-4782-a025-3ff5262cc70d';
DELETE FROM duty_locations WHERE id=(SELECT id from duty_locations where name = 'Joint Base Anacostia-Bolling');

-- Remove existing associated duty_location_names
-- Delete old duty_location_names
DELETE FROM duty_location_names where name = 'Joint Base Anacostia-Bolling';
-- Insert new duty_location_names
INSERT INTO duty_location_names (id, name, duty_location_id, created_at, updated_at) VALUES('56d9bf48-2fa4-42fe-a64d-1e9f1e794b02', 'Joint Base Anacostia-Bolling', '7c469b60-fa3c-4782-a025-3ff5262cc70d', now(), now());
-- MERGE
UPDATE orders SET origin_duty_location_id='ff90f2bb-4613-407c-bbbf-939204c263ec' WHERE origin_duty_location_id=(SELECT id from duty_locations where name = 'Joint Base Lewis-McChord (Fort Lewis)');
UPDATE orders SET new_duty_location_id='ff90f2bb-4613-407c-bbbf-939204c263ec' WHERE new_duty_location_id=(SELECT id from duty_locations where name = 'Joint Base Lewis-McChord (Fort Lewis)');
UPDATE service_members SET duty_location_id='ff90f2bb-4613-407c-bbbf-939204c263ec' WHERE duty_location_id=(SELECT id from duty_locations where name = 'Joint Base Lewis-McChord (Fort Lewis)');
UPDATE duty_location_names SET duty_location_id = 'ff90f2bb-4613-407c-bbbf-939204c263ec' WHERE duty_location_id=(SELECT id from duty_locations where name = 'Joint Base Lewis-McChord (Fort Lewis)');
UPDATE duty_locations SET transportation_office_id=to_id, affiliation=aff FROM (SELECT transportation_office_id as to_id, affiliation as aff FROM duty_locations where id=(SELECT id from duty_locations where name = 'Joint Base Lewis-McChord (Fort Lewis)')) dl WHERE id='ff90f2bb-4613-407c-bbbf-939204c263ec';
DELETE FROM duty_locations WHERE id=(SELECT id from duty_locations where name = 'Joint Base Lewis-McChord (Fort Lewis)');

-- Remove existing associated duty_location_names
-- Delete old duty_location_names
DELETE FROM duty_location_names where name = 'Joint Base Lewis-McChord (Fort Lewis)';
-- Insert new duty_location_names
INSERT INTO duty_location_names (id, name, duty_location_id, created_at, updated_at) VALUES('de98a1a7-e228-478b-99a1-f4bfb697a8ae', 'Joint Base Lewis-McChord (Fort Lewis)', 'ff90f2bb-4613-407c-bbbf-939204c263ec', now(), now());
-- MERGE
UPDATE orders SET origin_duty_location_id='2679c00b-bbab-485d-bcb8-7d043d278850' WHERE origin_duty_location_id=(SELECT id from duty_locations where name = 'Joint Base Lewis-McChord (McChord AFB)');
UPDATE orders SET new_duty_location_id='2679c00b-bbab-485d-bcb8-7d043d278850' WHERE new_duty_location_id=(SELECT id from duty_locations where name = 'Joint Base Lewis-McChord (McChord AFB)');
UPDATE service_members SET duty_location_id='2679c00b-bbab-485d-bcb8-7d043d278850' WHERE duty_location_id=(SELECT id from duty_locations where name = 'Joint Base Lewis-McChord (McChord AFB)');
UPDATE duty_location_names SET duty_location_id = '2679c00b-bbab-485d-bcb8-7d043d278850' WHERE duty_location_id=(SELECT id from duty_locations where name = 'Joint Base Lewis-McChord (McChord AFB)');
UPDATE duty_locations SET transportation_office_id=to_id, affiliation=aff FROM (SELECT transportation_office_id as to_id, affiliation as aff FROM duty_locations where id=(SELECT id from duty_locations where name = 'Joint Base Lewis-McChord (McChord AFB)')) dl WHERE id='2679c00b-bbab-485d-bcb8-7d043d278850';
DELETE FROM duty_locations WHERE id=(SELECT id from duty_locations where name = 'Joint Base Lewis-McChord (McChord AFB)');

-- Remove existing associated duty_location_names
-- Delete old duty_location_names
DELETE FROM duty_location_names where name = 'Joint Base Lewis-McChord (McChord AFB)';
-- Insert new duty_location_names
INSERT INTO duty_location_names (id, name, duty_location_id, created_at, updated_at) VALUES('69d86e35-26f0-45af-b937-5f2e74d2d477', 'Joint Base Lewis-McChord (McChord AFB)', '2679c00b-bbab-485d-bcb8-7d043d278850', now(), now());
-- MERGE
UPDATE orders SET origin_duty_location_id='a95a2884-5902-4b54-8057-7e3a35fe982d' WHERE origin_duty_location_id=(SELECT id from duty_locations where name = 'MacDill AFB');
UPDATE orders SET new_duty_location_id='a95a2884-5902-4b54-8057-7e3a35fe982d' WHERE new_duty_location_id=(SELECT id from duty_locations where name = 'MacDill AFB');
UPDATE service_members SET duty_location_id='a95a2884-5902-4b54-8057-7e3a35fe982d' WHERE duty_location_id=(SELECT id from duty_locations where name = 'MacDill AFB');
UPDATE duty_location_names SET duty_location_id = 'a95a2884-5902-4b54-8057-7e3a35fe982d' WHERE duty_location_id=(SELECT id from duty_locations where name = 'MacDill AFB');
UPDATE duty_locations SET transportation_office_id=to_id, affiliation=aff FROM (SELECT transportation_office_id as to_id, affiliation as aff FROM duty_locations where id=(SELECT id from duty_locations where name = 'MacDill AFB')) dl WHERE id='a95a2884-5902-4b54-8057-7e3a35fe982d';
DELETE FROM duty_locations WHERE id=(SELECT id from duty_locations where name = 'MacDill AFB');

-- Remove existing associated duty_location_names
-- Delete old duty_location_names
DELETE FROM duty_location_names where name = 'MacDill AFB';
-- Insert new duty_location_names
INSERT INTO duty_location_names (id, name, duty_location_id, created_at, updated_at) VALUES('9cff0c8f-60fb-4bc7-aa7a-621c41e4f10b', 'MacDill AFB', 'a95a2884-5902-4b54-8057-7e3a35fe982d', now(), now());
-- MERGE
UPDATE orders SET origin_duty_location_id='e0a40c01-7e93-4b6a-9e61-2a320cf6e332' WHERE origin_duty_location_id=(SELECT id from duty_locations where name = 'Marine Corps Air Station Yuma');
UPDATE orders SET new_duty_location_id='e0a40c01-7e93-4b6a-9e61-2a320cf6e332' WHERE new_duty_location_id=(SELECT id from duty_locations where name = 'Marine Corps Air Station Yuma');
UPDATE service_members SET duty_location_id='e0a40c01-7e93-4b6a-9e61-2a320cf6e332' WHERE duty_location_id=(SELECT id from duty_locations where name = 'Marine Corps Air Station Yuma');
UPDATE duty_location_names SET duty_location_id = 'e0a40c01-7e93-4b6a-9e61-2a320cf6e332' WHERE duty_location_id=(SELECT id from duty_locations where name = 'Marine Corps Air Station Yuma');
UPDATE duty_locations SET transportation_office_id=to_id, affiliation=aff FROM (SELECT transportation_office_id as to_id, affiliation as aff FROM duty_locations where id=(SELECT id from duty_locations where name = 'Marine Corps Air Station Yuma')) dl WHERE id='e0a40c01-7e93-4b6a-9e61-2a320cf6e332';
DELETE FROM duty_locations WHERE id=(SELECT id from duty_locations where name = 'Marine Corps Air Station Yuma');

-- Remove existing associated duty_location_names
-- Delete old duty_location_names
DELETE FROM duty_location_names where name = 'Marine Corps Air Station Yuma';
-- Insert new duty_location_names
INSERT INTO duty_location_names (id, name, duty_location_id, created_at, updated_at) VALUES('0c17b8c2-cfb8-4147-bb3a-f08f6d18acc2', 'Marine Corps Air Station Yuma', 'e0a40c01-7e93-4b6a-9e61-2a320cf6e332', now(), now());
-- MERGE
UPDATE orders SET origin_duty_location_id='d5b3a0b9-0e76-49c9-be09-fd250ce4f92d' WHERE origin_duty_location_id=(SELECT id from duty_locations where name = 'McConnell AFB');
UPDATE orders SET new_duty_location_id='d5b3a0b9-0e76-49c9-be09-fd250ce4f92d' WHERE new_duty_location_id=(SELECT id from duty_locations where name = 'McConnell AFB');
UPDATE service_members SET duty_location_id='d5b3a0b9-0e76-49c9-be09-fd250ce4f92d' WHERE duty_location_id=(SELECT id from duty_locations where name = 'McConnell AFB');
UPDATE duty_location_names SET duty_location_id = 'd5b3a0b9-0e76-49c9-be09-fd250ce4f92d' WHERE duty_location_id=(SELECT id from duty_locations where name = 'McConnell AFB');
UPDATE duty_locations SET transportation_office_id=to_id, affiliation=aff FROM (SELECT transportation_office_id as to_id, affiliation as aff FROM duty_locations where id=(SELECT id from duty_locations where name = 'McConnell AFB')) dl WHERE id='d5b3a0b9-0e76-49c9-be09-fd250ce4f92d';
DELETE FROM duty_locations WHERE id=(SELECT id from duty_locations where name = 'McConnell AFB');

-- Remove existing associated duty_location_names
-- Delete old duty_location_names
DELETE FROM duty_location_names where name = 'McConnell AFB';
-- Insert new duty_location_names
INSERT INTO duty_location_names (id, name, duty_location_id, created_at, updated_at) VALUES('efa87484-a42a-44d7-a720-cbe5619ba871', 'McConnell AFB', 'd5b3a0b9-0e76-49c9-be09-fd250ce4f92d', now(), now());
-- MERGE
UPDATE orders SET origin_duty_location_id='0ebf7e87-926d-4ddc-ba41-13b989fbfcad' WHERE origin_duty_location_id=(SELECT id from duty_locations where name = 'OFFICER SELECTION TEAM SPRINGFIELD');
UPDATE orders SET new_duty_location_id='0ebf7e87-926d-4ddc-ba41-13b989fbfcad' WHERE new_duty_location_id=(SELECT id from duty_locations where name = 'OFFICER SELECTION TEAM SPRINGFIELD');
UPDATE service_members SET duty_location_id='0ebf7e87-926d-4ddc-ba41-13b989fbfcad' WHERE duty_location_id=(SELECT id from duty_locations where name = 'OFFICER SELECTION TEAM SPRINGFIELD');
UPDATE duty_location_names SET duty_location_id = '0ebf7e87-926d-4ddc-ba41-13b989fbfcad' WHERE duty_location_id=(SELECT id from duty_locations where name = 'OFFICER SELECTION TEAM SPRINGFIELD');
UPDATE duty_locations SET transportation_office_id=to_id, affiliation=aff FROM (SELECT transportation_office_id as to_id, affiliation as aff FROM duty_locations where id=(SELECT id from duty_locations where name = 'OFFICER SELECTION TEAM SPRINGFIELD')) dl WHERE id='0ebf7e87-926d-4ddc-ba41-13b989fbfcad';
DELETE FROM duty_locations WHERE id=(SELECT id from duty_locations where name = 'OFFICER SELECTION TEAM SPRINGFIELD');

-- Remove existing associated duty_location_names
-- Delete old duty_location_names
DELETE FROM duty_location_names where name = 'OFFICER SELECTION TEAM SPRINGFIELD';
-- Insert new duty_location_names
INSERT INTO duty_location_names (id, name, duty_location_id, created_at, updated_at) VALUES('06c7bfc1-f8ca-4968-a028-1e9d2239468f', 'OFFICER SELECTION TEAM SPRINGFIELD', '0ebf7e87-926d-4ddc-ba41-13b989fbfcad', now(), now());
-- MERGE
UPDATE orders SET origin_duty_location_id='835cd9a7-c3cb-4e58-ad4d-52edbda0a267' WHERE origin_duty_location_id=(SELECT id from duty_locations where name = 'OIC USMC MCRC PITTSBURGH');
UPDATE orders SET new_duty_location_id='835cd9a7-c3cb-4e58-ad4d-52edbda0a267' WHERE new_duty_location_id=(SELECT id from duty_locations where name = 'OIC USMC MCRC PITTSBURGH');
UPDATE service_members SET duty_location_id='835cd9a7-c3cb-4e58-ad4d-52edbda0a267' WHERE duty_location_id=(SELECT id from duty_locations where name = 'OIC USMC MCRC PITTSBURGH');
UPDATE duty_location_names SET duty_location_id = '835cd9a7-c3cb-4e58-ad4d-52edbda0a267' WHERE duty_location_id=(SELECT id from duty_locations where name = 'OIC USMC MCRC PITTSBURGH');
UPDATE duty_locations SET transportation_office_id=to_id, affiliation=aff FROM (SELECT transportation_office_id as to_id, affiliation as aff FROM duty_locations where id=(SELECT id from duty_locations where name = 'OIC USMC MCRC PITTSBURGH')) dl WHERE id='835cd9a7-c3cb-4e58-ad4d-52edbda0a267';
DELETE FROM duty_locations WHERE id=(SELECT id from duty_locations where name = 'OIC USMC MCRC PITTSBURGH');

-- Remove existing associated duty_location_names
-- Delete old duty_location_names
DELETE FROM duty_location_names where name = 'OIC USMC MCRC PITTSBURGH';
-- Insert new duty_location_names
INSERT INTO duty_location_names (id, name, duty_location_id, created_at, updated_at) VALUES('74db7eb1-f1ab-4468-be16-35417e788878', 'OIC USMC MCRC PITTSBURGH', '835cd9a7-c3cb-4e58-ad4d-52edbda0a267', now(), now());
-- MERGE
UPDATE orders SET origin_duty_location_id='de318fcf-a6a8-4602-88d3-395e38a99239' WHERE origin_duty_location_id=(SELECT id from duty_locations where name = 'Patrick AFB');
UPDATE orders SET new_duty_location_id='de318fcf-a6a8-4602-88d3-395e38a99239' WHERE new_duty_location_id=(SELECT id from duty_locations where name = 'Patrick AFB');
UPDATE service_members SET duty_location_id='de318fcf-a6a8-4602-88d3-395e38a99239' WHERE duty_location_id=(SELECT id from duty_locations where name = 'Patrick AFB');
UPDATE duty_location_names SET duty_location_id = 'de318fcf-a6a8-4602-88d3-395e38a99239' WHERE duty_location_id=(SELECT id from duty_locations where name = 'Patrick AFB');
UPDATE duty_locations SET transportation_office_id=to_id, affiliation=aff FROM (SELECT transportation_office_id as to_id, affiliation as aff FROM duty_locations where id=(SELECT id from duty_locations where name = 'Patrick AFB')) dl WHERE id='de318fcf-a6a8-4602-88d3-395e38a99239';
DELETE FROM duty_locations WHERE id=(SELECT id from duty_locations where name = 'Patrick AFB');

-- Remove existing associated duty_location_names
-- Delete old duty_location_names
DELETE FROM duty_location_names where name = 'Patrick AFB';
-- Insert new duty_location_names
INSERT INTO duty_location_names (id, name, duty_location_id, created_at, updated_at) VALUES('09afe95b-3d90-444f-93a7-fd71d7bb6a23', 'Patrick AFB', 'de318fcf-a6a8-4602-88d3-395e38a99239', now(), now());
-- MERGE
UPDATE orders SET origin_duty_location_id='6def5b0a-4afb-4c73-82fd-355278679e97' WHERE origin_duty_location_id=(SELECT id from duty_locations where name = 'Peterson AFB');
UPDATE orders SET new_duty_location_id='6def5b0a-4afb-4c73-82fd-355278679e97' WHERE new_duty_location_id=(SELECT id from duty_locations where name = 'Peterson AFB');
UPDATE service_members SET duty_location_id='6def5b0a-4afb-4c73-82fd-355278679e97' WHERE duty_location_id=(SELECT id from duty_locations where name = 'Peterson AFB');
UPDATE duty_location_names SET duty_location_id = '6def5b0a-4afb-4c73-82fd-355278679e97' WHERE duty_location_id=(SELECT id from duty_locations where name = 'Peterson AFB');
UPDATE duty_locations SET transportation_office_id=to_id, affiliation=aff FROM (SELECT transportation_office_id as to_id, affiliation as aff FROM duty_locations where id=(SELECT id from duty_locations where name = 'Peterson AFB')) dl WHERE id='6def5b0a-4afb-4c73-82fd-355278679e97';
DELETE FROM duty_locations WHERE id=(SELECT id from duty_locations where name = 'Peterson AFB');

-- Remove existing associated duty_location_names
-- Delete old duty_location_names
DELETE FROM duty_location_names where name = 'Peterson AFB';
-- Insert new duty_location_names
INSERT INTO duty_location_names (id, name, duty_location_id, created_at, updated_at) VALUES('5786755f-895a-43d9-9a09-5cd2f21372df', 'Peterson AFB', '6def5b0a-4afb-4c73-82fd-355278679e97', now(), now());
-- MERGE
UPDATE orders SET origin_duty_location_id='ee5ea675-6575-4afe-b6fc-634662b2c359' WHERE origin_duty_location_id=(SELECT id from duty_locations where name = 'Schriever AFB');
UPDATE orders SET new_duty_location_id='ee5ea675-6575-4afe-b6fc-634662b2c359' WHERE new_duty_location_id=(SELECT id from duty_locations where name = 'Schriever AFB');
UPDATE service_members SET duty_location_id='ee5ea675-6575-4afe-b6fc-634662b2c359' WHERE duty_location_id=(SELECT id from duty_locations where name = 'Schriever AFB');
UPDATE duty_location_names SET duty_location_id = 'ee5ea675-6575-4afe-b6fc-634662b2c359' WHERE duty_location_id=(SELECT id from duty_locations where name = 'Schriever AFB');
UPDATE duty_locations SET transportation_office_id=to_id, affiliation=aff FROM (SELECT transportation_office_id as to_id, affiliation as aff FROM duty_locations where id=(SELECT id from duty_locations where name = 'Schriever AFB')) dl WHERE id='ee5ea675-6575-4afe-b6fc-634662b2c359';
DELETE FROM duty_locations WHERE id=(SELECT id from duty_locations where name = 'Schriever AFB');

-- Remove existing associated duty_location_names
-- Delete old duty_location_names
DELETE FROM duty_location_names where name = 'Schriever AFB';
-- Insert new duty_location_names
INSERT INTO duty_location_names (id, name, duty_location_id, created_at, updated_at) VALUES('8b3be82d-b1f5-4306-b00c-5f6437cdec7b', 'Schriever AFB', 'ee5ea675-6575-4afe-b6fc-634662b2c359', now(), now());
-- MERGE
UPDATE orders SET origin_duty_location_id='73c3a46a-6cca-4338-a486-67139a3e86df' WHERE origin_duty_location_id=(SELECT id from duty_locations where name = 'UNIVERSITY OF MISSOURI (NROTC)');
UPDATE orders SET new_duty_location_id='73c3a46a-6cca-4338-a486-67139a3e86df' WHERE new_duty_location_id=(SELECT id from duty_locations where name = 'UNIVERSITY OF MISSOURI (NROTC)');
UPDATE service_members SET duty_location_id='73c3a46a-6cca-4338-a486-67139a3e86df' WHERE duty_location_id=(SELECT id from duty_locations where name = 'UNIVERSITY OF MISSOURI (NROTC)');
UPDATE duty_location_names SET duty_location_id = '73c3a46a-6cca-4338-a486-67139a3e86df' WHERE duty_location_id=(SELECT id from duty_locations where name = 'UNIVERSITY OF MISSOURI (NROTC)');
UPDATE duty_locations SET transportation_office_id=to_id, affiliation=aff FROM (SELECT transportation_office_id as to_id, affiliation as aff FROM duty_locations where id=(SELECT id from duty_locations where name = 'UNIVERSITY OF MISSOURI (NROTC)')) dl WHERE id='73c3a46a-6cca-4338-a486-67139a3e86df';
DELETE FROM duty_locations WHERE id=(SELECT id from duty_locations where name = 'UNIVERSITY OF MISSOURI (NROTC)');

-- Remove existing associated duty_location_names
-- Delete old duty_location_names
DELETE FROM duty_location_names where name = 'UNIVERSITY OF MISSOURI (NROTC)';
-- Insert new duty_location_names
INSERT INTO duty_location_names (id, name, duty_location_id, created_at, updated_at) VALUES('856fddaa-9551-4956-b336-d93a8d7ba55d', 'UNIVERSITY OF MISSOURI (NROTC)', '73c3a46a-6cca-4338-a486-67139a3e86df', now(), now());
-- MERGE
UPDATE orders SET origin_duty_location_id='dc77746b-7295-48fb-97c5-2c9f7df8e591' WHERE origin_duty_location_id=(SELECT id from duty_locations where name = 'USN SHIPS PARTS CONTROL CENTER');
UPDATE orders SET new_duty_location_id='dc77746b-7295-48fb-97c5-2c9f7df8e591' WHERE new_duty_location_id=(SELECT id from duty_locations where name = 'USN SHIPS PARTS CONTROL CENTER');
UPDATE service_members SET duty_location_id='dc77746b-7295-48fb-97c5-2c9f7df8e591' WHERE duty_location_id=(SELECT id from duty_locations where name = 'USN SHIPS PARTS CONTROL CENTER');
UPDATE duty_location_names SET duty_location_id = 'dc77746b-7295-48fb-97c5-2c9f7df8e591' WHERE duty_location_id=(SELECT id from duty_locations where name = 'USN SHIPS PARTS CONTROL CENTER');
UPDATE duty_locations SET transportation_office_id=to_id, affiliation=aff FROM (SELECT transportation_office_id as to_id, affiliation as aff FROM duty_locations where id=(SELECT id from duty_locations where name = 'USN SHIPS PARTS CONTROL CENTER')) dl WHERE id='dc77746b-7295-48fb-97c5-2c9f7df8e591';
DELETE FROM duty_locations WHERE id=(SELECT id from duty_locations where name = 'USN SHIPS PARTS CONTROL CENTER');

-- Remove existing associated duty_location_names
-- Delete old duty_location_names
DELETE FROM duty_location_names where name = 'USN SHIPS PARTS CONTROL CENTER';
-- Insert new duty_location_names
INSERT INTO duty_location_names (id, name, duty_location_id, created_at, updated_at) VALUES('b63499ea-2a4d-41bf-bbb8-04f4a5d2512c', 'USN SHIPS PARTS CONTROL CENTER', 'dc77746b-7295-48fb-97c5-2c9f7df8e591', now(), now());
-- MERGE
UPDATE orders SET origin_duty_location_id='e8fa27a5-3bc5-45f3-9743-f36358ee3aac' WHERE origin_duty_location_id=(SELECT id from duty_locations where name = 'Vandenberg AFB');
UPDATE orders SET new_duty_location_id='e8fa27a5-3bc5-45f3-9743-f36358ee3aac' WHERE new_duty_location_id=(SELECT id from duty_locations where name = 'Vandenberg AFB');
UPDATE service_members SET duty_location_id='e8fa27a5-3bc5-45f3-9743-f36358ee3aac' WHERE duty_location_id=(SELECT id from duty_locations where name = 'Vandenberg AFB');
UPDATE duty_location_names SET duty_location_id = 'e8fa27a5-3bc5-45f3-9743-f36358ee3aac' WHERE duty_location_id=(SELECT id from duty_locations where name = 'Vandenberg AFB');
UPDATE duty_locations SET transportation_office_id=to_id, affiliation=aff FROM (SELECT transportation_office_id as to_id, affiliation as aff FROM duty_locations where id=(SELECT id from duty_locations where name = 'Vandenberg AFB')) dl WHERE id='e8fa27a5-3bc5-45f3-9743-f36358ee3aac';
DELETE FROM duty_locations WHERE id=(SELECT id from duty_locations where name = 'Vandenberg AFB');

-- Remove existing associated duty_location_names
-- Delete old duty_location_names
DELETE FROM duty_location_names where name = 'Vandenberg AFB';
-- Insert new duty_location_names
INSERT INTO duty_location_names (id, name, duty_location_id, created_at, updated_at) VALUES('4f7159bd-e521-48d3-a179-4a51cdd92b5f', 'Vandenberg AFB', 'e8fa27a5-3bc5-45f3-9743-f36358ee3aac', now(), now());
-- MERGE
UPDATE orders SET origin_duty_location_id='61e092c4-575c-458a-9c3f-b93ad373c454' WHERE origin_duty_location_id=(SELECT id from duty_locations where name = 'Aberdeen Proving Ground');
UPDATE orders SET new_duty_location_id='61e092c4-575c-458a-9c3f-b93ad373c454' WHERE new_duty_location_id=(SELECT id from duty_locations where name = 'Aberdeen Proving Ground');
UPDATE service_members SET duty_location_id='61e092c4-575c-458a-9c3f-b93ad373c454' WHERE duty_location_id=(SELECT id from duty_locations where name = 'Aberdeen Proving Ground');
UPDATE duty_location_names SET duty_location_id = '61e092c4-575c-458a-9c3f-b93ad373c454' WHERE duty_location_id=(SELECT id from duty_locations where name = 'Aberdeen Proving Ground');
UPDATE duty_locations SET transportation_office_id=to_id, affiliation=aff FROM (SELECT transportation_office_id as to_id, affiliation as aff FROM duty_locations where id=(SELECT id from duty_locations where name = 'Aberdeen Proving Ground')) dl WHERE id='61e092c4-575c-458a-9c3f-b93ad373c454';
DELETE FROM duty_locations WHERE id=(SELECT id from duty_locations where name = 'Aberdeen Proving Ground');

-- Remove existing associated duty_location_names
-- Delete old duty_location_names
DELETE FROM duty_location_names where name = 'Aberdeen Proving Ground';
-- Insert new duty_location_names
INSERT INTO duty_location_names (id, name, duty_location_id, created_at, updated_at) VALUES('418275a4-47f4-42aa-91cc-5e59638a2f17', 'Aberdeen Proving Ground', '61e092c4-575c-458a-9c3f-b93ad373c454', now(), now());
-- MERGE
UPDATE orders SET origin_duty_location_id='c9995f16-b173-410b-afa7-f148b0da7e7e' WHERE origin_duty_location_id=(SELECT id from duty_locations where name = 'Altus AFB');
UPDATE orders SET new_duty_location_id='c9995f16-b173-410b-afa7-f148b0da7e7e' WHERE new_duty_location_id=(SELECT id from duty_locations where name = 'Altus AFB');
UPDATE service_members SET duty_location_id='c9995f16-b173-410b-afa7-f148b0da7e7e' WHERE duty_location_id=(SELECT id from duty_locations where name = 'Altus AFB');
UPDATE duty_location_names SET duty_location_id = 'c9995f16-b173-410b-afa7-f148b0da7e7e' WHERE duty_location_id=(SELECT id from duty_locations where name = 'Altus AFB');
UPDATE duty_locations SET transportation_office_id=to_id, affiliation=aff FROM (SELECT transportation_office_id as to_id, affiliation as aff FROM duty_locations where id=(SELECT id from duty_locations where name = 'Altus AFB')) dl WHERE id='c9995f16-b173-410b-afa7-f148b0da7e7e';
DELETE FROM duty_locations WHERE id=(SELECT id from duty_locations where name = 'Altus AFB');

-- Remove existing associated duty_location_names
-- Delete old duty_location_names
DELETE FROM duty_location_names where name = 'Altus AFB';
-- Insert new duty_location_names
INSERT INTO duty_location_names (id, name, duty_location_id, created_at, updated_at) VALUES('d4e0f652-e1c0-42b5-a6ae-0f3790004fbf', 'Altus AFB', 'c9995f16-b173-410b-afa7-f148b0da7e7e', now(), now());
-- MERGE
UPDATE orders SET origin_duty_location_id='bc7788fd-64de-45cc-b0f7-8a1a6817c954' WHERE origin_duty_location_id=(SELECT id from duty_locations where name = 'Barksdale AFB');
UPDATE orders SET new_duty_location_id='bc7788fd-64de-45cc-b0f7-8a1a6817c954' WHERE new_duty_location_id=(SELECT id from duty_locations where name = 'Barksdale AFB');
UPDATE service_members SET duty_location_id='bc7788fd-64de-45cc-b0f7-8a1a6817c954' WHERE duty_location_id=(SELECT id from duty_locations where name = 'Barksdale AFB');
UPDATE duty_location_names SET duty_location_id = 'bc7788fd-64de-45cc-b0f7-8a1a6817c954' WHERE duty_location_id=(SELECT id from duty_locations where name = 'Barksdale AFB');
UPDATE duty_locations SET transportation_office_id=to_id, affiliation=aff FROM (SELECT transportation_office_id as to_id, affiliation as aff FROM duty_locations where id=(SELECT id from duty_locations where name = 'Barksdale AFB')) dl WHERE id='bc7788fd-64de-45cc-b0f7-8a1a6817c954';
DELETE FROM duty_locations WHERE id=(SELECT id from duty_locations where name = 'Barksdale AFB');

-- Remove existing associated duty_location_names
-- Delete old duty_location_names
DELETE FROM duty_location_names where name = 'Barksdale AFB';
-- Insert new duty_location_names
INSERT INTO duty_location_names (id, name, duty_location_id, created_at, updated_at) VALUES('3e500674-52f2-4d46-93ef-1f7eb1569196', 'Barksdale AFB', 'bc7788fd-64de-45cc-b0f7-8a1a6817c954', now(), now());
-- MERGE
UPDATE orders SET origin_duty_location_id='929ba47a-2f7d-430e-9655-157a4c80303d' WHERE origin_duty_location_id=(SELECT id from duty_locations where name = 'Beale AFB');
UPDATE orders SET new_duty_location_id='929ba47a-2f7d-430e-9655-157a4c80303d' WHERE new_duty_location_id=(SELECT id from duty_locations where name = 'Beale AFB');
UPDATE service_members SET duty_location_id='929ba47a-2f7d-430e-9655-157a4c80303d' WHERE duty_location_id=(SELECT id from duty_locations where name = 'Beale AFB');
UPDATE duty_location_names SET duty_location_id = '929ba47a-2f7d-430e-9655-157a4c80303d' WHERE duty_location_id=(SELECT id from duty_locations where name = 'Beale AFB');
UPDATE duty_locations SET transportation_office_id=to_id, affiliation=aff FROM (SELECT transportation_office_id as to_id, affiliation as aff FROM duty_locations where id=(SELECT id from duty_locations where name = 'Beale AFB')) dl WHERE id='929ba47a-2f7d-430e-9655-157a4c80303d';
DELETE FROM duty_locations WHERE id=(SELECT id from duty_locations where name = 'Beale AFB');

-- Remove existing associated duty_location_names
-- Delete old duty_location_names
DELETE FROM duty_location_names where name = 'Beale AFB';
-- Insert new duty_location_names
INSERT INTO duty_location_names (id, name, duty_location_id, created_at, updated_at) VALUES('785f1736-3b8e-468d-a348-6130bc7b3cb1', 'Beale AFB', '929ba47a-2f7d-430e-9655-157a4c80303d', now(), now());
-- MERGE
UPDATE orders SET origin_duty_location_id='4decb74b-f3b5-4802-a43b-a3d2348ebb66' WHERE origin_duty_location_id=(SELECT id from duty_locations where name = 'Blue Grass Army Depot');
UPDATE orders SET new_duty_location_id='4decb74b-f3b5-4802-a43b-a3d2348ebb66' WHERE new_duty_location_id=(SELECT id from duty_locations where name = 'Blue Grass Army Depot');
UPDATE service_members SET duty_location_id='4decb74b-f3b5-4802-a43b-a3d2348ebb66' WHERE duty_location_id=(SELECT id from duty_locations where name = 'Blue Grass Army Depot');
UPDATE duty_location_names SET duty_location_id = '4decb74b-f3b5-4802-a43b-a3d2348ebb66' WHERE duty_location_id=(SELECT id from duty_locations where name = 'Blue Grass Army Depot');
UPDATE duty_locations SET transportation_office_id=to_id, affiliation=aff FROM (SELECT transportation_office_id as to_id, affiliation as aff FROM duty_locations where id=(SELECT id from duty_locations where name = 'Blue Grass Army Depot')) dl WHERE id='4decb74b-f3b5-4802-a43b-a3d2348ebb66';
DELETE FROM duty_locations WHERE id=(SELECT id from duty_locations where name = 'Blue Grass Army Depot');

-- Remove existing associated duty_location_names
-- Delete old duty_location_names
DELETE FROM duty_location_names where name = 'Blue Grass Army Depot';
-- Insert new duty_location_names
INSERT INTO duty_location_names (id, name, duty_location_id, created_at, updated_at) VALUES('4ab949c4-47ce-4b9f-92a1-289dfb5ac8fa', 'Blue Grass Army Depot', '4decb74b-f3b5-4802-a43b-a3d2348ebb66', now(), now());
-- MERGE
UPDATE orders SET origin_duty_location_id='6b29d8b4-913b-4059-a5ec-c02f43d5d126' WHERE origin_duty_location_id=(SELECT id from duty_locations where name = 'Buckley SFB');
UPDATE orders SET new_duty_location_id='6b29d8b4-913b-4059-a5ec-c02f43d5d126' WHERE new_duty_location_id=(SELECT id from duty_locations where name = 'Buckley SFB');
UPDATE service_members SET duty_location_id='6b29d8b4-913b-4059-a5ec-c02f43d5d126' WHERE duty_location_id=(SELECT id from duty_locations where name = 'Buckley SFB');
UPDATE duty_location_names SET duty_location_id = '6b29d8b4-913b-4059-a5ec-c02f43d5d126' WHERE duty_location_id=(SELECT id from duty_locations where name = 'Buckley SFB');
UPDATE duty_locations SET transportation_office_id=to_id, affiliation=aff FROM (SELECT transportation_office_id as to_id, affiliation as aff FROM duty_locations where id=(SELECT id from duty_locations where name = 'Buckley SFB')) dl WHERE id='6b29d8b4-913b-4059-a5ec-c02f43d5d126';
DELETE FROM duty_locations WHERE id=(SELECT id from duty_locations where name = 'Buckley SFB');

-- Remove existing associated duty_location_names
-- Delete old duty_location_names
DELETE FROM duty_location_names where name = 'Buckley SFB';
-- Insert new duty_location_names
INSERT INTO duty_location_names (id, name, duty_location_id, created_at, updated_at) VALUES('96a5de4b-6af2-4ef2-bcbc-04fa362c550b', 'Buckley SFB', '6b29d8b4-913b-4059-a5ec-c02f43d5d126', now(), now());
-- MERGE
UPDATE orders SET origin_duty_location_id='432a55b3-9a42-4568-92af-5053605f5dd2' WHERE origin_duty_location_id=(SELECT id from duty_locations where name = 'Camp Lejeune');
UPDATE orders SET new_duty_location_id='432a55b3-9a42-4568-92af-5053605f5dd2' WHERE new_duty_location_id=(SELECT id from duty_locations where name = 'Camp Lejeune');
UPDATE service_members SET duty_location_id='432a55b3-9a42-4568-92af-5053605f5dd2' WHERE duty_location_id=(SELECT id from duty_locations where name = 'Camp Lejeune');
UPDATE duty_location_names SET duty_location_id = '432a55b3-9a42-4568-92af-5053605f5dd2' WHERE duty_location_id=(SELECT id from duty_locations where name = 'Camp Lejeune');
UPDATE duty_locations SET transportation_office_id=to_id, affiliation=aff FROM (SELECT transportation_office_id as to_id, affiliation as aff FROM duty_locations where id=(SELECT id from duty_locations where name = 'Camp Lejeune')) dl WHERE id='432a55b3-9a42-4568-92af-5053605f5dd2';
DELETE FROM duty_locations WHERE id=(SELECT id from duty_locations where name = 'Camp Lejeune');

-- Remove existing associated duty_location_names
-- Delete old duty_location_names
DELETE FROM duty_location_names where name = 'Camp Lejeune';
-- Insert new duty_location_names
INSERT INTO duty_location_names (id, name, duty_location_id, created_at, updated_at) VALUES('05a3cad9-4bec-40eb-9a12-4a9b501d8c01', 'Camp Lejeune', '432a55b3-9a42-4568-92af-5053605f5dd2', now(), now());
-- MERGE
UPDATE orders SET origin_duty_location_id='09c2cd86-0f4c-4e46-89a9-bcb9e636d89b' WHERE origin_duty_location_id=(SELECT id from duty_locations where name = 'Camp Pendleton');
UPDATE orders SET new_duty_location_id='09c2cd86-0f4c-4e46-89a9-bcb9e636d89b' WHERE new_duty_location_id=(SELECT id from duty_locations where name = 'Camp Pendleton');
UPDATE service_members SET duty_location_id='09c2cd86-0f4c-4e46-89a9-bcb9e636d89b' WHERE duty_location_id=(SELECT id from duty_locations where name = 'Camp Pendleton');
UPDATE duty_location_names SET duty_location_id = '09c2cd86-0f4c-4e46-89a9-bcb9e636d89b' WHERE duty_location_id=(SELECT id from duty_locations where name = 'Camp Pendleton');
UPDATE duty_locations SET transportation_office_id=to_id, affiliation=aff FROM (SELECT transportation_office_id as to_id, affiliation as aff FROM duty_locations where id=(SELECT id from duty_locations where name = 'Camp Pendleton')) dl WHERE id='09c2cd86-0f4c-4e46-89a9-bcb9e636d89b';
DELETE FROM duty_locations WHERE id=(SELECT id from duty_locations where name = 'Camp Pendleton');

-- Remove existing associated duty_location_names
-- Delete old duty_location_names
DELETE FROM duty_location_names where name = 'Camp Pendleton';
-- Insert new duty_location_names
INSERT INTO duty_location_names (id, name, duty_location_id, created_at, updated_at) VALUES('d9982c9d-da0c-4cab-b745-26780f3432e6', 'Camp Pendleton', '09c2cd86-0f4c-4e46-89a9-bcb9e636d89b', now(), now());
-- MERGE
UPDATE orders SET origin_duty_location_id='9528a72e-9eac-4e7a-86d0-7abc40db9a3d' WHERE origin_duty_location_id=(SELECT id from duty_locations where name = 'Cannon AFB');
UPDATE orders SET new_duty_location_id='9528a72e-9eac-4e7a-86d0-7abc40db9a3d' WHERE new_duty_location_id=(SELECT id from duty_locations where name = 'Cannon AFB');
UPDATE service_members SET duty_location_id='9528a72e-9eac-4e7a-86d0-7abc40db9a3d' WHERE duty_location_id=(SELECT id from duty_locations where name = 'Cannon AFB');
UPDATE duty_location_names SET duty_location_id = '9528a72e-9eac-4e7a-86d0-7abc40db9a3d' WHERE duty_location_id=(SELECT id from duty_locations where name = 'Cannon AFB');
UPDATE duty_locations SET transportation_office_id=to_id, affiliation=aff FROM (SELECT transportation_office_id as to_id, affiliation as aff FROM duty_locations where id=(SELECT id from duty_locations where name = 'Cannon AFB')) dl WHERE id='9528a72e-9eac-4e7a-86d0-7abc40db9a3d';
DELETE FROM duty_locations WHERE id=(SELECT id from duty_locations where name = 'Cannon AFB');

-- Remove existing associated duty_location_names
-- Delete old duty_location_names
DELETE FROM duty_location_names where name = 'Cannon AFB';
-- Insert new duty_location_names
INSERT INTO duty_location_names (id, name, duty_location_id, created_at, updated_at) VALUES('6672066b-a212-408c-9b16-ad4e5f724bb1', 'Cannon AFB', '9528a72e-9eac-4e7a-86d0-7abc40db9a3d', now(), now());
-- MERGE
UPDATE orders SET origin_duty_location_id='0d0835c8-b142-431b-9bf4-a621bf37ccd7' WHERE origin_duty_location_id=(SELECT id from duty_locations where name = 'Carlisle Barracks');
UPDATE orders SET new_duty_location_id='0d0835c8-b142-431b-9bf4-a621bf37ccd7' WHERE new_duty_location_id=(SELECT id from duty_locations where name = 'Carlisle Barracks');
UPDATE service_members SET duty_location_id='0d0835c8-b142-431b-9bf4-a621bf37ccd7' WHERE duty_location_id=(SELECT id from duty_locations where name = 'Carlisle Barracks');
UPDATE duty_location_names SET duty_location_id = '0d0835c8-b142-431b-9bf4-a621bf37ccd7' WHERE duty_location_id=(SELECT id from duty_locations where name = 'Carlisle Barracks');
UPDATE duty_locations SET transportation_office_id=to_id, affiliation=aff FROM (SELECT transportation_office_id as to_id, affiliation as aff FROM duty_locations where id=(SELECT id from duty_locations where name = 'Carlisle Barracks')) dl WHERE id='0d0835c8-b142-431b-9bf4-a621bf37ccd7';
DELETE FROM duty_locations WHERE id=(SELECT id from duty_locations where name = 'Carlisle Barracks');

-- Remove existing associated duty_location_names
-- Delete old duty_location_names
DELETE FROM duty_location_names where name = 'Carlisle Barracks';
-- Insert new duty_location_names
INSERT INTO duty_location_names (id, name, duty_location_id, created_at, updated_at) VALUES('daf1c00f-342e-47e3-9024-737973bb4be1', 'Carlisle Barracks', '0d0835c8-b142-431b-9bf4-a621bf37ccd7', now(), now());
-- MERGE
UPDATE orders SET origin_duty_location_id='86ef59f9-bfd9-4868-8301-20a289cb8cfb' WHERE origin_duty_location_id=(SELECT id from duty_locations where name = 'Columbus AFB');
UPDATE orders SET new_duty_location_id='86ef59f9-bfd9-4868-8301-20a289cb8cfb' WHERE new_duty_location_id=(SELECT id from duty_locations where name = 'Columbus AFB');
UPDATE service_members SET duty_location_id='86ef59f9-bfd9-4868-8301-20a289cb8cfb' WHERE duty_location_id=(SELECT id from duty_locations where name = 'Columbus AFB');
UPDATE duty_location_names SET duty_location_id = '86ef59f9-bfd9-4868-8301-20a289cb8cfb' WHERE duty_location_id=(SELECT id from duty_locations where name = 'Columbus AFB');
UPDATE duty_locations SET transportation_office_id=to_id, affiliation=aff FROM (SELECT transportation_office_id as to_id, affiliation as aff FROM duty_locations where id=(SELECT id from duty_locations where name = 'Columbus AFB')) dl WHERE id='86ef59f9-bfd9-4868-8301-20a289cb8cfb';
DELETE FROM duty_locations WHERE id=(SELECT id from duty_locations where name = 'Columbus AFB');

-- Remove existing associated duty_location_names
-- Delete old duty_location_names
DELETE FROM duty_location_names where name = 'Columbus AFB';
-- Insert new duty_location_names
INSERT INTO duty_location_names (id, name, duty_location_id, created_at, updated_at) VALUES('fdb45923-ef8f-4577-b1fb-4f3fffe0c825', 'Columbus AFB', '86ef59f9-bfd9-4868-8301-20a289cb8cfb', now(), now());
-- MERGE
UPDATE orders SET origin_duty_location_id='dcdf99ac-581c-4d23-a074-a77188a1afe2' WHERE origin_duty_location_id=(SELECT id from duty_locations where name = 'Creech AFB');
UPDATE orders SET new_duty_location_id='dcdf99ac-581c-4d23-a074-a77188a1afe2' WHERE new_duty_location_id=(SELECT id from duty_locations where name = 'Creech AFB');
UPDATE service_members SET duty_location_id='dcdf99ac-581c-4d23-a074-a77188a1afe2' WHERE duty_location_id=(SELECT id from duty_locations where name = 'Creech AFB');
UPDATE duty_location_names SET duty_location_id = 'dcdf99ac-581c-4d23-a074-a77188a1afe2' WHERE duty_location_id=(SELECT id from duty_locations where name = 'Creech AFB');
UPDATE duty_locations SET transportation_office_id=to_id, affiliation=aff FROM (SELECT transportation_office_id as to_id, affiliation as aff FROM duty_locations where id=(SELECT id from duty_locations where name = 'Creech AFB')) dl WHERE id='dcdf99ac-581c-4d23-a074-a77188a1afe2';
DELETE FROM duty_locations WHERE id=(SELECT id from duty_locations where name = 'Creech AFB');

-- Remove existing associated duty_location_names
-- Delete old duty_location_names
DELETE FROM duty_location_names where name = 'Creech AFB';
-- Insert new duty_location_names
INSERT INTO duty_location_names (id, name, duty_location_id, created_at, updated_at) VALUES('17cd242e-b70c-4f20-93bb-b47fc4f9db99', 'Creech AFB', 'dcdf99ac-581c-4d23-a074-a77188a1afe2', now(), now());
-- MERGE
UPDATE orders SET origin_duty_location_id='2f9708b2-dab0-445e-a4b3-ae25fe9cf286' WHERE origin_duty_location_id=(SELECT id from duty_locations where name = 'Davis-Monthan AFB');
UPDATE orders SET new_duty_location_id='2f9708b2-dab0-445e-a4b3-ae25fe9cf286' WHERE new_duty_location_id=(SELECT id from duty_locations where name = 'Davis-Monthan AFB');
UPDATE service_members SET duty_location_id='2f9708b2-dab0-445e-a4b3-ae25fe9cf286' WHERE duty_location_id=(SELECT id from duty_locations where name = 'Davis-Monthan AFB');
UPDATE duty_location_names SET duty_location_id = '2f9708b2-dab0-445e-a4b3-ae25fe9cf286' WHERE duty_location_id=(SELECT id from duty_locations where name = 'Davis-Monthan AFB');
UPDATE duty_locations SET transportation_office_id=to_id, affiliation=aff FROM (SELECT transportation_office_id as to_id, affiliation as aff FROM duty_locations where id=(SELECT id from duty_locations where name = 'Davis-Monthan AFB')) dl WHERE id='2f9708b2-dab0-445e-a4b3-ae25fe9cf286';
DELETE FROM duty_locations WHERE id=(SELECT id from duty_locations where name = 'Davis-Monthan AFB');

-- Remove existing associated duty_location_names
-- Delete old duty_location_names
DELETE FROM duty_location_names where name = 'Davis-Monthan AFB';
-- Insert new duty_location_names
INSERT INTO duty_location_names (id, name, duty_location_id, created_at, updated_at) VALUES('1cc67e2b-cfb8-45c8-a553-df40131e7259', 'Davis-Monthan AFB', '2f9708b2-dab0-445e-a4b3-ae25fe9cf286', now(), now());
-- MERGE
UPDATE orders SET origin_duty_location_id='4df2711e-3df8-41cf-a61f-4098858588c9' WHERE origin_duty_location_id=(SELECT id from duty_locations where name = 'Detroit Arsenal');
UPDATE orders SET new_duty_location_id='4df2711e-3df8-41cf-a61f-4098858588c9' WHERE new_duty_location_id=(SELECT id from duty_locations where name = 'Detroit Arsenal');
UPDATE service_members SET duty_location_id='4df2711e-3df8-41cf-a61f-4098858588c9' WHERE duty_location_id=(SELECT id from duty_locations where name = 'Detroit Arsenal');
UPDATE duty_location_names SET duty_location_id = '4df2711e-3df8-41cf-a61f-4098858588c9' WHERE duty_location_id=(SELECT id from duty_locations where name = 'Detroit Arsenal');
UPDATE duty_locations SET transportation_office_id=to_id, affiliation=aff FROM (SELECT transportation_office_id as to_id, affiliation as aff FROM duty_locations where id=(SELECT id from duty_locations where name = 'Detroit Arsenal')) dl WHERE id='4df2711e-3df8-41cf-a61f-4098858588c9';
DELETE FROM duty_locations WHERE id=(SELECT id from duty_locations where name = 'Detroit Arsenal');

-- Remove existing associated duty_location_names
-- Delete old duty_location_names
DELETE FROM duty_location_names where name = 'Detroit Arsenal';
-- Insert new duty_location_names
INSERT INTO duty_location_names (id, name, duty_location_id, created_at, updated_at) VALUES('f80d1653-d980-4ed8-988b-2dc6831594e0', 'Detroit Arsenal', '4df2711e-3df8-41cf-a61f-4098858588c9', now(), now());
-- MERGE
UPDATE orders SET origin_duty_location_id='381791b4-fec2-4ac7-b7ed-7eefd3a0cb0f' WHERE origin_duty_location_id=(SELECT id from duty_locations where name = 'Dover AFB');
UPDATE orders SET new_duty_location_id='381791b4-fec2-4ac7-b7ed-7eefd3a0cb0f' WHERE new_duty_location_id=(SELECT id from duty_locations where name = 'Dover AFB');
UPDATE service_members SET duty_location_id='381791b4-fec2-4ac7-b7ed-7eefd3a0cb0f' WHERE duty_location_id=(SELECT id from duty_locations where name = 'Dover AFB');
UPDATE duty_location_names SET duty_location_id = '381791b4-fec2-4ac7-b7ed-7eefd3a0cb0f' WHERE duty_location_id=(SELECT id from duty_locations where name = 'Dover AFB');
UPDATE duty_locations SET transportation_office_id=to_id, affiliation=aff FROM (SELECT transportation_office_id as to_id, affiliation as aff FROM duty_locations where id=(SELECT id from duty_locations where name = 'Dover AFB')) dl WHERE id='381791b4-fec2-4ac7-b7ed-7eefd3a0cb0f';
DELETE FROM duty_locations WHERE id=(SELECT id from duty_locations where name = 'Dover AFB');

-- Remove existing associated duty_location_names
-- Delete old duty_location_names
DELETE FROM duty_location_names where name = 'Dover AFB';
-- Insert new duty_location_names
INSERT INTO duty_location_names (id, name, duty_location_id, created_at, updated_at) VALUES('7aabc488-5820-4b0d-9fd3-90eaf58fda44', 'Dover AFB', '381791b4-fec2-4ac7-b7ed-7eefd3a0cb0f', now(), now());
-- MERGE
UPDATE orders SET origin_duty_location_id='851acd34-fa2d-4e9b-b77a-e8ceea97c169' WHERE origin_duty_location_id=(SELECT id from duty_locations where name = 'Dugway Proving Ground');
UPDATE orders SET new_duty_location_id='851acd34-fa2d-4e9b-b77a-e8ceea97c169' WHERE new_duty_location_id=(SELECT id from duty_locations where name = 'Dugway Proving Ground');
UPDATE service_members SET duty_location_id='851acd34-fa2d-4e9b-b77a-e8ceea97c169' WHERE duty_location_id=(SELECT id from duty_locations where name = 'Dugway Proving Ground');
UPDATE duty_location_names SET duty_location_id = '851acd34-fa2d-4e9b-b77a-e8ceea97c169' WHERE duty_location_id=(SELECT id from duty_locations where name = 'Dugway Proving Ground');
UPDATE duty_locations SET transportation_office_id=to_id, affiliation=aff FROM (SELECT transportation_office_id as to_id, affiliation as aff FROM duty_locations where id=(SELECT id from duty_locations where name = 'Dugway Proving Ground')) dl WHERE id='851acd34-fa2d-4e9b-b77a-e8ceea97c169';
DELETE FROM duty_locations WHERE id=(SELECT id from duty_locations where name = 'Dugway Proving Ground');

-- Remove existing associated duty_location_names
-- Delete old duty_location_names
DELETE FROM duty_location_names where name = 'Dugway Proving Ground';
-- Insert new duty_location_names
INSERT INTO duty_location_names (id, name, duty_location_id, created_at, updated_at) VALUES('395446c6-2626-4642-9215-e235e2c17437', 'Dugway Proving Ground', '851acd34-fa2d-4e9b-b77a-e8ceea97c169', now(), now());
-- MERGE
UPDATE orders SET origin_duty_location_id='bdfc04d6-f5b3-4bb5-a8e6-e6c061f441af' WHERE origin_duty_location_id=(SELECT id from duty_locations where name = 'Dyess AFB');
UPDATE orders SET new_duty_location_id='bdfc04d6-f5b3-4bb5-a8e6-e6c061f441af' WHERE new_duty_location_id=(SELECT id from duty_locations where name = 'Dyess AFB');
UPDATE service_members SET duty_location_id='bdfc04d6-f5b3-4bb5-a8e6-e6c061f441af' WHERE duty_location_id=(SELECT id from duty_locations where name = 'Dyess AFB');
UPDATE duty_location_names SET duty_location_id = 'bdfc04d6-f5b3-4bb5-a8e6-e6c061f441af' WHERE duty_location_id=(SELECT id from duty_locations where name = 'Dyess AFB');
UPDATE duty_locations SET transportation_office_id=to_id, affiliation=aff FROM (SELECT transportation_office_id as to_id, affiliation as aff FROM duty_locations where id=(SELECT id from duty_locations where name = 'Dyess AFB')) dl WHERE id='bdfc04d6-f5b3-4bb5-a8e6-e6c061f441af';
DELETE FROM duty_locations WHERE id=(SELECT id from duty_locations where name = 'Dyess AFB');

-- Remove existing associated duty_location_names
-- Delete old duty_location_names
DELETE FROM duty_location_names where name = 'Dyess AFB';
-- Insert new duty_location_names
INSERT INTO duty_location_names (id, name, duty_location_id, created_at, updated_at) VALUES('307cbd55-87cd-495e-b24f-258d7cb45829', 'Dyess AFB', 'bdfc04d6-f5b3-4bb5-a8e6-e6c061f441af', now(), now());
-- MERGE
UPDATE orders SET origin_duty_location_id='3b8472c3-1201-4b8c-821e-0065b8fcdd89' WHERE origin_duty_location_id=(SELECT id from duty_locations where name = 'Edwards AFB');
UPDATE orders SET new_duty_location_id='3b8472c3-1201-4b8c-821e-0065b8fcdd89' WHERE new_duty_location_id=(SELECT id from duty_locations where name = 'Edwards AFB');
UPDATE service_members SET duty_location_id='3b8472c3-1201-4b8c-821e-0065b8fcdd89' WHERE duty_location_id=(SELECT id from duty_locations where name = 'Edwards AFB');
UPDATE duty_location_names SET duty_location_id = '3b8472c3-1201-4b8c-821e-0065b8fcdd89' WHERE duty_location_id=(SELECT id from duty_locations where name = 'Edwards AFB');
UPDATE duty_locations SET transportation_office_id=to_id, affiliation=aff FROM (SELECT transportation_office_id as to_id, affiliation as aff FROM duty_locations where id=(SELECT id from duty_locations where name = 'Edwards AFB')) dl WHERE id='3b8472c3-1201-4b8c-821e-0065b8fcdd89';
DELETE FROM duty_locations WHERE id=(SELECT id from duty_locations where name = 'Edwards AFB');

-- Remove existing associated duty_location_names
-- Delete old duty_location_names
DELETE FROM duty_location_names where name = 'Edwards AFB';
-- Insert new duty_location_names
INSERT INTO duty_location_names (id, name, duty_location_id, created_at, updated_at) VALUES('0263facc-ba91-4767-9d31-a2a00e3f135f', 'Edwards AFB', '3b8472c3-1201-4b8c-821e-0065b8fcdd89', now(), now());
-- MERGE
UPDATE orders SET origin_duty_location_id='63e4c238-e0d3-40ac-bfc3-8440d32d0cac' WHERE origin_duty_location_id=(SELECT id from duty_locations where name = 'Eglin AFB');
UPDATE orders SET new_duty_location_id='63e4c238-e0d3-40ac-bfc3-8440d32d0cac' WHERE new_duty_location_id=(SELECT id from duty_locations where name = 'Eglin AFB');
UPDATE service_members SET duty_location_id='63e4c238-e0d3-40ac-bfc3-8440d32d0cac' WHERE duty_location_id=(SELECT id from duty_locations where name = 'Eglin AFB');
UPDATE duty_location_names SET duty_location_id = '63e4c238-e0d3-40ac-bfc3-8440d32d0cac' WHERE duty_location_id=(SELECT id from duty_locations where name = 'Eglin AFB');
UPDATE duty_locations SET transportation_office_id=to_id, affiliation=aff FROM (SELECT transportation_office_id as to_id, affiliation as aff FROM duty_locations where id=(SELECT id from duty_locations where name = 'Eglin AFB')) dl WHERE id='63e4c238-e0d3-40ac-bfc3-8440d32d0cac';
DELETE FROM duty_locations WHERE id=(SELECT id from duty_locations where name = 'Eglin AFB');

-- Remove existing associated duty_location_names
-- Delete old duty_location_names
DELETE FROM duty_location_names where name = 'Eglin AFB';
-- Insert new duty_location_names
INSERT INTO duty_location_names (id, name, duty_location_id, created_at, updated_at) VALUES('babef53d-adc6-4221-ac59-5c916ac8e82d', 'Eglin AFB', '63e4c238-e0d3-40ac-bfc3-8440d32d0cac', now(), now());
-- MERGE
UPDATE orders SET origin_duty_location_id='901a72e3-766b-4f87-8560-2e25b9ce413e' WHERE origin_duty_location_id=(SELECT id from duty_locations where name = 'Ellsworth AFB');
UPDATE orders SET new_duty_location_id='901a72e3-766b-4f87-8560-2e25b9ce413e' WHERE new_duty_location_id=(SELECT id from duty_locations where name = 'Ellsworth AFB');
UPDATE service_members SET duty_location_id='901a72e3-766b-4f87-8560-2e25b9ce413e' WHERE duty_location_id=(SELECT id from duty_locations where name = 'Ellsworth AFB');
UPDATE duty_location_names SET duty_location_id = '901a72e3-766b-4f87-8560-2e25b9ce413e' WHERE duty_location_id=(SELECT id from duty_locations where name = 'Ellsworth AFB');
UPDATE duty_locations SET transportation_office_id=to_id, affiliation=aff FROM (SELECT transportation_office_id as to_id, affiliation as aff FROM duty_locations where id=(SELECT id from duty_locations where name = 'Ellsworth AFB')) dl WHERE id='901a72e3-766b-4f87-8560-2e25b9ce413e';
DELETE FROM duty_locations WHERE id=(SELECT id from duty_locations where name = 'Ellsworth AFB');

-- Remove existing associated duty_location_names
-- Delete old duty_location_names
DELETE FROM duty_location_names where name = 'Ellsworth AFB';
-- Insert new duty_location_names
INSERT INTO duty_location_names (id, name, duty_location_id, created_at, updated_at) VALUES('a6e1334e-6484-4448-a3eb-f5136d250453', 'Ellsworth AFB', '901a72e3-766b-4f87-8560-2e25b9ce413e', now(), now());
-- MERGE
UPDATE orders SET origin_duty_location_id='87468748-59f1-4a79-bc0d-bbe319939dc9' WHERE origin_duty_location_id=(SELECT id from duty_locations where name = 'Fairchild AFB');
UPDATE orders SET new_duty_location_id='87468748-59f1-4a79-bc0d-bbe319939dc9' WHERE new_duty_location_id=(SELECT id from duty_locations where name = 'Fairchild AFB');
UPDATE service_members SET duty_location_id='87468748-59f1-4a79-bc0d-bbe319939dc9' WHERE duty_location_id=(SELECT id from duty_locations where name = 'Fairchild AFB');
UPDATE duty_location_names SET duty_location_id = '87468748-59f1-4a79-bc0d-bbe319939dc9' WHERE duty_location_id=(SELECT id from duty_locations where name = 'Fairchild AFB');
UPDATE duty_locations SET transportation_office_id=to_id, affiliation=aff FROM (SELECT transportation_office_id as to_id, affiliation as aff FROM duty_locations where id=(SELECT id from duty_locations where name = 'Fairchild AFB')) dl WHERE id='87468748-59f1-4a79-bc0d-bbe319939dc9';
DELETE FROM duty_locations WHERE id=(SELECT id from duty_locations where name = 'Fairchild AFB');

-- Remove existing associated duty_location_names
-- Delete old duty_location_names
DELETE FROM duty_location_names where name = 'Fairchild AFB';
-- Insert new duty_location_names
INSERT INTO duty_location_names (id, name, duty_location_id, created_at, updated_at) VALUES('b004a866-0b67-4a3a-9f16-90b768b04b68', 'Fairchild AFB', '87468748-59f1-4a79-bc0d-bbe319939dc9', now(), now());
-- MERGE
UPDATE orders SET origin_duty_location_id='520b7015-3f81-4a33-9996-032f056c684e' WHERE origin_duty_location_id=(SELECT id from duty_locations where name = 'F.E. Warren AFB');
UPDATE orders SET new_duty_location_id='520b7015-3f81-4a33-9996-032f056c684e' WHERE new_duty_location_id=(SELECT id from duty_locations where name = 'F.E. Warren AFB');
UPDATE service_members SET duty_location_id='520b7015-3f81-4a33-9996-032f056c684e' WHERE duty_location_id=(SELECT id from duty_locations where name = 'F.E. Warren AFB');
UPDATE duty_location_names SET duty_location_id = '520b7015-3f81-4a33-9996-032f056c684e' WHERE duty_location_id=(SELECT id from duty_locations where name = 'F.E. Warren AFB');
UPDATE duty_locations SET transportation_office_id=to_id, affiliation=aff FROM (SELECT transportation_office_id as to_id, affiliation as aff FROM duty_locations where id=(SELECT id from duty_locations where name = 'F.E. Warren AFB')) dl WHERE id='520b7015-3f81-4a33-9996-032f056c684e';
DELETE FROM duty_locations WHERE id=(SELECT id from duty_locations where name = 'F.E. Warren AFB');

-- Remove existing associated duty_location_names
-- Delete old duty_location_names
DELETE FROM duty_location_names where name = 'F.E. Warren AFB';
-- Insert new duty_location_names
INSERT INTO duty_location_names (id, name, duty_location_id, created_at, updated_at) VALUES('04e76f34-4ccd-421a-a897-a1ba2f01d4e0', 'F.E. Warren AFB', '520b7015-3f81-4a33-9996-032f056c684e', now(), now());
-- MERGE
UPDATE orders SET origin_duty_location_id='e74bc2d1-1a7e-4800-b5ba-bde50996625b' WHERE origin_duty_location_id=(SELECT id from duty_locations where name = 'FLC Jacksonville');
UPDATE orders SET new_duty_location_id='e74bc2d1-1a7e-4800-b5ba-bde50996625b' WHERE new_duty_location_id=(SELECT id from duty_locations where name = 'FLC Jacksonville');
UPDATE service_members SET duty_location_id='e74bc2d1-1a7e-4800-b5ba-bde50996625b' WHERE duty_location_id=(SELECT id from duty_locations where name = 'FLC Jacksonville');
UPDATE duty_location_names SET duty_location_id = 'e74bc2d1-1a7e-4800-b5ba-bde50996625b' WHERE duty_location_id=(SELECT id from duty_locations where name = 'FLC Jacksonville');
UPDATE duty_locations SET transportation_office_id=to_id, affiliation=aff FROM (SELECT transportation_office_id as to_id, affiliation as aff FROM duty_locations where id=(SELECT id from duty_locations where name = 'FLC Jacksonville')) dl WHERE id='e74bc2d1-1a7e-4800-b5ba-bde50996625b';
DELETE FROM duty_locations WHERE id=(SELECT id from duty_locations where name = 'FLC Jacksonville');

-- Remove existing associated duty_location_names
-- Delete old duty_location_names
DELETE FROM duty_location_names where name = 'FLC Jacksonville';
-- Insert new duty_location_names
INSERT INTO duty_location_names (id, name, duty_location_id, created_at, updated_at) VALUES('c5c24381-0e9c-46e6-ac32-647d0da466fc', 'FLC Jacksonville', 'e74bc2d1-1a7e-4800-b5ba-bde50996625b', now(), now());
-- MERGE
UPDATE orders SET origin_duty_location_id='e2d6897c-4c18-43da-a693-ecc2d996d8e7' WHERE origin_duty_location_id=(SELECT id from duty_locations where name = 'Fort Belvoir');
UPDATE orders SET new_duty_location_id='e2d6897c-4c18-43da-a693-ecc2d996d8e7' WHERE new_duty_location_id=(SELECT id from duty_locations where name = 'Fort Belvoir');
UPDATE service_members SET duty_location_id='e2d6897c-4c18-43da-a693-ecc2d996d8e7' WHERE duty_location_id=(SELECT id from duty_locations where name = 'Fort Belvoir');
UPDATE duty_location_names SET duty_location_id = 'e2d6897c-4c18-43da-a693-ecc2d996d8e7' WHERE duty_location_id=(SELECT id from duty_locations where name = 'Fort Belvoir');
UPDATE duty_locations SET transportation_office_id=to_id, affiliation=aff FROM (SELECT transportation_office_id as to_id, affiliation as aff FROM duty_locations where id=(SELECT id from duty_locations where name = 'Fort Belvoir')) dl WHERE id='e2d6897c-4c18-43da-a693-ecc2d996d8e7';
DELETE FROM duty_locations WHERE id=(SELECT id from duty_locations where name = 'Fort Belvoir');

-- Remove existing associated duty_location_names
-- Delete old duty_location_names
DELETE FROM duty_location_names where name = 'Fort Belvoir';
-- Insert new duty_location_names
INSERT INTO duty_location_names (id, name, duty_location_id, created_at, updated_at) VALUES('b39d2cea-aa5f-435f-b744-450efe48ed17', 'Fort Belvoir', 'e2d6897c-4c18-43da-a693-ecc2d996d8e7', now(), now());
-- MERGE
UPDATE orders SET origin_duty_location_id='6139b78d-e3d8-4048-b70b-4d1221065d44' WHERE origin_duty_location_id=(SELECT id from duty_locations where name = 'Fort Bliss');
UPDATE orders SET new_duty_location_id='6139b78d-e3d8-4048-b70b-4d1221065d44' WHERE new_duty_location_id=(SELECT id from duty_locations where name = 'Fort Bliss');
UPDATE service_members SET duty_location_id='6139b78d-e3d8-4048-b70b-4d1221065d44' WHERE duty_location_id=(SELECT id from duty_locations where name = 'Fort Bliss');
UPDATE duty_location_names SET duty_location_id = '6139b78d-e3d8-4048-b70b-4d1221065d44' WHERE duty_location_id=(SELECT id from duty_locations where name = 'Fort Bliss');
UPDATE duty_locations SET transportation_office_id=to_id, affiliation=aff FROM (SELECT transportation_office_id as to_id, affiliation as aff FROM duty_locations where id=(SELECT id from duty_locations where name = 'Fort Bliss')) dl WHERE id='6139b78d-e3d8-4048-b70b-4d1221065d44';
DELETE FROM duty_locations WHERE id=(SELECT id from duty_locations where name = 'Fort Bliss');

-- Remove existing associated duty_location_names
-- Delete old duty_location_names
DELETE FROM duty_location_names where name = 'Fort Bliss';
-- Insert new duty_location_names
INSERT INTO duty_location_names (id, name, duty_location_id, created_at, updated_at) VALUES('ca737b7a-1d9e-4d5e-b00b-2aef9746415c', 'Fort Bliss', '6139b78d-e3d8-4048-b70b-4d1221065d44', now(), now());
-- MERGE
UPDATE orders SET origin_duty_location_id='9bd0b8a2-e425-46f0-abc1-147dfbfabd0e' WHERE origin_duty_location_id=(SELECT id from duty_locations where name = 'Fort Campbell');
UPDATE orders SET new_duty_location_id='9bd0b8a2-e425-46f0-abc1-147dfbfabd0e' WHERE new_duty_location_id=(SELECT id from duty_locations where name = 'Fort Campbell');
UPDATE service_members SET duty_location_id='9bd0b8a2-e425-46f0-abc1-147dfbfabd0e' WHERE duty_location_id=(SELECT id from duty_locations where name = 'Fort Campbell');
UPDATE duty_location_names SET duty_location_id = '9bd0b8a2-e425-46f0-abc1-147dfbfabd0e' WHERE duty_location_id=(SELECT id from duty_locations where name = 'Fort Campbell');
UPDATE duty_locations SET transportation_office_id=to_id, affiliation=aff FROM (SELECT transportation_office_id as to_id, affiliation as aff FROM duty_locations where id=(SELECT id from duty_locations where name = 'Fort Campbell')) dl WHERE id='9bd0b8a2-e425-46f0-abc1-147dfbfabd0e';
DELETE FROM duty_locations WHERE id=(SELECT id from duty_locations where name = 'Fort Campbell');

-- Remove existing associated duty_location_names
-- Delete old duty_location_names
DELETE FROM duty_location_names where name = 'Fort Campbell';
-- Insert new duty_location_names
INSERT INTO duty_location_names (id, name, duty_location_id, created_at, updated_at) VALUES('abd59a4d-f913-4496-ab44-e61def4db77d', 'Fort Campbell', '9bd0b8a2-e425-46f0-abc1-147dfbfabd0e', now(), now());
-- MERGE
UPDATE orders SET origin_duty_location_id='2e842bbc-fcc1-4e1c-bfca-c047a5bb5dcc' WHERE origin_duty_location_id=(SELECT id from duty_locations where name = 'Fort Carson');
UPDATE orders SET new_duty_location_id='2e842bbc-fcc1-4e1c-bfca-c047a5bb5dcc' WHERE new_duty_location_id=(SELECT id from duty_locations where name = 'Fort Carson');
UPDATE service_members SET duty_location_id='2e842bbc-fcc1-4e1c-bfca-c047a5bb5dcc' WHERE duty_location_id=(SELECT id from duty_locations where name = 'Fort Carson');
UPDATE duty_location_names SET duty_location_id = '2e842bbc-fcc1-4e1c-bfca-c047a5bb5dcc' WHERE duty_location_id=(SELECT id from duty_locations where name = 'Fort Carson');
UPDATE duty_locations SET transportation_office_id=to_id, affiliation=aff FROM (SELECT transportation_office_id as to_id, affiliation as aff FROM duty_locations where id=(SELECT id from duty_locations where name = 'Fort Carson')) dl WHERE id='2e842bbc-fcc1-4e1c-bfca-c047a5bb5dcc';
DELETE FROM duty_locations WHERE id=(SELECT id from duty_locations where name = 'Fort Carson');

-- Remove existing associated duty_location_names
-- Delete old duty_location_names
DELETE FROM duty_location_names where name = 'Fort Carson';
-- Insert new duty_location_names
INSERT INTO duty_location_names (id, name, duty_location_id, created_at, updated_at) VALUES('c2266b04-1086-489d-9e67-e4790523d6d8', 'Fort Carson', '2e842bbc-fcc1-4e1c-bfca-c047a5bb5dcc', now(), now());
-- MERGE
UPDATE orders SET origin_duty_location_id='b9cbf33a-115a-41df-9dfa-b64e945d8b8b' WHERE origin_duty_location_id=(SELECT id from duty_locations where name = 'Fort Cavazos');
UPDATE orders SET new_duty_location_id='b9cbf33a-115a-41df-9dfa-b64e945d8b8b' WHERE new_duty_location_id=(SELECT id from duty_locations where name = 'Fort Cavazos');
UPDATE service_members SET duty_location_id='b9cbf33a-115a-41df-9dfa-b64e945d8b8b' WHERE duty_location_id=(SELECT id from duty_locations where name = 'Fort Cavazos');
UPDATE duty_location_names SET duty_location_id = 'b9cbf33a-115a-41df-9dfa-b64e945d8b8b' WHERE duty_location_id=(SELECT id from duty_locations where name = 'Fort Cavazos');
UPDATE duty_locations SET transportation_office_id=to_id, affiliation=aff FROM (SELECT transportation_office_id as to_id, affiliation as aff FROM duty_locations where id=(SELECT id from duty_locations where name = 'Fort Cavazos')) dl WHERE id='b9cbf33a-115a-41df-9dfa-b64e945d8b8b';
DELETE FROM duty_locations WHERE id=(SELECT id from duty_locations where name = 'Fort Cavazos');

-- Remove existing associated duty_location_names
-- Delete old duty_location_names
DELETE FROM duty_location_names where name = 'Fort Cavazos';
-- Insert new duty_location_names
INSERT INTO duty_location_names (id, name, duty_location_id, created_at, updated_at) VALUES('d3907e50-f7bc-4813-902c-e7a0d9f4a3cf', 'Fort Cavazos', 'b9cbf33a-115a-41df-9dfa-b64e945d8b8b', now(), now());
-- MERGE
UPDATE orders SET origin_duty_location_id='d928c0f7-826e-4cdc-bffe-1af43b9a6e1f' WHERE origin_duty_location_id=(SELECT id from duty_locations where name = 'Fort Detrick');
UPDATE orders SET new_duty_location_id='d928c0f7-826e-4cdc-bffe-1af43b9a6e1f' WHERE new_duty_location_id=(SELECT id from duty_locations where name = 'Fort Detrick');
UPDATE service_members SET duty_location_id='d928c0f7-826e-4cdc-bffe-1af43b9a6e1f' WHERE duty_location_id=(SELECT id from duty_locations where name = 'Fort Detrick');
UPDATE duty_location_names SET duty_location_id = 'd928c0f7-826e-4cdc-bffe-1af43b9a6e1f' WHERE duty_location_id=(SELECT id from duty_locations where name = 'Fort Detrick');
UPDATE duty_locations SET transportation_office_id=to_id, affiliation=aff FROM (SELECT transportation_office_id as to_id, affiliation as aff FROM duty_locations where id=(SELECT id from duty_locations where name = 'Fort Detrick')) dl WHERE id='d928c0f7-826e-4cdc-bffe-1af43b9a6e1f';
DELETE FROM duty_locations WHERE id=(SELECT id from duty_locations where name = 'Fort Detrick');

-- Remove existing associated duty_location_names
-- Delete old duty_location_names
DELETE FROM duty_location_names where name = 'Fort Detrick';
-- Insert new duty_location_names
INSERT INTO duty_location_names (id, name, duty_location_id, created_at, updated_at) VALUES('51e96a47-2ef0-470f-8592-0727841ecb3a', 'Fort Detrick', 'd928c0f7-826e-4cdc-bffe-1af43b9a6e1f', now(), now());
-- MERGE
UPDATE orders SET origin_duty_location_id='21bc819e-dcc3-45f6-83f2-6678323750bf' WHERE origin_duty_location_id=(SELECT id from duty_locations where name = 'Fort Drum');
UPDATE orders SET new_duty_location_id='21bc819e-dcc3-45f6-83f2-6678323750bf' WHERE new_duty_location_id=(SELECT id from duty_locations where name = 'Fort Drum');
UPDATE service_members SET duty_location_id='21bc819e-dcc3-45f6-83f2-6678323750bf' WHERE duty_location_id=(SELECT id from duty_locations where name = 'Fort Drum');
UPDATE duty_location_names SET duty_location_id = '21bc819e-dcc3-45f6-83f2-6678323750bf' WHERE duty_location_id=(SELECT id from duty_locations where name = 'Fort Drum');
UPDATE duty_locations SET transportation_office_id=to_id, affiliation=aff FROM (SELECT transportation_office_id as to_id, affiliation as aff FROM duty_locations where id=(SELECT id from duty_locations where name = 'Fort Drum')) dl WHERE id='21bc819e-dcc3-45f6-83f2-6678323750bf';
DELETE FROM duty_locations WHERE id=(SELECT id from duty_locations where name = 'Fort Drum');

-- Remove existing associated duty_location_names
-- Delete old duty_location_names
DELETE FROM duty_location_names where name = 'Fort Drum';
-- Insert new duty_location_names
INSERT INTO duty_location_names (id, name, duty_location_id, created_at, updated_at) VALUES('ddf3d0d5-b882-42f4-8ddf-2e0d18f5a097', 'Fort Drum', '21bc819e-dcc3-45f6-83f2-6678323750bf', now(), now());
-- MERGE
UPDATE orders SET origin_duty_location_id='62e795f4-61a8-4cca-b59d-028345c07b89' WHERE origin_duty_location_id=(SELECT id from duty_locations where name = 'Fort Eisenhower');
UPDATE orders SET new_duty_location_id='62e795f4-61a8-4cca-b59d-028345c07b89' WHERE new_duty_location_id=(SELECT id from duty_locations where name = 'Fort Eisenhower');
UPDATE service_members SET duty_location_id='62e795f4-61a8-4cca-b59d-028345c07b89' WHERE duty_location_id=(SELECT id from duty_locations where name = 'Fort Eisenhower');
UPDATE duty_location_names SET duty_location_id = '62e795f4-61a8-4cca-b59d-028345c07b89' WHERE duty_location_id=(SELECT id from duty_locations where name = 'Fort Eisenhower');
UPDATE duty_locations SET transportation_office_id=to_id, affiliation=aff FROM (SELECT transportation_office_id as to_id, affiliation as aff FROM duty_locations where id=(SELECT id from duty_locations where name = 'Fort Eisenhower')) dl WHERE id='62e795f4-61a8-4cca-b59d-028345c07b89';
DELETE FROM duty_locations WHERE id=(SELECT id from duty_locations where name = 'Fort Eisenhower');

-- Remove existing associated duty_location_names
-- Delete old duty_location_names
DELETE FROM duty_location_names where name = 'Fort Eisenhower';
-- Insert new duty_location_names
INSERT INTO duty_location_names (id, name, duty_location_id, created_at, updated_at) VALUES('2c032550-ead8-43e6-b89f-579a8248ecff', 'Fort Eisenhower', '62e795f4-61a8-4cca-b59d-028345c07b89', now(), now());
-- MERGE
UPDATE orders SET origin_duty_location_id='9cf15b8d-985b-4ca3-9f27-4ba32a263908' WHERE origin_duty_location_id=(SELECT id from duty_locations where name = 'Fort Gregg-Adams');
UPDATE orders SET new_duty_location_id='9cf15b8d-985b-4ca3-9f27-4ba32a263908' WHERE new_duty_location_id=(SELECT id from duty_locations where name = 'Fort Gregg-Adams');
UPDATE service_members SET duty_location_id='9cf15b8d-985b-4ca3-9f27-4ba32a263908' WHERE duty_location_id=(SELECT id from duty_locations where name = 'Fort Gregg-Adams');
UPDATE duty_location_names SET duty_location_id = '9cf15b8d-985b-4ca3-9f27-4ba32a263908' WHERE duty_location_id=(SELECT id from duty_locations where name = 'Fort Gregg-Adams');
UPDATE duty_locations SET transportation_office_id=to_id, affiliation=aff FROM (SELECT transportation_office_id as to_id, affiliation as aff FROM duty_locations where id=(SELECT id from duty_locations where name = 'Fort Gregg-Adams')) dl WHERE id='9cf15b8d-985b-4ca3-9f27-4ba32a263908';
DELETE FROM duty_locations WHERE id=(SELECT id from duty_locations where name = 'Fort Gregg-Adams');

-- Remove existing associated duty_location_names
-- Delete old duty_location_names
DELETE FROM duty_location_names where name = 'Fort Gregg-Adams';
-- Insert new duty_location_names
INSERT INTO duty_location_names (id, name, duty_location_id, created_at, updated_at) VALUES('c51c038b-e927-4f38-b6ea-dce5985f6056', 'Fort Gregg-Adams', '9cf15b8d-985b-4ca3-9f27-4ba32a263908', now(), now());
-- MERGE
UPDATE orders SET origin_duty_location_id='c5860474-7688-4a79-8b3f-00d893962e0a' WHERE origin_duty_location_id=(SELECT id from duty_locations where name = 'Fort Hamilton');
UPDATE orders SET new_duty_location_id='c5860474-7688-4a79-8b3f-00d893962e0a' WHERE new_duty_location_id=(SELECT id from duty_locations where name = 'Fort Hamilton');
UPDATE service_members SET duty_location_id='c5860474-7688-4a79-8b3f-00d893962e0a' WHERE duty_location_id=(SELECT id from duty_locations where name = 'Fort Hamilton');
UPDATE duty_location_names SET duty_location_id = 'c5860474-7688-4a79-8b3f-00d893962e0a' WHERE duty_location_id=(SELECT id from duty_locations where name = 'Fort Hamilton');
UPDATE duty_locations SET transportation_office_id=to_id, affiliation=aff FROM (SELECT transportation_office_id as to_id, affiliation as aff FROM duty_locations where id=(SELECT id from duty_locations where name = 'Fort Hamilton')) dl WHERE id='c5860474-7688-4a79-8b3f-00d893962e0a';
DELETE FROM duty_locations WHERE id=(SELECT id from duty_locations where name = 'Fort Hamilton');

-- Remove existing associated duty_location_names
-- Delete old duty_location_names
DELETE FROM duty_location_names where name = 'Fort Hamilton';
-- Insert new duty_location_names
INSERT INTO duty_location_names (id, name, duty_location_id, created_at, updated_at) VALUES('566c9b60-5492-44a7-88d0-97729458e421', 'Fort Hamilton', 'c5860474-7688-4a79-8b3f-00d893962e0a', now(), now());
-- MERGE
UPDATE orders SET origin_duty_location_id='f906fc27-82b5-48b8-893a-d2b91ee7be6e' WHERE origin_duty_location_id=(SELECT id from duty_locations where name = 'Fort Huachuca');
UPDATE orders SET new_duty_location_id='f906fc27-82b5-48b8-893a-d2b91ee7be6e' WHERE new_duty_location_id=(SELECT id from duty_locations where name = 'Fort Huachuca');
UPDATE service_members SET duty_location_id='f906fc27-82b5-48b8-893a-d2b91ee7be6e' WHERE duty_location_id=(SELECT id from duty_locations where name = 'Fort Huachuca');
UPDATE duty_location_names SET duty_location_id = 'f906fc27-82b5-48b8-893a-d2b91ee7be6e' WHERE duty_location_id=(SELECT id from duty_locations where name = 'Fort Huachuca');
UPDATE duty_locations SET transportation_office_id=to_id, affiliation=aff FROM (SELECT transportation_office_id as to_id, affiliation as aff FROM duty_locations where id=(SELECT id from duty_locations where name = 'Fort Huachuca')) dl WHERE id='f906fc27-82b5-48b8-893a-d2b91ee7be6e';
DELETE FROM duty_locations WHERE id=(SELECT id from duty_locations where name = 'Fort Huachuca');

-- Remove existing associated duty_location_names
-- Delete old duty_location_names
DELETE FROM duty_location_names where name = 'Fort Huachuca';
-- Insert new duty_location_names
INSERT INTO duty_location_names (id, name, duty_location_id, created_at, updated_at) VALUES('3a87b7b9-d11c-496a-ae98-3ab89310af4f', 'Fort Huachuca', 'f906fc27-82b5-48b8-893a-d2b91ee7be6e', now(), now());
-- MERGE
UPDATE orders SET origin_duty_location_id='12421bcb-2ded-4165-b0ac-05f76301082a' WHERE origin_duty_location_id=(SELECT id from duty_locations where name = 'Fort Irwin');
UPDATE orders SET new_duty_location_id='12421bcb-2ded-4165-b0ac-05f76301082a' WHERE new_duty_location_id=(SELECT id from duty_locations where name = 'Fort Irwin');
UPDATE service_members SET duty_location_id='12421bcb-2ded-4165-b0ac-05f76301082a' WHERE duty_location_id=(SELECT id from duty_locations where name = 'Fort Irwin');
UPDATE duty_location_names SET duty_location_id = '12421bcb-2ded-4165-b0ac-05f76301082a' WHERE duty_location_id=(SELECT id from duty_locations where name = 'Fort Irwin');
UPDATE duty_locations SET transportation_office_id=to_id, affiliation=aff FROM (SELECT transportation_office_id as to_id, affiliation as aff FROM duty_locations where id=(SELECT id from duty_locations where name = 'Fort Irwin')) dl WHERE id='12421bcb-2ded-4165-b0ac-05f76301082a';
DELETE FROM duty_locations WHERE id=(SELECT id from duty_locations where name = 'Fort Irwin');

-- Remove existing associated duty_location_names
-- Delete old duty_location_names
DELETE FROM duty_location_names where name = 'Fort Irwin';
-- Insert new duty_location_names
INSERT INTO duty_location_names (id, name, duty_location_id, created_at, updated_at) VALUES('e2d1624e-a6f4-43fe-a82b-21f925101197', 'Fort Irwin', '12421bcb-2ded-4165-b0ac-05f76301082a', now(), now());
-- MERGE
UPDATE orders SET origin_duty_location_id='bf0d30ed-0bec-4353-9d46-576a3d198c56' WHERE origin_duty_location_id=(SELECT id from duty_locations where name = 'Fort Jackson');
UPDATE orders SET new_duty_location_id='bf0d30ed-0bec-4353-9d46-576a3d198c56' WHERE new_duty_location_id=(SELECT id from duty_locations where name = 'Fort Jackson');
UPDATE service_members SET duty_location_id='bf0d30ed-0bec-4353-9d46-576a3d198c56' WHERE duty_location_id=(SELECT id from duty_locations where name = 'Fort Jackson');
UPDATE duty_location_names SET duty_location_id = 'bf0d30ed-0bec-4353-9d46-576a3d198c56' WHERE duty_location_id=(SELECT id from duty_locations where name = 'Fort Jackson');
UPDATE duty_locations SET transportation_office_id=to_id, affiliation=aff FROM (SELECT transportation_office_id as to_id, affiliation as aff FROM duty_locations where id=(SELECT id from duty_locations where name = 'Fort Jackson')) dl WHERE id='bf0d30ed-0bec-4353-9d46-576a3d198c56';
DELETE FROM duty_locations WHERE id=(SELECT id from duty_locations where name = 'Fort Jackson');

-- Remove existing associated duty_location_names
-- Delete old duty_location_names
DELETE FROM duty_location_names where name = 'Fort Jackson';
-- Insert new duty_location_names
INSERT INTO duty_location_names (id, name, duty_location_id, created_at, updated_at) VALUES('14fc4dd3-b5de-4750-950b-1f114963f758', 'Fort Jackson', 'bf0d30ed-0bec-4353-9d46-576a3d198c56', now(), now());
-- MERGE
UPDATE orders SET origin_duty_location_id='436d4efc-6f0c-409a-b940-bfaae3e3cf7b' WHERE origin_duty_location_id=(SELECT id from duty_locations where name = 'Fort Johnson');
UPDATE orders SET new_duty_location_id='436d4efc-6f0c-409a-b940-bfaae3e3cf7b' WHERE new_duty_location_id=(SELECT id from duty_locations where name = 'Fort Johnson');
UPDATE service_members SET duty_location_id='436d4efc-6f0c-409a-b940-bfaae3e3cf7b' WHERE duty_location_id=(SELECT id from duty_locations where name = 'Fort Johnson');
UPDATE duty_location_names SET duty_location_id = '436d4efc-6f0c-409a-b940-bfaae3e3cf7b' WHERE duty_location_id=(SELECT id from duty_locations where name = 'Fort Johnson');
UPDATE duty_locations SET transportation_office_id=to_id, affiliation=aff FROM (SELECT transportation_office_id as to_id, affiliation as aff FROM duty_locations where id=(SELECT id from duty_locations where name = 'Fort Johnson')) dl WHERE id='436d4efc-6f0c-409a-b940-bfaae3e3cf7b';
DELETE FROM duty_locations WHERE id=(SELECT id from duty_locations where name = 'Fort Johnson');

-- Remove existing associated duty_location_names
-- Delete old duty_location_names
DELETE FROM duty_location_names where name = 'Fort Johnson';
-- Insert new duty_location_names
INSERT INTO duty_location_names (id, name, duty_location_id, created_at, updated_at) VALUES('32ec21b7-28fa-4ec4-9c2a-fa7bbe431fb5', 'Fort Johnson', '436d4efc-6f0c-409a-b940-bfaae3e3cf7b', now(), now());
-- MERGE
UPDATE orders SET origin_duty_location_id='866ac8f6-94f5-4fa0-b7d1-be7fcf9d51e9' WHERE origin_duty_location_id=(SELECT id from duty_locations where name = 'Fort Knox');
UPDATE orders SET new_duty_location_id='866ac8f6-94f5-4fa0-b7d1-be7fcf9d51e9' WHERE new_duty_location_id=(SELECT id from duty_locations where name = 'Fort Knox');
UPDATE service_members SET duty_location_id='866ac8f6-94f5-4fa0-b7d1-be7fcf9d51e9' WHERE duty_location_id=(SELECT id from duty_locations where name = 'Fort Knox');
UPDATE duty_location_names SET duty_location_id = '866ac8f6-94f5-4fa0-b7d1-be7fcf9d51e9' WHERE duty_location_id=(SELECT id from duty_locations where name = 'Fort Knox');
UPDATE duty_locations SET transportation_office_id=to_id, affiliation=aff FROM (SELECT transportation_office_id as to_id, affiliation as aff FROM duty_locations where id=(SELECT id from duty_locations where name = 'Fort Knox')) dl WHERE id='866ac8f6-94f5-4fa0-b7d1-be7fcf9d51e9';
DELETE FROM duty_locations WHERE id=(SELECT id from duty_locations where name = 'Fort Knox');

-- Remove existing associated duty_location_names
-- Delete old duty_location_names
DELETE FROM duty_location_names where name = 'Fort Knox';
-- Insert new duty_location_names
INSERT INTO duty_location_names (id, name, duty_location_id, created_at, updated_at) VALUES('7e9a4ce4-78a2-4429-945b-2435a22f2b1f', 'Fort Knox', '866ac8f6-94f5-4fa0-b7d1-be7fcf9d51e9', now(), now());
-- MERGE
UPDATE orders SET origin_duty_location_id='594460fe-c448-4b28-a113-4380ed036aa5' WHERE origin_duty_location_id=(SELECT id from duty_locations where name = 'Fort Leavenworth');
UPDATE orders SET new_duty_location_id='594460fe-c448-4b28-a113-4380ed036aa5' WHERE new_duty_location_id=(SELECT id from duty_locations where name = 'Fort Leavenworth');
UPDATE service_members SET duty_location_id='594460fe-c448-4b28-a113-4380ed036aa5' WHERE duty_location_id=(SELECT id from duty_locations where name = 'Fort Leavenworth');
UPDATE duty_location_names SET duty_location_id = '594460fe-c448-4b28-a113-4380ed036aa5' WHERE duty_location_id=(SELECT id from duty_locations where name = 'Fort Leavenworth');
UPDATE duty_locations SET transportation_office_id=to_id, affiliation=aff FROM (SELECT transportation_office_id as to_id, affiliation as aff FROM duty_locations where id=(SELECT id from duty_locations where name = 'Fort Leavenworth')) dl WHERE id='594460fe-c448-4b28-a113-4380ed036aa5';
DELETE FROM duty_locations WHERE id=(SELECT id from duty_locations where name = 'Fort Leavenworth');

-- Remove existing associated duty_location_names
-- Delete old duty_location_names
DELETE FROM duty_location_names where name = 'Fort Leavenworth';
-- Insert new duty_location_names
INSERT INTO duty_location_names (id, name, duty_location_id, created_at, updated_at) VALUES('a32b2f5b-863c-4bab-b9f0-c9977a3a07be', 'Fort Leavenworth', '594460fe-c448-4b28-a113-4380ed036aa5', now(), now());
-- MERGE
UPDATE orders SET origin_duty_location_id='93dd00c0-c6f0-474d-97bb-7b63cc18d573' WHERE origin_duty_location_id=(SELECT id from duty_locations where name = 'Fort Leonard Wood');
UPDATE orders SET new_duty_location_id='93dd00c0-c6f0-474d-97bb-7b63cc18d573' WHERE new_duty_location_id=(SELECT id from duty_locations where name = 'Fort Leonard Wood');
UPDATE service_members SET duty_location_id='93dd00c0-c6f0-474d-97bb-7b63cc18d573' WHERE duty_location_id=(SELECT id from duty_locations where name = 'Fort Leonard Wood');
UPDATE duty_location_names SET duty_location_id = '93dd00c0-c6f0-474d-97bb-7b63cc18d573' WHERE duty_location_id=(SELECT id from duty_locations where name = 'Fort Leonard Wood');
UPDATE duty_locations SET transportation_office_id=to_id, affiliation=aff FROM (SELECT transportation_office_id as to_id, affiliation as aff FROM duty_locations where id=(SELECT id from duty_locations where name = 'Fort Leonard Wood')) dl WHERE id='93dd00c0-c6f0-474d-97bb-7b63cc18d573';
DELETE FROM duty_locations WHERE id=(SELECT id from duty_locations where name = 'Fort Leonard Wood');

-- Remove existing associated duty_location_names
-- Delete old duty_location_names
DELETE FROM duty_location_names where name = 'Fort Leonard Wood';
-- Insert new duty_location_names
INSERT INTO duty_location_names (id, name, duty_location_id, created_at, updated_at) VALUES('bb4eb0fe-db97-4c54-a680-74f657538eb2', 'Fort Leonard Wood', '93dd00c0-c6f0-474d-97bb-7b63cc18d573', now(), now());
-- MERGE
UPDATE orders SET origin_duty_location_id='febd063e-89c6-4dd1-af3e-3a5a658de030' WHERE origin_duty_location_id=(SELECT id from duty_locations where name = 'Fort Liberty');
UPDATE orders SET new_duty_location_id='febd063e-89c6-4dd1-af3e-3a5a658de030' WHERE new_duty_location_id=(SELECT id from duty_locations where name = 'Fort Liberty');
UPDATE service_members SET duty_location_id='febd063e-89c6-4dd1-af3e-3a5a658de030' WHERE duty_location_id=(SELECT id from duty_locations where name = 'Fort Liberty');
UPDATE duty_location_names SET duty_location_id = 'febd063e-89c6-4dd1-af3e-3a5a658de030' WHERE duty_location_id=(SELECT id from duty_locations where name = 'Fort Liberty');
UPDATE duty_locations SET transportation_office_id=to_id, affiliation=aff FROM (SELECT transportation_office_id as to_id, affiliation as aff FROM duty_locations where id=(SELECT id from duty_locations where name = 'Fort Liberty')) dl WHERE id='febd063e-89c6-4dd1-af3e-3a5a658de030';
DELETE FROM duty_locations WHERE id=(SELECT id from duty_locations where name = 'Fort Liberty');

-- Remove existing associated duty_location_names
-- Delete old duty_location_names
DELETE FROM duty_location_names where name = 'Fort Liberty';
-- Insert new duty_location_names
INSERT INTO duty_location_names (id, name, duty_location_id, created_at, updated_at) VALUES('d9a203aa-4e08-4d82-9307-d2f2c7a232de', 'Fort Liberty', 'febd063e-89c6-4dd1-af3e-3a5a658de030', now(), now());
-- MERGE
UPDATE orders SET origin_duty_location_id='d34d1eb3-42cf-4909-87e6-b96bbb1af69e' WHERE origin_duty_location_id=(SELECT id from duty_locations where name = 'Fort McCoy');
UPDATE orders SET new_duty_location_id='d34d1eb3-42cf-4909-87e6-b96bbb1af69e' WHERE new_duty_location_id=(SELECT id from duty_locations where name = 'Fort McCoy');
UPDATE service_members SET duty_location_id='d34d1eb3-42cf-4909-87e6-b96bbb1af69e' WHERE duty_location_id=(SELECT id from duty_locations where name = 'Fort McCoy');
UPDATE duty_location_names SET duty_location_id = 'd34d1eb3-42cf-4909-87e6-b96bbb1af69e' WHERE duty_location_id=(SELECT id from duty_locations where name = 'Fort McCoy');
UPDATE duty_locations SET transportation_office_id=to_id, affiliation=aff FROM (SELECT transportation_office_id as to_id, affiliation as aff FROM duty_locations where id=(SELECT id from duty_locations where name = 'Fort McCoy')) dl WHERE id='d34d1eb3-42cf-4909-87e6-b96bbb1af69e';
DELETE FROM duty_locations WHERE id=(SELECT id from duty_locations where name = 'Fort McCoy');

-- Remove existing associated duty_location_names
-- Delete old duty_location_names
DELETE FROM duty_location_names where name = 'Fort McCoy';
-- Insert new duty_location_names
INSERT INTO duty_location_names (id, name, duty_location_id, created_at, updated_at) VALUES('a5be68f3-bc48-4e85-be1c-c8f744efda26', 'Fort McCoy', 'd34d1eb3-42cf-4909-87e6-b96bbb1af69e', now(), now());
-- MERGE
UPDATE orders SET origin_duty_location_id='22142c08-e65e-4dac-937d-50a21e56160f' WHERE origin_duty_location_id=(SELECT id from duty_locations where name = 'Fort Novosel');
UPDATE orders SET new_duty_location_id='22142c08-e65e-4dac-937d-50a21e56160f' WHERE new_duty_location_id=(SELECT id from duty_locations where name = 'Fort Novosel');
UPDATE service_members SET duty_location_id='22142c08-e65e-4dac-937d-50a21e56160f' WHERE duty_location_id=(SELECT id from duty_locations where name = 'Fort Novosel');
UPDATE duty_location_names SET duty_location_id = '22142c08-e65e-4dac-937d-50a21e56160f' WHERE duty_location_id=(SELECT id from duty_locations where name = 'Fort Novosel');
UPDATE duty_locations SET transportation_office_id=to_id, affiliation=aff FROM (SELECT transportation_office_id as to_id, affiliation as aff FROM duty_locations where id=(SELECT id from duty_locations where name = 'Fort Novosel')) dl WHERE id='22142c08-e65e-4dac-937d-50a21e56160f';
DELETE FROM duty_locations WHERE id=(SELECT id from duty_locations where name = 'Fort Novosel');

-- Remove existing associated duty_location_names
-- Delete old duty_location_names
DELETE FROM duty_location_names where name = 'Fort Novosel';
-- Insert new duty_location_names
INSERT INTO duty_location_names (id, name, duty_location_id, created_at, updated_at) VALUES('c762440f-2a7d-4c3b-9c92-ee230d45afe9', 'Fort Novosel', '22142c08-e65e-4dac-937d-50a21e56160f', now(), now());
-- MERGE
UPDATE orders SET origin_duty_location_id='9e5552eb-76b1-4b96-9046-603f54210cb2' WHERE origin_duty_location_id=(SELECT id from duty_locations where name = 'Fort Riley');
UPDATE orders SET new_duty_location_id='9e5552eb-76b1-4b96-9046-603f54210cb2' WHERE new_duty_location_id=(SELECT id from duty_locations where name = 'Fort Riley');
UPDATE service_members SET duty_location_id='9e5552eb-76b1-4b96-9046-603f54210cb2' WHERE duty_location_id=(SELECT id from duty_locations where name = 'Fort Riley');
UPDATE duty_location_names SET duty_location_id = '9e5552eb-76b1-4b96-9046-603f54210cb2' WHERE duty_location_id=(SELECT id from duty_locations where name = 'Fort Riley');
UPDATE duty_locations SET transportation_office_id=to_id, affiliation=aff FROM (SELECT transportation_office_id as to_id, affiliation as aff FROM duty_locations where id=(SELECT id from duty_locations where name = 'Fort Riley')) dl WHERE id='9e5552eb-76b1-4b96-9046-603f54210cb2';
DELETE FROM duty_locations WHERE id=(SELECT id from duty_locations where name = 'Fort Riley');

-- Remove existing associated duty_location_names
-- Delete old duty_location_names
DELETE FROM duty_location_names where name = 'Fort Riley';
-- Insert new duty_location_names
INSERT INTO duty_location_names (id, name, duty_location_id, created_at, updated_at) VALUES('2685d3fa-a946-42d9-aa08-02a1ad7348a9', 'Fort Riley', '9e5552eb-76b1-4b96-9046-603f54210cb2', now(), now());
-- MERGE
UPDATE orders SET origin_duty_location_id='5c182566-0e6e-46f2-9eef-f07963783575' WHERE origin_duty_location_id=(SELECT id from duty_locations where name = 'Fort Sill');
UPDATE orders SET new_duty_location_id='5c182566-0e6e-46f2-9eef-f07963783575' WHERE new_duty_location_id=(SELECT id from duty_locations where name = 'Fort Sill');
UPDATE service_members SET duty_location_id='5c182566-0e6e-46f2-9eef-f07963783575' WHERE duty_location_id=(SELECT id from duty_locations where name = 'Fort Sill');
UPDATE duty_location_names SET duty_location_id = '5c182566-0e6e-46f2-9eef-f07963783575' WHERE duty_location_id=(SELECT id from duty_locations where name = 'Fort Sill');
UPDATE duty_locations SET transportation_office_id=to_id, affiliation=aff FROM (SELECT transportation_office_id as to_id, affiliation as aff FROM duty_locations where id=(SELECT id from duty_locations where name = 'Fort Sill')) dl WHERE id='5c182566-0e6e-46f2-9eef-f07963783575';
DELETE FROM duty_locations WHERE id=(SELECT id from duty_locations where name = 'Fort Sill');

-- Remove existing associated duty_location_names
-- Delete old duty_location_names
DELETE FROM duty_location_names where name = 'Fort Sill';
-- Insert new duty_location_names
INSERT INTO duty_location_names (id, name, duty_location_id, created_at, updated_at) VALUES('83f9b4f5-4ae0-485d-a613-104e992397a0', 'Fort Sill', '5c182566-0e6e-46f2-9eef-f07963783575', now(), now());
-- MERGE
UPDATE orders SET origin_duty_location_id='c5511ab1-eb60-4a2f-9b31-4290aa39e39f' WHERE origin_duty_location_id=(SELECT id from duty_locations where name = 'Fort Stewart');
UPDATE orders SET new_duty_location_id='c5511ab1-eb60-4a2f-9b31-4290aa39e39f' WHERE new_duty_location_id=(SELECT id from duty_locations where name = 'Fort Stewart');
UPDATE service_members SET duty_location_id='c5511ab1-eb60-4a2f-9b31-4290aa39e39f' WHERE duty_location_id=(SELECT id from duty_locations where name = 'Fort Stewart');
UPDATE duty_location_names SET duty_location_id = 'c5511ab1-eb60-4a2f-9b31-4290aa39e39f' WHERE duty_location_id=(SELECT id from duty_locations where name = 'Fort Stewart');
UPDATE duty_locations SET transportation_office_id=to_id, affiliation=aff FROM (SELECT transportation_office_id as to_id, affiliation as aff FROM duty_locations where id=(SELECT id from duty_locations where name = 'Fort Stewart')) dl WHERE id='c5511ab1-eb60-4a2f-9b31-4290aa39e39f';
DELETE FROM duty_locations WHERE id=(SELECT id from duty_locations where name = 'Fort Stewart');

-- Remove existing associated duty_location_names
-- Delete old duty_location_names
DELETE FROM duty_location_names where name = 'Fort Stewart';
-- Insert new duty_location_names
INSERT INTO duty_location_names (id, name, duty_location_id, created_at, updated_at) VALUES('17d55a58-7aee-4052-abf3-d0d119d91038', 'Fort Stewart', 'c5511ab1-eb60-4a2f-9b31-4290aa39e39f', now(), now());
-- MERGE
UPDATE orders SET origin_duty_location_id='98895555-c34a-43cd-bd38-6bdfaea6f561' WHERE origin_duty_location_id=(SELECT id from duty_locations where name = 'Goodfellow AFB');
UPDATE orders SET new_duty_location_id='98895555-c34a-43cd-bd38-6bdfaea6f561' WHERE new_duty_location_id=(SELECT id from duty_locations where name = 'Goodfellow AFB');
UPDATE service_members SET duty_location_id='98895555-c34a-43cd-bd38-6bdfaea6f561' WHERE duty_location_id=(SELECT id from duty_locations where name = 'Goodfellow AFB');
UPDATE duty_location_names SET duty_location_id = '98895555-c34a-43cd-bd38-6bdfaea6f561' WHERE duty_location_id=(SELECT id from duty_locations where name = 'Goodfellow AFB');
UPDATE duty_locations SET transportation_office_id=to_id, affiliation=aff FROM (SELECT transportation_office_id as to_id, affiliation as aff FROM duty_locations where id=(SELECT id from duty_locations where name = 'Goodfellow AFB')) dl WHERE id='98895555-c34a-43cd-bd38-6bdfaea6f561';
DELETE FROM duty_locations WHERE id=(SELECT id from duty_locations where name = 'Goodfellow AFB');

-- Remove existing associated duty_location_names
-- Delete old duty_location_names
DELETE FROM duty_location_names where name = 'Goodfellow AFB';
-- Insert new duty_location_names
INSERT INTO duty_location_names (id, name, duty_location_id, created_at, updated_at) VALUES('f246232d-8624-4a70-9968-a3f338023698', 'Goodfellow AFB', '98895555-c34a-43cd-bd38-6bdfaea6f561', now(), now());
-- MERGE
UPDATE orders SET origin_duty_location_id='29ec6578-232a-4c9a-95bc-d9f3b38794d8' WHERE origin_duty_location_id=(SELECT id from duty_locations where name = 'Grand Forks AFB');
UPDATE orders SET new_duty_location_id='29ec6578-232a-4c9a-95bc-d9f3b38794d8' WHERE new_duty_location_id=(SELECT id from duty_locations where name = 'Grand Forks AFB');
UPDATE service_members SET duty_location_id='29ec6578-232a-4c9a-95bc-d9f3b38794d8' WHERE duty_location_id=(SELECT id from duty_locations where name = 'Grand Forks AFB');
UPDATE duty_location_names SET duty_location_id = '29ec6578-232a-4c9a-95bc-d9f3b38794d8' WHERE duty_location_id=(SELECT id from duty_locations where name = 'Grand Forks AFB');
UPDATE duty_locations SET transportation_office_id=to_id, affiliation=aff FROM (SELECT transportation_office_id as to_id, affiliation as aff FROM duty_locations where id=(SELECT id from duty_locations where name = 'Grand Forks AFB')) dl WHERE id='29ec6578-232a-4c9a-95bc-d9f3b38794d8';
DELETE FROM duty_locations WHERE id=(SELECT id from duty_locations where name = 'Grand Forks AFB');

-- Remove existing associated duty_location_names
-- Delete old duty_location_names
DELETE FROM duty_location_names where name = 'Grand Forks AFB';
-- Insert new duty_location_names
INSERT INTO duty_location_names (id, name, duty_location_id, created_at, updated_at) VALUES('6e6ee58c-fca0-4bb2-88f9-434e003e6231', 'Grand Forks AFB', '29ec6578-232a-4c9a-95bc-d9f3b38794d8', now(), now());
-- MERGE
UPDATE orders SET origin_duty_location_id='a119e2b3-3617-4c8f-85aa-55d204da100a' WHERE origin_duty_location_id=(SELECT id from duty_locations where name = 'Hanscom AFB');
UPDATE orders SET new_duty_location_id='a119e2b3-3617-4c8f-85aa-55d204da100a' WHERE new_duty_location_id=(SELECT id from duty_locations where name = 'Hanscom AFB');
UPDATE service_members SET duty_location_id='a119e2b3-3617-4c8f-85aa-55d204da100a' WHERE duty_location_id=(SELECT id from duty_locations where name = 'Hanscom AFB');
UPDATE duty_location_names SET duty_location_id = 'a119e2b3-3617-4c8f-85aa-55d204da100a' WHERE duty_location_id=(SELECT id from duty_locations where name = 'Hanscom AFB');
UPDATE duty_locations SET transportation_office_id=to_id, affiliation=aff FROM (SELECT transportation_office_id as to_id, affiliation as aff FROM duty_locations where id=(SELECT id from duty_locations where name = 'Hanscom AFB')) dl WHERE id='a119e2b3-3617-4c8f-85aa-55d204da100a';
DELETE FROM duty_locations WHERE id=(SELECT id from duty_locations where name = 'Hanscom AFB');

-- Remove existing associated duty_location_names
-- Delete old duty_location_names
DELETE FROM duty_location_names where name = 'Hanscom AFB';
-- Insert new duty_location_names
INSERT INTO duty_location_names (id, name, duty_location_id, created_at, updated_at) VALUES('1f3de3b4-ab90-4379-88dc-93196cccc8ca', 'Hanscom AFB', 'a119e2b3-3617-4c8f-85aa-55d204da100a', now(), now());
-- MERGE
UPDATE orders SET origin_duty_location_id='2b3d99bc-d3f5-45dc-86a5-353b91763b38' WHERE origin_duty_location_id=(SELECT id from duty_locations where name = 'Hill AFB');
UPDATE orders SET new_duty_location_id='2b3d99bc-d3f5-45dc-86a5-353b91763b38' WHERE new_duty_location_id=(SELECT id from duty_locations where name = 'Hill AFB');
UPDATE service_members SET duty_location_id='2b3d99bc-d3f5-45dc-86a5-353b91763b38' WHERE duty_location_id=(SELECT id from duty_locations where name = 'Hill AFB');
UPDATE duty_location_names SET duty_location_id = '2b3d99bc-d3f5-45dc-86a5-353b91763b38' WHERE duty_location_id=(SELECT id from duty_locations where name = 'Hill AFB');
UPDATE duty_locations SET transportation_office_id=to_id, affiliation=aff FROM (SELECT transportation_office_id as to_id, affiliation as aff FROM duty_locations where id=(SELECT id from duty_locations where name = 'Hill AFB')) dl WHERE id='2b3d99bc-d3f5-45dc-86a5-353b91763b38';
DELETE FROM duty_locations WHERE id=(SELECT id from duty_locations where name = 'Hill AFB');

-- Remove existing associated duty_location_names
-- Delete old duty_location_names
DELETE FROM duty_location_names where name = 'Hill AFB';
-- Insert new duty_location_names
INSERT INTO duty_location_names (id, name, duty_location_id, created_at, updated_at) VALUES('e9eb2122-5be4-4b0d-bec6-690e96102144', 'Hill AFB', '2b3d99bc-d3f5-45dc-86a5-353b91763b38', now(), now());
-- MERGE
UPDATE orders SET origin_duty_location_id='c33550d7-d862-4fe1-a81c-db1b31b777df' WHERE origin_duty_location_id=(SELECT id from duty_locations where name = 'Holloman AFB');
UPDATE orders SET new_duty_location_id='c33550d7-d862-4fe1-a81c-db1b31b777df' WHERE new_duty_location_id=(SELECT id from duty_locations where name = 'Holloman AFB');
UPDATE service_members SET duty_location_id='c33550d7-d862-4fe1-a81c-db1b31b777df' WHERE duty_location_id=(SELECT id from duty_locations where name = 'Holloman AFB');
UPDATE duty_location_names SET duty_location_id = 'c33550d7-d862-4fe1-a81c-db1b31b777df' WHERE duty_location_id=(SELECT id from duty_locations where name = 'Holloman AFB');
UPDATE duty_locations SET transportation_office_id=to_id, affiliation=aff FROM (SELECT transportation_office_id as to_id, affiliation as aff FROM duty_locations where id=(SELECT id from duty_locations where name = 'Holloman AFB')) dl WHERE id='c33550d7-d862-4fe1-a81c-db1b31b777df';
DELETE FROM duty_locations WHERE id=(SELECT id from duty_locations where name = 'Holloman AFB');

-- Remove existing associated duty_location_names
-- Delete old duty_location_names
DELETE FROM duty_location_names where name = 'Holloman AFB';
-- Insert new duty_location_names
INSERT INTO duty_location_names (id, name, duty_location_id, created_at, updated_at) VALUES('04d3ef5e-78d5-40d8-bc60-124775189602', 'Holloman AFB', 'c33550d7-d862-4fe1-a81c-db1b31b777df', now(), now());
-- MERGE
UPDATE orders SET origin_duty_location_id='46543dc6-971d-4dde-9c88-3a425c502f29' WHERE origin_duty_location_id=(SELECT id from duty_locations where name = 'Hurlburt Field');
UPDATE orders SET new_duty_location_id='46543dc6-971d-4dde-9c88-3a425c502f29' WHERE new_duty_location_id=(SELECT id from duty_locations where name = 'Hurlburt Field');
UPDATE service_members SET duty_location_id='46543dc6-971d-4dde-9c88-3a425c502f29' WHERE duty_location_id=(SELECT id from duty_locations where name = 'Hurlburt Field');
UPDATE duty_location_names SET duty_location_id = '46543dc6-971d-4dde-9c88-3a425c502f29' WHERE duty_location_id=(SELECT id from duty_locations where name = 'Hurlburt Field');
UPDATE duty_locations SET transportation_office_id=to_id, affiliation=aff FROM (SELECT transportation_office_id as to_id, affiliation as aff FROM duty_locations where id=(SELECT id from duty_locations where name = 'Hurlburt Field')) dl WHERE id='46543dc6-971d-4dde-9c88-3a425c502f29';
DELETE FROM duty_locations WHERE id=(SELECT id from duty_locations where name = 'Hurlburt Field');

-- Remove existing associated duty_location_names
-- Delete old duty_location_names
DELETE FROM duty_location_names where name = 'Hurlburt Field';
-- Insert new duty_location_names
INSERT INTO duty_location_names (id, name, duty_location_id, created_at, updated_at) VALUES('ff04e822-0e87-4b7d-a4b2-ea226e5e2a8d', 'Hurlburt Field', '46543dc6-971d-4dde-9c88-3a425c502f29', now(), now());
-- MERGE
UPDATE orders SET origin_duty_location_id='bd08785d-18cb-4ab1-a5b9-998c6df77e7c' WHERE origin_duty_location_id=(SELECT id from duty_locations where name = 'JB Andrews');
UPDATE orders SET new_duty_location_id='bd08785d-18cb-4ab1-a5b9-998c6df77e7c' WHERE new_duty_location_id=(SELECT id from duty_locations where name = 'JB Andrews');
UPDATE service_members SET duty_location_id='bd08785d-18cb-4ab1-a5b9-998c6df77e7c' WHERE duty_location_id=(SELECT id from duty_locations where name = 'JB Andrews');
UPDATE duty_location_names SET duty_location_id = 'bd08785d-18cb-4ab1-a5b9-998c6df77e7c' WHERE duty_location_id=(SELECT id from duty_locations where name = 'JB Andrews');
UPDATE duty_locations SET transportation_office_id=to_id, affiliation=aff FROM (SELECT transportation_office_id as to_id, affiliation as aff FROM duty_locations where id=(SELECT id from duty_locations where name = 'JB Andrews')) dl WHERE id='bd08785d-18cb-4ab1-a5b9-998c6df77e7c';
DELETE FROM duty_locations WHERE id=(SELECT id from duty_locations where name = 'JB Andrews');

-- Remove existing associated duty_location_names
-- Delete old duty_location_names
DELETE FROM duty_location_names where name = 'JB Andrews';
-- Insert new duty_location_names
INSERT INTO duty_location_names (id, name, duty_location_id, created_at, updated_at) VALUES('b1b867fe-59df-4931-8559-8a18db01f0de', 'JB Andrews', 'bd08785d-18cb-4ab1-a5b9-998c6df77e7c', now(), now());
-- MERGE
UPDATE orders SET origin_duty_location_id='fb2dce13-08f9-46e0-b584-699e0a39368d' WHERE origin_duty_location_id=(SELECT id from duty_locations where name = 'JBSA Fort Sam Houston');
UPDATE orders SET new_duty_location_id='fb2dce13-08f9-46e0-b584-699e0a39368d' WHERE new_duty_location_id=(SELECT id from duty_locations where name = 'JBSA Fort Sam Houston');
UPDATE service_members SET duty_location_id='fb2dce13-08f9-46e0-b584-699e0a39368d' WHERE duty_location_id=(SELECT id from duty_locations where name = 'JBSA Fort Sam Houston');
UPDATE duty_location_names SET duty_location_id = 'fb2dce13-08f9-46e0-b584-699e0a39368d' WHERE duty_location_id=(SELECT id from duty_locations where name = 'JBSA Fort Sam Houston');
UPDATE duty_locations SET transportation_office_id=to_id, affiliation=aff FROM (SELECT transportation_office_id as to_id, affiliation as aff FROM duty_locations where id=(SELECT id from duty_locations where name = 'JBSA Fort Sam Houston')) dl WHERE id='fb2dce13-08f9-46e0-b584-699e0a39368d';
DELETE FROM duty_locations WHERE id=(SELECT id from duty_locations where name = 'JBSA Fort Sam Houston');

-- Remove existing associated duty_location_names
-- Delete old duty_location_names
DELETE FROM duty_location_names where name = 'JBSA Fort Sam Houston';
-- Insert new duty_location_names
INSERT INTO duty_location_names (id, name, duty_location_id, created_at, updated_at) VALUES('d8e16ab1-0e56-4991-8d38-579a3fe204a6', 'JBSA Fort Sam Houston', 'fb2dce13-08f9-46e0-b584-699e0a39368d', now(), now());
-- MERGE
UPDATE orders SET origin_duty_location_id='65858be9-a697-43e2-ab37-a7e31d272de5' WHERE origin_duty_location_id=(SELECT id from duty_locations where name = 'JBSA Lackland');
UPDATE orders SET new_duty_location_id='65858be9-a697-43e2-ab37-a7e31d272de5' WHERE new_duty_location_id=(SELECT id from duty_locations where name = 'JBSA Lackland');
UPDATE service_members SET duty_location_id='65858be9-a697-43e2-ab37-a7e31d272de5' WHERE duty_location_id=(SELECT id from duty_locations where name = 'JBSA Lackland');
UPDATE duty_location_names SET duty_location_id = '65858be9-a697-43e2-ab37-a7e31d272de5' WHERE duty_location_id=(SELECT id from duty_locations where name = 'JBSA Lackland');
UPDATE duty_locations SET transportation_office_id=to_id, affiliation=aff FROM (SELECT transportation_office_id as to_id, affiliation as aff FROM duty_locations where id=(SELECT id from duty_locations where name = 'JBSA Lackland')) dl WHERE id='65858be9-a697-43e2-ab37-a7e31d272de5';
DELETE FROM duty_locations WHERE id=(SELECT id from duty_locations where name = 'JBSA Lackland');

-- Remove existing associated duty_location_names
-- Delete old duty_location_names
DELETE FROM duty_location_names where name = 'JBSA Lackland';
-- Insert new duty_location_names
INSERT INTO duty_location_names (id, name, duty_location_id, created_at, updated_at) VALUES('f245b668-309c-4944-86b6-07b81d2f15ca', 'JBSA Lackland', '65858be9-a697-43e2-ab37-a7e31d272de5', now(), now());
-- MERGE
UPDATE orders SET origin_duty_location_id='b37df3e7-64af-4e85-b573-d30fa49c486f' WHERE origin_duty_location_id=(SELECT id from duty_locations where name = 'JBSA Randolph');
UPDATE orders SET new_duty_location_id='b37df3e7-64af-4e85-b573-d30fa49c486f' WHERE new_duty_location_id=(SELECT id from duty_locations where name = 'JBSA Randolph');
UPDATE service_members SET duty_location_id='b37df3e7-64af-4e85-b573-d30fa49c486f' WHERE duty_location_id=(SELECT id from duty_locations where name = 'JBSA Randolph');
UPDATE duty_location_names SET duty_location_id = 'b37df3e7-64af-4e85-b573-d30fa49c486f' WHERE duty_location_id=(SELECT id from duty_locations where name = 'JBSA Randolph');
UPDATE duty_locations SET transportation_office_id=to_id, affiliation=aff FROM (SELECT transportation_office_id as to_id, affiliation as aff FROM duty_locations where id=(SELECT id from duty_locations where name = 'JBSA Randolph')) dl WHERE id='b37df3e7-64af-4e85-b573-d30fa49c486f';
DELETE FROM duty_locations WHERE id=(SELECT id from duty_locations where name = 'JBSA Randolph');

-- Remove existing associated duty_location_names
-- Delete old duty_location_names
DELETE FROM duty_location_names where name = 'JBSA Randolph';
-- Insert new duty_location_names
INSERT INTO duty_location_names (id, name, duty_location_id, created_at, updated_at) VALUES('e0cd92e8-8a3d-4c88-b090-13ef6baffd9f', 'JBSA Randolph', 'b37df3e7-64af-4e85-b573-d30fa49c486f', now(), now());
-- MERGE
UPDATE orders SET origin_duty_location_id='c6c49c5c-db92-4e61-9af7-9fbf0a5505a8' WHERE origin_duty_location_id=(SELECT id from duty_locations where name = 'Keesler AFB');
UPDATE orders SET new_duty_location_id='c6c49c5c-db92-4e61-9af7-9fbf0a5505a8' WHERE new_duty_location_id=(SELECT id from duty_locations where name = 'Keesler AFB');
UPDATE service_members SET duty_location_id='c6c49c5c-db92-4e61-9af7-9fbf0a5505a8' WHERE duty_location_id=(SELECT id from duty_locations where name = 'Keesler AFB');
UPDATE duty_location_names SET duty_location_id = 'c6c49c5c-db92-4e61-9af7-9fbf0a5505a8' WHERE duty_location_id=(SELECT id from duty_locations where name = 'Keesler AFB');
UPDATE duty_locations SET transportation_office_id=to_id, affiliation=aff FROM (SELECT transportation_office_id as to_id, affiliation as aff FROM duty_locations where id=(SELECT id from duty_locations where name = 'Keesler AFB')) dl WHERE id='c6c49c5c-db92-4e61-9af7-9fbf0a5505a8';
DELETE FROM duty_locations WHERE id=(SELECT id from duty_locations where name = 'Keesler AFB');

-- Remove existing associated duty_location_names
-- Delete old duty_location_names
DELETE FROM duty_location_names where name = 'Keesler AFB';
-- Insert new duty_location_names
INSERT INTO duty_location_names (id, name, duty_location_id, created_at, updated_at) VALUES('bba7ce21-131c-4029-a752-eabdf63a477a', 'Keesler AFB', 'c6c49c5c-db92-4e61-9af7-9fbf0a5505a8', now(), now());
-- MERGE
UPDATE orders SET origin_duty_location_id='80f5cc2d-bda8-432c-943a-7f22edc464db' WHERE origin_duty_location_id=(SELECT id from duty_locations where name = 'Kirtland AFB');
UPDATE orders SET new_duty_location_id='80f5cc2d-bda8-432c-943a-7f22edc464db' WHERE new_duty_location_id=(SELECT id from duty_locations where name = 'Kirtland AFB');
UPDATE service_members SET duty_location_id='80f5cc2d-bda8-432c-943a-7f22edc464db' WHERE duty_location_id=(SELECT id from duty_locations where name = 'Kirtland AFB');
UPDATE duty_location_names SET duty_location_id = '80f5cc2d-bda8-432c-943a-7f22edc464db' WHERE duty_location_id=(SELECT id from duty_locations where name = 'Kirtland AFB');
UPDATE duty_locations SET transportation_office_id=to_id, affiliation=aff FROM (SELECT transportation_office_id as to_id, affiliation as aff FROM duty_locations where id=(SELECT id from duty_locations where name = 'Kirtland AFB')) dl WHERE id='80f5cc2d-bda8-432c-943a-7f22edc464db';
DELETE FROM duty_locations WHERE id=(SELECT id from duty_locations where name = 'Kirtland AFB');

-- Remove existing associated duty_location_names
-- Delete old duty_location_names
DELETE FROM duty_location_names where name = 'Kirtland AFB';
-- Insert new duty_location_names
INSERT INTO duty_location_names (id, name, duty_location_id, created_at, updated_at) VALUES('d725b5c1-d5ee-4426-869a-22bffe44cd7d', 'Kirtland AFB', '80f5cc2d-bda8-432c-943a-7f22edc464db', now(), now());
-- MERGE
UPDATE orders SET origin_duty_location_id='b418b663-16ca-4346-8572-b9dcb7528d09' WHERE origin_duty_location_id=(SELECT id from duty_locations where name = 'Laughlin AFB');
UPDATE orders SET new_duty_location_id='b418b663-16ca-4346-8572-b9dcb7528d09' WHERE new_duty_location_id=(SELECT id from duty_locations where name = 'Laughlin AFB');
UPDATE service_members SET duty_location_id='b418b663-16ca-4346-8572-b9dcb7528d09' WHERE duty_location_id=(SELECT id from duty_locations where name = 'Laughlin AFB');
UPDATE duty_location_names SET duty_location_id = 'b418b663-16ca-4346-8572-b9dcb7528d09' WHERE duty_location_id=(SELECT id from duty_locations where name = 'Laughlin AFB');
UPDATE duty_locations SET transportation_office_id=to_id, affiliation=aff FROM (SELECT transportation_office_id as to_id, affiliation as aff FROM duty_locations where id=(SELECT id from duty_locations where name = 'Laughlin AFB')) dl WHERE id='b418b663-16ca-4346-8572-b9dcb7528d09';
DELETE FROM duty_locations WHERE id=(SELECT id from duty_locations where name = 'Laughlin AFB');

-- Remove existing associated duty_location_names
-- Delete old duty_location_names
DELETE FROM duty_location_names where name = 'Laughlin AFB';
-- Insert new duty_location_names
INSERT INTO duty_location_names (id, name, duty_location_id, created_at, updated_at) VALUES('95002f3a-c754-46fc-9794-b290c796e8aa', 'Laughlin AFB', 'b418b663-16ca-4346-8572-b9dcb7528d09', now(), now());
-- MERGE
UPDATE orders SET origin_duty_location_id='704d60a6-8ba6-497e-b271-ef5dffd3f7f9' WHERE origin_duty_location_id=(SELECT id from duty_locations where name = 'Little Rock AFB');
UPDATE orders SET new_duty_location_id='704d60a6-8ba6-497e-b271-ef5dffd3f7f9' WHERE new_duty_location_id=(SELECT id from duty_locations where name = 'Little Rock AFB');
UPDATE service_members SET duty_location_id='704d60a6-8ba6-497e-b271-ef5dffd3f7f9' WHERE duty_location_id=(SELECT id from duty_locations where name = 'Little Rock AFB');
UPDATE duty_location_names SET duty_location_id = '704d60a6-8ba6-497e-b271-ef5dffd3f7f9' WHERE duty_location_id=(SELECT id from duty_locations where name = 'Little Rock AFB');
UPDATE duty_locations SET transportation_office_id=to_id, affiliation=aff FROM (SELECT transportation_office_id as to_id, affiliation as aff FROM duty_locations where id=(SELECT id from duty_locations where name = 'Little Rock AFB')) dl WHERE id='704d60a6-8ba6-497e-b271-ef5dffd3f7f9';
DELETE FROM duty_locations WHERE id=(SELECT id from duty_locations where name = 'Little Rock AFB');

-- Remove existing associated duty_location_names
-- Delete old duty_location_names
DELETE FROM duty_location_names where name = 'Little Rock AFB';
-- Insert new duty_location_names
INSERT INTO duty_location_names (id, name, duty_location_id, created_at, updated_at) VALUES('ef873284-e256-4d11-bce2-239a211b9dbf', 'Little Rock AFB', '704d60a6-8ba6-497e-b271-ef5dffd3f7f9', now(), now());
-- MERGE
UPDATE orders SET origin_duty_location_id='450ce4e6-7ee7-4e24-aa15-d2fefa6cd7d8' WHERE origin_duty_location_id=(SELECT id from duty_locations where name = 'Luke AFB');
UPDATE orders SET new_duty_location_id='450ce4e6-7ee7-4e24-aa15-d2fefa6cd7d8' WHERE new_duty_location_id=(SELECT id from duty_locations where name = 'Luke AFB');
UPDATE service_members SET duty_location_id='450ce4e6-7ee7-4e24-aa15-d2fefa6cd7d8' WHERE duty_location_id=(SELECT id from duty_locations where name = 'Luke AFB');
UPDATE duty_location_names SET duty_location_id = '450ce4e6-7ee7-4e24-aa15-d2fefa6cd7d8' WHERE duty_location_id=(SELECT id from duty_locations where name = 'Luke AFB');
UPDATE duty_locations SET transportation_office_id=to_id, affiliation=aff FROM (SELECT transportation_office_id as to_id, affiliation as aff FROM duty_locations where id=(SELECT id from duty_locations where name = 'Luke AFB')) dl WHERE id='450ce4e6-7ee7-4e24-aa15-d2fefa6cd7d8';
DELETE FROM duty_locations WHERE id=(SELECT id from duty_locations where name = 'Luke AFB');

-- Remove existing associated duty_location_names
-- Delete old duty_location_names
DELETE FROM duty_location_names where name = 'Luke AFB';
-- Insert new duty_location_names
INSERT INTO duty_location_names (id, name, duty_location_id, created_at, updated_at) VALUES('ff8c440c-2566-4a72-be7d-5d3154e13960', 'Luke AFB', '450ce4e6-7ee7-4e24-aa15-d2fefa6cd7d8', now(), now());
-- MERGE
UPDATE orders SET origin_duty_location_id='ce4c53a0-1ab7-4aed-8832-c7e701c1096b' WHERE origin_duty_location_id=(SELECT id from duty_locations where name = 'Malmstrom AFB');
UPDATE orders SET new_duty_location_id='ce4c53a0-1ab7-4aed-8832-c7e701c1096b' WHERE new_duty_location_id=(SELECT id from duty_locations where name = 'Malmstrom AFB');
UPDATE service_members SET duty_location_id='ce4c53a0-1ab7-4aed-8832-c7e701c1096b' WHERE duty_location_id=(SELECT id from duty_locations where name = 'Malmstrom AFB');
UPDATE duty_location_names SET duty_location_id = 'ce4c53a0-1ab7-4aed-8832-c7e701c1096b' WHERE duty_location_id=(SELECT id from duty_locations where name = 'Malmstrom AFB');
UPDATE duty_locations SET transportation_office_id=to_id, affiliation=aff FROM (SELECT transportation_office_id as to_id, affiliation as aff FROM duty_locations where id=(SELECT id from duty_locations where name = 'Malmstrom AFB')) dl WHERE id='ce4c53a0-1ab7-4aed-8832-c7e701c1096b';
DELETE FROM duty_locations WHERE id=(SELECT id from duty_locations where name = 'Malmstrom AFB');

-- Remove existing associated duty_location_names
-- Delete old duty_location_names
DELETE FROM duty_location_names where name = 'Malmstrom AFB';
-- Insert new duty_location_names
INSERT INTO duty_location_names (id, name, duty_location_id, created_at, updated_at) VALUES('c214b934-3804-466d-80c5-84d909836e36', 'Malmstrom AFB', 'ce4c53a0-1ab7-4aed-8832-c7e701c1096b', now(), now());
-- MERGE
UPDATE orders SET origin_duty_location_id='381a7342-9c35-4f55-a613-a413049fa6d7' WHERE origin_duty_location_id=(SELECT id from duty_locations where name = 'Maxwell AFB');
UPDATE orders SET new_duty_location_id='381a7342-9c35-4f55-a613-a413049fa6d7' WHERE new_duty_location_id=(SELECT id from duty_locations where name = 'Maxwell AFB');
UPDATE service_members SET duty_location_id='381a7342-9c35-4f55-a613-a413049fa6d7' WHERE duty_location_id=(SELECT id from duty_locations where name = 'Maxwell AFB');
UPDATE duty_location_names SET duty_location_id = '381a7342-9c35-4f55-a613-a413049fa6d7' WHERE duty_location_id=(SELECT id from duty_locations where name = 'Maxwell AFB');
UPDATE duty_locations SET transportation_office_id=to_id, affiliation=aff FROM (SELECT transportation_office_id as to_id, affiliation as aff FROM duty_locations where id=(SELECT id from duty_locations where name = 'Maxwell AFB')) dl WHERE id='381a7342-9c35-4f55-a613-a413049fa6d7';
DELETE FROM duty_locations WHERE id=(SELECT id from duty_locations where name = 'Maxwell AFB');

-- Remove existing associated duty_location_names
-- Delete old duty_location_names
DELETE FROM duty_location_names where name = 'Maxwell AFB';
-- Insert new duty_location_names
INSERT INTO duty_location_names (id, name, duty_location_id, created_at, updated_at) VALUES('355eb962-7e03-4cac-815c-2aa8dfb21663', 'Maxwell AFB', '381a7342-9c35-4f55-a613-a413049fa6d7', now(), now());
-- MERGE
UPDATE orders SET origin_duty_location_id='e017cd1a-a2b1-4e64-b887-e6e06e2d3f6c' WHERE origin_duty_location_id=(SELECT id from duty_locations where name = 'McAlester Army Ammunition Plant');
UPDATE orders SET new_duty_location_id='e017cd1a-a2b1-4e64-b887-e6e06e2d3f6c' WHERE new_duty_location_id=(SELECT id from duty_locations where name = 'McAlester Army Ammunition Plant');
UPDATE service_members SET duty_location_id='e017cd1a-a2b1-4e64-b887-e6e06e2d3f6c' WHERE duty_location_id=(SELECT id from duty_locations where name = 'McAlester Army Ammunition Plant');
UPDATE duty_location_names SET duty_location_id = 'e017cd1a-a2b1-4e64-b887-e6e06e2d3f6c' WHERE duty_location_id=(SELECT id from duty_locations where name = 'McAlester Army Ammunition Plant');
UPDATE duty_locations SET transportation_office_id=to_id, affiliation=aff FROM (SELECT transportation_office_id as to_id, affiliation as aff FROM duty_locations where id=(SELECT id from duty_locations where name = 'McAlester Army Ammunition Plant')) dl WHERE id='e017cd1a-a2b1-4e64-b887-e6e06e2d3f6c';
DELETE FROM duty_locations WHERE id=(SELECT id from duty_locations where name = 'McAlester Army Ammunition Plant');

-- Remove existing associated duty_location_names
-- Delete old duty_location_names
DELETE FROM duty_location_names where name = 'McAlester Army Ammunition Plant';
-- Insert new duty_location_names
INSERT INTO duty_location_names (id, name, duty_location_id, created_at, updated_at) VALUES('47559bc5-f9ce-4fbe-ac2c-8910691e41f3', 'McAlester Army Ammunition Plant', 'e017cd1a-a2b1-4e64-b887-e6e06e2d3f6c', now(), now());
-- MERGE
UPDATE orders SET origin_duty_location_id='4226d1ff-3b57-4434-9b3b-33b5c026f54f' WHERE origin_duty_location_id=(SELECT id from duty_locations where name = 'MCAS Beaufort');
UPDATE orders SET new_duty_location_id='4226d1ff-3b57-4434-9b3b-33b5c026f54f' WHERE new_duty_location_id=(SELECT id from duty_locations where name = 'MCAS Beaufort');
UPDATE service_members SET duty_location_id='4226d1ff-3b57-4434-9b3b-33b5c026f54f' WHERE duty_location_id=(SELECT id from duty_locations where name = 'MCAS Beaufort');
UPDATE duty_location_names SET duty_location_id = '4226d1ff-3b57-4434-9b3b-33b5c026f54f' WHERE duty_location_id=(SELECT id from duty_locations where name = 'MCAS Beaufort');
UPDATE duty_locations SET transportation_office_id=to_id, affiliation=aff FROM (SELECT transportation_office_id as to_id, affiliation as aff FROM duty_locations where id=(SELECT id from duty_locations where name = 'MCAS Beaufort')) dl WHERE id='4226d1ff-3b57-4434-9b3b-33b5c026f54f';
DELETE FROM duty_locations WHERE id=(SELECT id from duty_locations where name = 'MCAS Beaufort');

-- Remove existing associated duty_location_names
-- Delete old duty_location_names
DELETE FROM duty_location_names where name = 'MCAS Beaufort';
-- Insert new duty_location_names
INSERT INTO duty_location_names (id, name, duty_location_id, created_at, updated_at) VALUES('5bf9301a-882f-4a52-b17f-766cb5b7a533', 'MCAS Beaufort', '4226d1ff-3b57-4434-9b3b-33b5c026f54f', now(), now());
-- MERGE
UPDATE orders SET origin_duty_location_id='8c64d965-b8c1-43f5-9394-57fe46c2d2d9' WHERE origin_duty_location_id=(SELECT id from duty_locations where name = 'MCAS Cherry Point');
UPDATE orders SET new_duty_location_id='8c64d965-b8c1-43f5-9394-57fe46c2d2d9' WHERE new_duty_location_id=(SELECT id from duty_locations where name = 'MCAS Cherry Point');
UPDATE service_members SET duty_location_id='8c64d965-b8c1-43f5-9394-57fe46c2d2d9' WHERE duty_location_id=(SELECT id from duty_locations where name = 'MCAS Cherry Point');
UPDATE duty_location_names SET duty_location_id = '8c64d965-b8c1-43f5-9394-57fe46c2d2d9' WHERE duty_location_id=(SELECT id from duty_locations where name = 'MCAS Cherry Point');
UPDATE duty_locations SET transportation_office_id=to_id, affiliation=aff FROM (SELECT transportation_office_id as to_id, affiliation as aff FROM duty_locations where id=(SELECT id from duty_locations where name = 'MCAS Cherry Point')) dl WHERE id='8c64d965-b8c1-43f5-9394-57fe46c2d2d9';
DELETE FROM duty_locations WHERE id=(SELECT id from duty_locations where name = 'MCAS Cherry Point');

-- Remove existing associated duty_location_names
-- Delete old duty_location_names
DELETE FROM duty_location_names where name = 'MCAS Cherry Point';
-- Insert new duty_location_names
INSERT INTO duty_location_names (id, name, duty_location_id, created_at, updated_at) VALUES('27092220-4e66-444d-87e7-f38b0d60ee0d', 'MCAS Cherry Point', '8c64d965-b8c1-43f5-9394-57fe46c2d2d9', now(), now());
-- MERGE
UPDATE orders SET origin_duty_location_id='0efa7d10-feb9-42a9-9b74-9fb2f2a11fb7' WHERE origin_duty_location_id=(SELECT id from duty_locations where name = 'MCB Quantico');
UPDATE orders SET new_duty_location_id='0efa7d10-feb9-42a9-9b74-9fb2f2a11fb7' WHERE new_duty_location_id=(SELECT id from duty_locations where name = 'MCB Quantico');
UPDATE service_members SET duty_location_id='0efa7d10-feb9-42a9-9b74-9fb2f2a11fb7' WHERE duty_location_id=(SELECT id from duty_locations where name = 'MCB Quantico');
UPDATE duty_location_names SET duty_location_id = '0efa7d10-feb9-42a9-9b74-9fb2f2a11fb7' WHERE duty_location_id=(SELECT id from duty_locations where name = 'MCB Quantico');
UPDATE duty_locations SET transportation_office_id=to_id, affiliation=aff FROM (SELECT transportation_office_id as to_id, affiliation as aff FROM duty_locations where id=(SELECT id from duty_locations where name = 'MCB Quantico')) dl WHERE id='0efa7d10-feb9-42a9-9b74-9fb2f2a11fb7';
DELETE FROM duty_locations WHERE id=(SELECT id from duty_locations where name = 'MCB Quantico');

-- Remove existing associated duty_location_names
-- Delete old duty_location_names
DELETE FROM duty_location_names where name = 'MCB Quantico';
-- Insert new duty_location_names
INSERT INTO duty_location_names (id, name, duty_location_id, created_at, updated_at) VALUES('0749cd57-8411-4762-adb4-930de391bf46', 'MCB Quantico', '0efa7d10-feb9-42a9-9b74-9fb2f2a11fb7', now(), now());
-- MERGE
UPDATE orders SET origin_duty_location_id='f070428c-d441-4d68-936d-93412f8129ec' WHERE origin_duty_location_id=(SELECT id from duty_locations where name = 'MCLB Albany');
UPDATE orders SET new_duty_location_id='f070428c-d441-4d68-936d-93412f8129ec' WHERE new_duty_location_id=(SELECT id from duty_locations where name = 'MCLB Albany');
UPDATE service_members SET duty_location_id='f070428c-d441-4d68-936d-93412f8129ec' WHERE duty_location_id=(SELECT id from duty_locations where name = 'MCLB Albany');
UPDATE duty_location_names SET duty_location_id = 'f070428c-d441-4d68-936d-93412f8129ec' WHERE duty_location_id=(SELECT id from duty_locations where name = 'MCLB Albany');
UPDATE duty_locations SET transportation_office_id=to_id, affiliation=aff FROM (SELECT transportation_office_id as to_id, affiliation as aff FROM duty_locations where id=(SELECT id from duty_locations where name = 'MCLB Albany')) dl WHERE id='f070428c-d441-4d68-936d-93412f8129ec';
DELETE FROM duty_locations WHERE id=(SELECT id from duty_locations where name = 'MCLB Albany');

-- Remove existing associated duty_location_names
-- Delete old duty_location_names
DELETE FROM duty_location_names where name = 'MCLB Albany';
-- Insert new duty_location_names
INSERT INTO duty_location_names (id, name, duty_location_id, created_at, updated_at) VALUES('2c1cd47b-3fb8-49d5-a7e5-b5d9ad565695', 'MCLB Albany', 'f070428c-d441-4d68-936d-93412f8129ec', now(), now());
-- MERGE
UPDATE orders SET origin_duty_location_id='74651905-dd53-49f9-a196-6c3e9b43c734' WHERE origin_duty_location_id=(SELECT id from duty_locations where name = 'MCMWTC Bridgeport');
UPDATE orders SET new_duty_location_id='74651905-dd53-49f9-a196-6c3e9b43c734' WHERE new_duty_location_id=(SELECT id from duty_locations where name = 'MCMWTC Bridgeport');
UPDATE service_members SET duty_location_id='74651905-dd53-49f9-a196-6c3e9b43c734' WHERE duty_location_id=(SELECT id from duty_locations where name = 'MCMWTC Bridgeport');
UPDATE duty_location_names SET duty_location_id = '74651905-dd53-49f9-a196-6c3e9b43c734' WHERE duty_location_id=(SELECT id from duty_locations where name = 'MCMWTC Bridgeport');
UPDATE duty_locations SET transportation_office_id=to_id, affiliation=aff FROM (SELECT transportation_office_id as to_id, affiliation as aff FROM duty_locations where id=(SELECT id from duty_locations where name = 'MCMWTC Bridgeport')) dl WHERE id='74651905-dd53-49f9-a196-6c3e9b43c734';
DELETE FROM duty_locations WHERE id=(SELECT id from duty_locations where name = 'MCMWTC Bridgeport');

-- Remove existing associated duty_location_names
-- Delete old duty_location_names
DELETE FROM duty_location_names where name = 'MCMWTC Bridgeport';
-- Insert new duty_location_names
INSERT INTO duty_location_names (id, name, duty_location_id, created_at, updated_at) VALUES('43ffd15d-ef0c-49ae-941d-4fd23b83907f', 'MCMWTC Bridgeport', '74651905-dd53-49f9-a196-6c3e9b43c734', now(), now());
-- MERGE
UPDATE orders SET origin_duty_location_id='3a40137a-c61d-4cf2-a5eb-ec156fce9fdc' WHERE origin_duty_location_id=(SELECT id from duty_locations where name = 'MCRD San Diego');
UPDATE orders SET new_duty_location_id='3a40137a-c61d-4cf2-a5eb-ec156fce9fdc' WHERE new_duty_location_id=(SELECT id from duty_locations where name = 'MCRD San Diego');
UPDATE service_members SET duty_location_id='3a40137a-c61d-4cf2-a5eb-ec156fce9fdc' WHERE duty_location_id=(SELECT id from duty_locations where name = 'MCRD San Diego');
UPDATE duty_location_names SET duty_location_id = '3a40137a-c61d-4cf2-a5eb-ec156fce9fdc' WHERE duty_location_id=(SELECT id from duty_locations where name = 'MCRD San Diego');
UPDATE duty_locations SET transportation_office_id=to_id, affiliation=aff FROM (SELECT transportation_office_id as to_id, affiliation as aff FROM duty_locations where id=(SELECT id from duty_locations where name = 'MCRD San Diego')) dl WHERE id='3a40137a-c61d-4cf2-a5eb-ec156fce9fdc';
DELETE FROM duty_locations WHERE id=(SELECT id from duty_locations where name = 'MCRD San Diego');

-- Remove existing associated duty_location_names
-- Delete old duty_location_names
DELETE FROM duty_location_names where name = 'MCRD San Diego';
-- Insert new duty_location_names
INSERT INTO duty_location_names (id, name, duty_location_id, created_at, updated_at) VALUES('dad2281c-217d-4df2-8a41-0e791d9d5a79', 'MCRD San Diego', '3a40137a-c61d-4cf2-a5eb-ec156fce9fdc', now(), now());
-- MERGE
UPDATE orders SET origin_duty_location_id='0099d803-2c4c-4a65-a491-8eb34fcf851f' WHERE origin_duty_location_id=(SELECT id from duty_locations where name = 'Minot AFB');
UPDATE orders SET new_duty_location_id='0099d803-2c4c-4a65-a491-8eb34fcf851f' WHERE new_duty_location_id=(SELECT id from duty_locations where name = 'Minot AFB');
UPDATE service_members SET duty_location_id='0099d803-2c4c-4a65-a491-8eb34fcf851f' WHERE duty_location_id=(SELECT id from duty_locations where name = 'Minot AFB');
UPDATE duty_location_names SET duty_location_id = '0099d803-2c4c-4a65-a491-8eb34fcf851f' WHERE duty_location_id=(SELECT id from duty_locations where name = 'Minot AFB');
UPDATE duty_locations SET transportation_office_id=to_id, affiliation=aff FROM (SELECT transportation_office_id as to_id, affiliation as aff FROM duty_locations where id=(SELECT id from duty_locations where name = 'Minot AFB')) dl WHERE id='0099d803-2c4c-4a65-a491-8eb34fcf851f';
DELETE FROM duty_locations WHERE id=(SELECT id from duty_locations where name = 'Minot AFB');

-- Remove existing associated duty_location_names
-- Delete old duty_location_names
DELETE FROM duty_location_names where name = 'Minot AFB';
-- Insert new duty_location_names
INSERT INTO duty_location_names (id, name, duty_location_id, created_at, updated_at) VALUES('a742a10d-61f5-4d78-820f-ba3c9c979332', 'Minot AFB', '0099d803-2c4c-4a65-a491-8eb34fcf851f', now(), now());
-- MERGE
UPDATE orders SET origin_duty_location_id='9fa52891-b51b-42f6-a8ea-9be5591146e5' WHERE origin_duty_location_id=(SELECT id from duty_locations where name = 'Moffett Federal Airfield');
UPDATE orders SET new_duty_location_id='9fa52891-b51b-42f6-a8ea-9be5591146e5' WHERE new_duty_location_id=(SELECT id from duty_locations where name = 'Moffett Federal Airfield');
UPDATE service_members SET duty_location_id='9fa52891-b51b-42f6-a8ea-9be5591146e5' WHERE duty_location_id=(SELECT id from duty_locations where name = 'Moffett Federal Airfield');
UPDATE duty_location_names SET duty_location_id = '9fa52891-b51b-42f6-a8ea-9be5591146e5' WHERE duty_location_id=(SELECT id from duty_locations where name = 'Moffett Federal Airfield');
UPDATE duty_locations SET transportation_office_id=to_id, affiliation=aff FROM (SELECT transportation_office_id as to_id, affiliation as aff FROM duty_locations where id=(SELECT id from duty_locations where name = 'Moffett Federal Airfield')) dl WHERE id='9fa52891-b51b-42f6-a8ea-9be5591146e5';
DELETE FROM duty_locations WHERE id=(SELECT id from duty_locations where name = 'Moffett Federal Airfield');

-- Remove existing associated duty_location_names
-- Delete old duty_location_names
DELETE FROM duty_location_names where name = 'Moffett Federal Airfield';
-- Insert new duty_location_names
INSERT INTO duty_location_names (id, name, duty_location_id, created_at, updated_at) VALUES('2d252584-cb79-44ba-b9b7-cae73b48672a', 'Moffett Federal Airfield', '9fa52891-b51b-42f6-a8ea-9be5591146e5', now(), now());
-- MERGE
UPDATE orders SET origin_duty_location_id='f8ff1612-4ba5-4a72-947a-e732bfd08b2d' WHERE origin_duty_location_id=(SELECT id from duty_locations where name = 'Moody AFB');
UPDATE orders SET new_duty_location_id='f8ff1612-4ba5-4a72-947a-e732bfd08b2d' WHERE new_duty_location_id=(SELECT id from duty_locations where name = 'Moody AFB');
UPDATE service_members SET duty_location_id='f8ff1612-4ba5-4a72-947a-e732bfd08b2d' WHERE duty_location_id=(SELECT id from duty_locations where name = 'Moody AFB');
UPDATE duty_location_names SET duty_location_id = 'f8ff1612-4ba5-4a72-947a-e732bfd08b2d' WHERE duty_location_id=(SELECT id from duty_locations where name = 'Moody AFB');
UPDATE duty_locations SET transportation_office_id=to_id, affiliation=aff FROM (SELECT transportation_office_id as to_id, affiliation as aff FROM duty_locations where id=(SELECT id from duty_locations where name = 'Moody AFB')) dl WHERE id='f8ff1612-4ba5-4a72-947a-e732bfd08b2d';
DELETE FROM duty_locations WHERE id=(SELECT id from duty_locations where name = 'Moody AFB');

-- Remove existing associated duty_location_names
-- Delete old duty_location_names
DELETE FROM duty_location_names where name = 'Moody AFB';
-- Insert new duty_location_names
INSERT INTO duty_location_names (id, name, duty_location_id, created_at, updated_at) VALUES('3d14f020-4cc0-43a6-96a5-2b8d95c23e01', 'Moody AFB', 'f8ff1612-4ba5-4a72-947a-e732bfd08b2d', now(), now());
-- MERGE
UPDATE orders SET origin_duty_location_id='a80852d0-4d53-4c99-86eb-f98ce55e2326' WHERE origin_duty_location_id=(SELECT id from duty_locations where name = 'Mountain Home AFB');
UPDATE orders SET new_duty_location_id='a80852d0-4d53-4c99-86eb-f98ce55e2326' WHERE new_duty_location_id=(SELECT id from duty_locations where name = 'Mountain Home AFB');
UPDATE service_members SET duty_location_id='a80852d0-4d53-4c99-86eb-f98ce55e2326' WHERE duty_location_id=(SELECT id from duty_locations where name = 'Mountain Home AFB');
UPDATE duty_location_names SET duty_location_id = 'a80852d0-4d53-4c99-86eb-f98ce55e2326' WHERE duty_location_id=(SELECT id from duty_locations where name = 'Mountain Home AFB');
UPDATE duty_locations SET transportation_office_id=to_id, affiliation=aff FROM (SELECT transportation_office_id as to_id, affiliation as aff FROM duty_locations where id=(SELECT id from duty_locations where name = 'Mountain Home AFB')) dl WHERE id='a80852d0-4d53-4c99-86eb-f98ce55e2326';
DELETE FROM duty_locations WHERE id=(SELECT id from duty_locations where name = 'Mountain Home AFB');

-- Remove existing associated duty_location_names
-- Delete old duty_location_names
DELETE FROM duty_location_names where name = 'Mountain Home AFB';
-- Insert new duty_location_names
INSERT INTO duty_location_names (id, name, duty_location_id, created_at, updated_at) VALUES('babd4d24-2205-4226-ad5b-e7d855db965e', 'Mountain Home AFB', 'a80852d0-4d53-4c99-86eb-f98ce55e2326', now(), now());
-- MERGE
UPDATE orders SET origin_duty_location_id='e0bd6585-c828-4533-b3d0-f6a5b278269f' WHERE origin_duty_location_id=(SELECT id from duty_locations where name = 'NAS Corpus Christi');
UPDATE orders SET new_duty_location_id='e0bd6585-c828-4533-b3d0-f6a5b278269f' WHERE new_duty_location_id=(SELECT id from duty_locations where name = 'NAS Corpus Christi');
UPDATE service_members SET duty_location_id='e0bd6585-c828-4533-b3d0-f6a5b278269f' WHERE duty_location_id=(SELECT id from duty_locations where name = 'NAS Corpus Christi');
UPDATE duty_location_names SET duty_location_id = 'e0bd6585-c828-4533-b3d0-f6a5b278269f' WHERE duty_location_id=(SELECT id from duty_locations where name = 'NAS Corpus Christi');
UPDATE duty_locations SET transportation_office_id=to_id, affiliation=aff FROM (SELECT transportation_office_id as to_id, affiliation as aff FROM duty_locations where id=(SELECT id from duty_locations where name = 'NAS Corpus Christi')) dl WHERE id='e0bd6585-c828-4533-b3d0-f6a5b278269f';
DELETE FROM duty_locations WHERE id=(SELECT id from duty_locations where name = 'NAS Corpus Christi');

-- Remove existing associated duty_location_names
-- Delete old duty_location_names
DELETE FROM duty_location_names where name = 'NAS Corpus Christi';
-- Insert new duty_location_names
INSERT INTO duty_location_names (id, name, duty_location_id, created_at, updated_at) VALUES('ea25d139-4a87-4433-8db2-8443dc50e49b', 'NAS Corpus Christi', 'e0bd6585-c828-4533-b3d0-f6a5b278269f', now(), now());
-- MERGE
UPDATE orders SET origin_duty_location_id='e1934d66-96b5-439c-b092-07ec27f9e67c' WHERE origin_duty_location_id=(SELECT id from duty_locations where name = 'NAS Fallon');
UPDATE orders SET new_duty_location_id='e1934d66-96b5-439c-b092-07ec27f9e67c' WHERE new_duty_location_id=(SELECT id from duty_locations where name = 'NAS Fallon');
UPDATE service_members SET duty_location_id='e1934d66-96b5-439c-b092-07ec27f9e67c' WHERE duty_location_id=(SELECT id from duty_locations where name = 'NAS Fallon');
UPDATE duty_location_names SET duty_location_id = 'e1934d66-96b5-439c-b092-07ec27f9e67c' WHERE duty_location_id=(SELECT id from duty_locations where name = 'NAS Fallon');
UPDATE duty_locations SET transportation_office_id=to_id, affiliation=aff FROM (SELECT transportation_office_id as to_id, affiliation as aff FROM duty_locations where id=(SELECT id from duty_locations where name = 'NAS Fallon')) dl WHERE id='e1934d66-96b5-439c-b092-07ec27f9e67c';
DELETE FROM duty_locations WHERE id=(SELECT id from duty_locations where name = 'NAS Fallon');

-- Remove existing associated duty_location_names
-- Delete old duty_location_names
DELETE FROM duty_location_names where name = 'NAS Fallon';
-- Insert new duty_location_names
INSERT INTO duty_location_names (id, name, duty_location_id, created_at, updated_at) VALUES('98783e58-cb36-4e10-ba46-642eb47d6284', 'NAS Fallon', 'e1934d66-96b5-439c-b092-07ec27f9e67c', now(), now());
-- MERGE
UPDATE orders SET origin_duty_location_id='4836b832-7329-4900-a4cf-d279e8426b41' WHERE origin_duty_location_id=(SELECT id from duty_locations where name = 'NAS Fort Worth');
UPDATE orders SET new_duty_location_id='4836b832-7329-4900-a4cf-d279e8426b41' WHERE new_duty_location_id=(SELECT id from duty_locations where name = 'NAS Fort Worth');
UPDATE service_members SET duty_location_id='4836b832-7329-4900-a4cf-d279e8426b41' WHERE duty_location_id=(SELECT id from duty_locations where name = 'NAS Fort Worth');
UPDATE duty_location_names SET duty_location_id = '4836b832-7329-4900-a4cf-d279e8426b41' WHERE duty_location_id=(SELECT id from duty_locations where name = 'NAS Fort Worth');
UPDATE duty_locations SET transportation_office_id=to_id, affiliation=aff FROM (SELECT transportation_office_id as to_id, affiliation as aff FROM duty_locations where id=(SELECT id from duty_locations where name = 'NAS Fort Worth')) dl WHERE id='4836b832-7329-4900-a4cf-d279e8426b41';
DELETE FROM duty_locations WHERE id=(SELECT id from duty_locations where name = 'NAS Fort Worth');

-- Remove existing associated duty_location_names
-- Delete old duty_location_names
DELETE FROM duty_location_names where name = 'NAS Fort Worth';
-- Insert new duty_location_names
INSERT INTO duty_location_names (id, name, duty_location_id, created_at, updated_at) VALUES('a7247282-6474-4621-8030-ac0974a89dc4', 'NAS Fort Worth', '4836b832-7329-4900-a4cf-d279e8426b41', now(), now());
-- MERGE
UPDATE orders SET origin_duty_location_id='4a7dc605-833a-47ea-904d-f751a8be1aec' WHERE origin_duty_location_id=(SELECT id from duty_locations where name = 'NAS JRB New Orleans');
UPDATE orders SET new_duty_location_id='4a7dc605-833a-47ea-904d-f751a8be1aec' WHERE new_duty_location_id=(SELECT id from duty_locations where name = 'NAS JRB New Orleans');
UPDATE service_members SET duty_location_id='4a7dc605-833a-47ea-904d-f751a8be1aec' WHERE duty_location_id=(SELECT id from duty_locations where name = 'NAS JRB New Orleans');
UPDATE duty_location_names SET duty_location_id = '4a7dc605-833a-47ea-904d-f751a8be1aec' WHERE duty_location_id=(SELECT id from duty_locations where name = 'NAS JRB New Orleans');
UPDATE duty_locations SET transportation_office_id=to_id, affiliation=aff FROM (SELECT transportation_office_id as to_id, affiliation as aff FROM duty_locations where id=(SELECT id from duty_locations where name = 'NAS JRB New Orleans')) dl WHERE id='4a7dc605-833a-47ea-904d-f751a8be1aec';
DELETE FROM duty_locations WHERE id=(SELECT id from duty_locations where name = 'NAS JRB New Orleans');

-- Remove existing associated duty_location_names
-- Delete old duty_location_names
DELETE FROM duty_location_names where name = 'NAS JRB New Orleans';
-- Insert new duty_location_names
INSERT INTO duty_location_names (id, name, duty_location_id, created_at, updated_at) VALUES('61da56f0-8107-4663-ac55-b9b76ea33116', 'NAS JRB New Orleans', '4a7dc605-833a-47ea-904d-f751a8be1aec', now(), now());
-- MERGE
UPDATE orders SET origin_duty_location_id='b06c1089-ab9a-49b3-a6fc-1bd077743db4' WHERE origin_duty_location_id=(SELECT id from duty_locations where name = 'NAS Key West');
UPDATE orders SET new_duty_location_id='b06c1089-ab9a-49b3-a6fc-1bd077743db4' WHERE new_duty_location_id=(SELECT id from duty_locations where name = 'NAS Key West');
UPDATE service_members SET duty_location_id='b06c1089-ab9a-49b3-a6fc-1bd077743db4' WHERE duty_location_id=(SELECT id from duty_locations where name = 'NAS Key West');
UPDATE duty_location_names SET duty_location_id = 'b06c1089-ab9a-49b3-a6fc-1bd077743db4' WHERE duty_location_id=(SELECT id from duty_locations where name = 'NAS Key West');
UPDATE duty_locations SET transportation_office_id=to_id, affiliation=aff FROM (SELECT transportation_office_id as to_id, affiliation as aff FROM duty_locations where id=(SELECT id from duty_locations where name = 'NAS Key West')) dl WHERE id='b06c1089-ab9a-49b3-a6fc-1bd077743db4';
DELETE FROM duty_locations WHERE id=(SELECT id from duty_locations where name = 'NAS Key West');

-- Remove existing associated duty_location_names
-- Delete old duty_location_names
DELETE FROM duty_location_names where name = 'NAS Key West';
-- Insert new duty_location_names
INSERT INTO duty_location_names (id, name, duty_location_id, created_at, updated_at) VALUES('a16932f3-da83-4ddc-84f4-e7397f641e2d', 'NAS Key West', 'b06c1089-ab9a-49b3-a6fc-1bd077743db4', now(), now());
-- MERGE
UPDATE orders SET origin_duty_location_id='3e60ffbe-a87a-431f-a0d8-0e400a7df0a1' WHERE origin_duty_location_id=(SELECT id from duty_locations where name = 'NAS Lemoore');
UPDATE orders SET new_duty_location_id='3e60ffbe-a87a-431f-a0d8-0e400a7df0a1' WHERE new_duty_location_id=(SELECT id from duty_locations where name = 'NAS Lemoore');
UPDATE service_members SET duty_location_id='3e60ffbe-a87a-431f-a0d8-0e400a7df0a1' WHERE duty_location_id=(SELECT id from duty_locations where name = 'NAS Lemoore');
UPDATE duty_location_names SET duty_location_id = '3e60ffbe-a87a-431f-a0d8-0e400a7df0a1' WHERE duty_location_id=(SELECT id from duty_locations where name = 'NAS Lemoore');
UPDATE duty_locations SET transportation_office_id=to_id, affiliation=aff FROM (SELECT transportation_office_id as to_id, affiliation as aff FROM duty_locations where id=(SELECT id from duty_locations where name = 'NAS Lemoore')) dl WHERE id='3e60ffbe-a87a-431f-a0d8-0e400a7df0a1';
DELETE FROM duty_locations WHERE id=(SELECT id from duty_locations where name = 'NAS Lemoore');

-- Remove existing associated duty_location_names
-- Delete old duty_location_names
DELETE FROM duty_location_names where name = 'NAS Lemoore';
-- Insert new duty_location_names
INSERT INTO duty_location_names (id, name, duty_location_id, created_at, updated_at) VALUES('418f49d0-3dad-4936-903e-25c3b5f1c2aa', 'NAS Lemoore', '3e60ffbe-a87a-431f-a0d8-0e400a7df0a1', now(), now());
-- MERGE
UPDATE orders SET origin_duty_location_id='334fecaf-abeb-49ce-99b5-81d69c8beae5' WHERE origin_duty_location_id=(SELECT id from duty_locations where name = 'NAS Meridian');
UPDATE orders SET new_duty_location_id='334fecaf-abeb-49ce-99b5-81d69c8beae5' WHERE new_duty_location_id=(SELECT id from duty_locations where name = 'NAS Meridian');
UPDATE service_members SET duty_location_id='334fecaf-abeb-49ce-99b5-81d69c8beae5' WHERE duty_location_id=(SELECT id from duty_locations where name = 'NAS Meridian');
UPDATE duty_location_names SET duty_location_id = '334fecaf-abeb-49ce-99b5-81d69c8beae5' WHERE duty_location_id=(SELECT id from duty_locations where name = 'NAS Meridian');
UPDATE duty_locations SET transportation_office_id=to_id, affiliation=aff FROM (SELECT transportation_office_id as to_id, affiliation as aff FROM duty_locations where id=(SELECT id from duty_locations where name = 'NAS Meridian')) dl WHERE id='334fecaf-abeb-49ce-99b5-81d69c8beae5';
DELETE FROM duty_locations WHERE id=(SELECT id from duty_locations where name = 'NAS Meridian');

-- Remove existing associated duty_location_names
-- Delete old duty_location_names
DELETE FROM duty_location_names where name = 'NAS Meridian';
-- Insert new duty_location_names
INSERT INTO duty_location_names (id, name, duty_location_id, created_at, updated_at) VALUES('f8074a60-2793-43b1-976e-4771f3f9dd29', 'NAS Meridian', '334fecaf-abeb-49ce-99b5-81d69c8beae5', now(), now());
-- MERGE
UPDATE orders SET origin_duty_location_id='52e3db3b-7900-4620-ab89-808bb0b3de0d' WHERE origin_duty_location_id=(SELECT id from duty_locations where name = 'NAS Patuxent River');
UPDATE orders SET new_duty_location_id='52e3db3b-7900-4620-ab89-808bb0b3de0d' WHERE new_duty_location_id=(SELECT id from duty_locations where name = 'NAS Patuxent River');
UPDATE service_members SET duty_location_id='52e3db3b-7900-4620-ab89-808bb0b3de0d' WHERE duty_location_id=(SELECT id from duty_locations where name = 'NAS Patuxent River');
UPDATE duty_location_names SET duty_location_id = '52e3db3b-7900-4620-ab89-808bb0b3de0d' WHERE duty_location_id=(SELECT id from duty_locations where name = 'NAS Patuxent River');
UPDATE duty_locations SET transportation_office_id=to_id, affiliation=aff FROM (SELECT transportation_office_id as to_id, affiliation as aff FROM duty_locations where id=(SELECT id from duty_locations where name = 'NAS Patuxent River')) dl WHERE id='52e3db3b-7900-4620-ab89-808bb0b3de0d';
DELETE FROM duty_locations WHERE id=(SELECT id from duty_locations where name = 'NAS Patuxent River');

-- Remove existing associated duty_location_names
-- Delete old duty_location_names
DELETE FROM duty_location_names where name = 'NAS Patuxent River';
-- Insert new duty_location_names
INSERT INTO duty_location_names (id, name, duty_location_id, created_at, updated_at) VALUES('8541917a-4344-489c-8a5f-f4b88e182595', 'NAS Patuxent River', '52e3db3b-7900-4620-ab89-808bb0b3de0d', now(), now());
-- MERGE
UPDATE orders SET origin_duty_location_id='d2c9b1d7-6c81-466c-969e-de8036146587' WHERE origin_duty_location_id=(SELECT id from duty_locations where name = 'NAS Pensacola');
UPDATE orders SET new_duty_location_id='d2c9b1d7-6c81-466c-969e-de8036146587' WHERE new_duty_location_id=(SELECT id from duty_locations where name = 'NAS Pensacola');
UPDATE service_members SET duty_location_id='d2c9b1d7-6c81-466c-969e-de8036146587' WHERE duty_location_id=(SELECT id from duty_locations where name = 'NAS Pensacola');
UPDATE duty_location_names SET duty_location_id = 'd2c9b1d7-6c81-466c-969e-de8036146587' WHERE duty_location_id=(SELECT id from duty_locations where name = 'NAS Pensacola');
UPDATE duty_locations SET transportation_office_id=to_id, affiliation=aff FROM (SELECT transportation_office_id as to_id, affiliation as aff FROM duty_locations where id=(SELECT id from duty_locations where name = 'NAS Pensacola')) dl WHERE id='d2c9b1d7-6c81-466c-969e-de8036146587';
DELETE FROM duty_locations WHERE id=(SELECT id from duty_locations where name = 'NAS Pensacola');

-- Remove existing associated duty_location_names
-- Delete old duty_location_names
DELETE FROM duty_location_names where name = 'NAS Pensacola';
-- Insert new duty_location_names
INSERT INTO duty_location_names (id, name, duty_location_id, created_at, updated_at) VALUES('669b35a8-9b8d-4978-8507-1a8795ee6eb6', 'NAS Pensacola', 'd2c9b1d7-6c81-466c-969e-de8036146587', now(), now());
-- MERGE
UPDATE orders SET origin_duty_location_id='dac0aebc-87a4-475d-92f1-cddcfef7c607' WHERE origin_duty_location_id=(SELECT id from duty_locations where name = 'NAS Whidbey Island');
UPDATE orders SET new_duty_location_id='dac0aebc-87a4-475d-92f1-cddcfef7c607' WHERE new_duty_location_id=(SELECT id from duty_locations where name = 'NAS Whidbey Island');
UPDATE service_members SET duty_location_id='dac0aebc-87a4-475d-92f1-cddcfef7c607' WHERE duty_location_id=(SELECT id from duty_locations where name = 'NAS Whidbey Island');
UPDATE duty_location_names SET duty_location_id = 'dac0aebc-87a4-475d-92f1-cddcfef7c607' WHERE duty_location_id=(SELECT id from duty_locations where name = 'NAS Whidbey Island');
UPDATE duty_locations SET transportation_office_id=to_id, affiliation=aff FROM (SELECT transportation_office_id as to_id, affiliation as aff FROM duty_locations where id=(SELECT id from duty_locations where name = 'NAS Whidbey Island')) dl WHERE id='dac0aebc-87a4-475d-92f1-cddcfef7c607';
DELETE FROM duty_locations WHERE id=(SELECT id from duty_locations where name = 'NAS Whidbey Island');

-- Remove existing associated duty_location_names
-- Delete old duty_location_names
DELETE FROM duty_location_names where name = 'NAS Whidbey Island';
-- Insert new duty_location_names
INSERT INTO duty_location_names (id, name, duty_location_id, created_at, updated_at) VALUES('2dc70013-1ffc-45e3-8d33-1660ca13d983', 'NAS Whidbey Island', 'dac0aebc-87a4-475d-92f1-cddcfef7c607', now(), now());
-- MERGE
UPDATE orders SET origin_duty_location_id='1bb0676c-7e09-40d2-be10-74a3f0ab00b3' WHERE origin_duty_location_id=(SELECT id from duty_locations where name = 'Naval Surface Warfare Center - Corona');
UPDATE orders SET new_duty_location_id='1bb0676c-7e09-40d2-be10-74a3f0ab00b3' WHERE new_duty_location_id=(SELECT id from duty_locations where name = 'Naval Surface Warfare Center - Corona');
UPDATE service_members SET duty_location_id='1bb0676c-7e09-40d2-be10-74a3f0ab00b3' WHERE duty_location_id=(SELECT id from duty_locations where name = 'Naval Surface Warfare Center - Corona');
UPDATE duty_location_names SET duty_location_id = '1bb0676c-7e09-40d2-be10-74a3f0ab00b3' WHERE duty_location_id=(SELECT id from duty_locations where name = 'Naval Surface Warfare Center - Corona');
UPDATE duty_locations SET transportation_office_id=to_id, affiliation=aff FROM (SELECT transportation_office_id as to_id, affiliation as aff FROM duty_locations where id=(SELECT id from duty_locations where name = 'Naval Surface Warfare Center - Corona')) dl WHERE id='1bb0676c-7e09-40d2-be10-74a3f0ab00b3';
DELETE FROM duty_locations WHERE id=(SELECT id from duty_locations where name = 'Naval Surface Warfare Center - Corona');

-- Remove existing associated duty_location_names
-- Delete old duty_location_names
DELETE FROM duty_location_names where name = 'Naval Surface Warfare Center - Corona';
-- Insert new duty_location_names
INSERT INTO duty_location_names (id, name, duty_location_id, created_at, updated_at) VALUES('9318d5de-e746-4ff9-a3bb-41778cc8187d', 'Naval Surface Warfare Center - Corona', '1bb0676c-7e09-40d2-be10-74a3f0ab00b3', now(), now());
-- MERGE
UPDATE orders SET origin_duty_location_id='90c7f3d5-6f69-4be6-bd09-3f46703f9501' WHERE origin_duty_location_id=(SELECT id from duty_locations where name = 'Naval Training Center Great Lakes');
UPDATE orders SET new_duty_location_id='90c7f3d5-6f69-4be6-bd09-3f46703f9501' WHERE new_duty_location_id=(SELECT id from duty_locations where name = 'Naval Training Center Great Lakes');
UPDATE service_members SET duty_location_id='90c7f3d5-6f69-4be6-bd09-3f46703f9501' WHERE duty_location_id=(SELECT id from duty_locations where name = 'Naval Training Center Great Lakes');
UPDATE duty_location_names SET duty_location_id = '90c7f3d5-6f69-4be6-bd09-3f46703f9501' WHERE duty_location_id=(SELECT id from duty_locations where name = 'Naval Training Center Great Lakes');
UPDATE duty_locations SET transportation_office_id=to_id, affiliation=aff FROM (SELECT transportation_office_id as to_id, affiliation as aff FROM duty_locations where id=(SELECT id from duty_locations where name = 'Naval Training Center Great Lakes')) dl WHERE id='90c7f3d5-6f69-4be6-bd09-3f46703f9501';
DELETE FROM duty_locations WHERE id=(SELECT id from duty_locations where name = 'Naval Training Center Great Lakes');

-- Remove existing associated duty_location_names
-- Delete old duty_location_names
DELETE FROM duty_location_names where name = 'Naval Training Center Great Lakes';
-- Insert new duty_location_names
INSERT INTO duty_location_names (id, name, duty_location_id, created_at, updated_at) VALUES('14447049-bc2c-43a7-b49c-d743397c3936', 'Naval Training Center Great Lakes', '90c7f3d5-6f69-4be6-bd09-3f46703f9501', now(), now());
-- MERGE
UPDATE orders SET origin_duty_location_id='880654b0-ac66-42d9-83a7-ce9a3f3281d5' WHERE origin_duty_location_id=(SELECT id from duty_locations where name = 'NAVSTA Everett');
UPDATE orders SET new_duty_location_id='880654b0-ac66-42d9-83a7-ce9a3f3281d5' WHERE new_duty_location_id=(SELECT id from duty_locations where name = 'NAVSTA Everett');
UPDATE service_members SET duty_location_id='880654b0-ac66-42d9-83a7-ce9a3f3281d5' WHERE duty_location_id=(SELECT id from duty_locations where name = 'NAVSTA Everett');
UPDATE duty_location_names SET duty_location_id = '880654b0-ac66-42d9-83a7-ce9a3f3281d5' WHERE duty_location_id=(SELECT id from duty_locations where name = 'NAVSTA Everett');
UPDATE duty_locations SET transportation_office_id=to_id, affiliation=aff FROM (SELECT transportation_office_id as to_id, affiliation as aff FROM duty_locations where id=(SELECT id from duty_locations where name = 'NAVSTA Everett')) dl WHERE id='880654b0-ac66-42d9-83a7-ce9a3f3281d5';
DELETE FROM duty_locations WHERE id=(SELECT id from duty_locations where name = 'NAVSTA Everett');

-- Remove existing associated duty_location_names
-- Delete old duty_location_names
DELETE FROM duty_location_names where name = 'NAVSTA Everett';
-- Insert new duty_location_names
INSERT INTO duty_location_names (id, name, duty_location_id, created_at, updated_at) VALUES('7ea42fd8-4df7-471d-a258-46bdc25dd9de', 'NAVSTA Everett', '880654b0-ac66-42d9-83a7-ce9a3f3281d5', now(), now());
-- MERGE
UPDATE orders SET origin_duty_location_id='924af89b-a0cd-4556-93ce-692e6d90a914' WHERE origin_duty_location_id=(SELECT id from duty_locations where name = 'NAVSTA Newport');
UPDATE orders SET new_duty_location_id='924af89b-a0cd-4556-93ce-692e6d90a914' WHERE new_duty_location_id=(SELECT id from duty_locations where name = 'NAVSTA Newport');
UPDATE service_members SET duty_location_id='924af89b-a0cd-4556-93ce-692e6d90a914' WHERE duty_location_id=(SELECT id from duty_locations where name = 'NAVSTA Newport');
UPDATE duty_location_names SET duty_location_id = '924af89b-a0cd-4556-93ce-692e6d90a914' WHERE duty_location_id=(SELECT id from duty_locations where name = 'NAVSTA Newport');
UPDATE duty_locations SET transportation_office_id=to_id, affiliation=aff FROM (SELECT transportation_office_id as to_id, affiliation as aff FROM duty_locations where id=(SELECT id from duty_locations where name = 'NAVSTA Newport')) dl WHERE id='924af89b-a0cd-4556-93ce-692e6d90a914';
DELETE FROM duty_locations WHERE id=(SELECT id from duty_locations where name = 'NAVSTA Newport');

-- Remove existing associated duty_location_names
-- Delete old duty_location_names
DELETE FROM duty_location_names where name = 'NAVSTA Newport';
-- Insert new duty_location_names
INSERT INTO duty_location_names (id, name, duty_location_id, created_at, updated_at) VALUES('38343836-07e0-43ac-a5a5-19bbdd24a856', 'NAVSTA Newport', '924af89b-a0cd-4556-93ce-692e6d90a914', now(), now());
-- MERGE
UPDATE orders SET origin_duty_location_id='fde869af-0bb9-4b60-90c1-0a47c1d64659' WHERE origin_duty_location_id=(SELECT id from duty_locations where name = 'NAVSUP FLC Puget Sound');
UPDATE orders SET new_duty_location_id='fde869af-0bb9-4b60-90c1-0a47c1d64659' WHERE new_duty_location_id=(SELECT id from duty_locations where name = 'NAVSUP FLC Puget Sound');
UPDATE service_members SET duty_location_id='fde869af-0bb9-4b60-90c1-0a47c1d64659' WHERE duty_location_id=(SELECT id from duty_locations where name = 'NAVSUP FLC Puget Sound');
UPDATE duty_location_names SET duty_location_id = 'fde869af-0bb9-4b60-90c1-0a47c1d64659' WHERE duty_location_id=(SELECT id from duty_locations where name = 'NAVSUP FLC Puget Sound');
UPDATE duty_locations SET transportation_office_id=to_id, affiliation=aff FROM (SELECT transportation_office_id as to_id, affiliation as aff FROM duty_locations where id=(SELECT id from duty_locations where name = 'NAVSUP FLC Puget Sound')) dl WHERE id='fde869af-0bb9-4b60-90c1-0a47c1d64659';
DELETE FROM duty_locations WHERE id=(SELECT id from duty_locations where name = 'NAVSUP FLC Puget Sound');

-- Remove existing associated duty_location_names
-- Delete old duty_location_names
DELETE FROM duty_location_names where name = 'NAVSUP FLC Puget Sound';
-- Insert new duty_location_names
INSERT INTO duty_location_names (id, name, duty_location_id, created_at, updated_at) VALUES('199719c4-f0c8-4a45-8a17-af4d2864b5fe', 'NAVSUP FLC Puget Sound', 'fde869af-0bb9-4b60-90c1-0a47c1d64659', now(), now());
-- MERGE
UPDATE orders SET origin_duty_location_id='1909123e-5914-43d4-8cb5-d03121e45750' WHERE origin_duty_location_id=(SELECT id from duty_locations where name = 'NAVSUP FLC San Diego');
UPDATE orders SET new_duty_location_id='1909123e-5914-43d4-8cb5-d03121e45750' WHERE new_duty_location_id=(SELECT id from duty_locations where name = 'NAVSUP FLC San Diego');
UPDATE service_members SET duty_location_id='1909123e-5914-43d4-8cb5-d03121e45750' WHERE duty_location_id=(SELECT id from duty_locations where name = 'NAVSUP FLC San Diego');
UPDATE duty_location_names SET duty_location_id = '1909123e-5914-43d4-8cb5-d03121e45750' WHERE duty_location_id=(SELECT id from duty_locations where name = 'NAVSUP FLC San Diego');
UPDATE duty_locations SET transportation_office_id=to_id, affiliation=aff FROM (SELECT transportation_office_id as to_id, affiliation as aff FROM duty_locations where id=(SELECT id from duty_locations where name = 'NAVSUP FLC San Diego')) dl WHERE id='1909123e-5914-43d4-8cb5-d03121e45750';
DELETE FROM duty_locations WHERE id=(SELECT id from duty_locations where name = 'NAVSUP FLC San Diego');

-- Remove existing associated duty_location_names
-- Delete old duty_location_names
DELETE FROM duty_location_names where name = 'NAVSUP FLC San Diego';
-- Insert new duty_location_names
INSERT INTO duty_location_names (id, name, duty_location_id, created_at, updated_at) VALUES('fbeb618d-c17d-4063-879f-34b288419561', 'NAVSUP FLC San Diego', '1909123e-5914-43d4-8cb5-d03121e45750', now(), now());
-- MERGE
UPDATE orders SET origin_duty_location_id='ebe1ffcd-8c90-416a-9a41-1f669bce8f53' WHERE origin_duty_location_id=(SELECT id from duty_locations where name = 'NAVSUP FLC Seal Beach');
UPDATE orders SET new_duty_location_id='ebe1ffcd-8c90-416a-9a41-1f669bce8f53' WHERE new_duty_location_id=(SELECT id from duty_locations where name = 'NAVSUP FLC Seal Beach');
UPDATE service_members SET duty_location_id='ebe1ffcd-8c90-416a-9a41-1f669bce8f53' WHERE duty_location_id=(SELECT id from duty_locations where name = 'NAVSUP FLC Seal Beach');
UPDATE duty_location_names SET duty_location_id = 'ebe1ffcd-8c90-416a-9a41-1f669bce8f53' WHERE duty_location_id=(SELECT id from duty_locations where name = 'NAVSUP FLC Seal Beach');
UPDATE duty_locations SET transportation_office_id=to_id, affiliation=aff FROM (SELECT transportation_office_id as to_id, affiliation as aff FROM duty_locations where id=(SELECT id from duty_locations where name = 'NAVSUP FLC Seal Beach')) dl WHERE id='ebe1ffcd-8c90-416a-9a41-1f669bce8f53';
DELETE FROM duty_locations WHERE id=(SELECT id from duty_locations where name = 'NAVSUP FLC Seal Beach');

-- Remove existing associated duty_location_names
-- Delete old duty_location_names
DELETE FROM duty_location_names where name = 'NAVSUP FLC Seal Beach';
-- Insert new duty_location_names
INSERT INTO duty_location_names (id, name, duty_location_id, created_at, updated_at) VALUES('60721dd9-f5ca-4ab4-b996-dd73e771cf93', 'NAVSUP FLC Seal Beach', 'ebe1ffcd-8c90-416a-9a41-1f669bce8f53', now(), now());
-- MERGE
UPDATE orders SET origin_duty_location_id='e68eab7b-dc78-4ad0-a248-449d7f0c955a' WHERE origin_duty_location_id=(SELECT id from duty_locations where name = 'NAWS China Lake');
UPDATE orders SET new_duty_location_id='e68eab7b-dc78-4ad0-a248-449d7f0c955a' WHERE new_duty_location_id=(SELECT id from duty_locations where name = 'NAWS China Lake');
UPDATE service_members SET duty_location_id='e68eab7b-dc78-4ad0-a248-449d7f0c955a' WHERE duty_location_id=(SELECT id from duty_locations where name = 'NAWS China Lake');
UPDATE duty_location_names SET duty_location_id = 'e68eab7b-dc78-4ad0-a248-449d7f0c955a' WHERE duty_location_id=(SELECT id from duty_locations where name = 'NAWS China Lake');
UPDATE duty_locations SET transportation_office_id=to_id, affiliation=aff FROM (SELECT transportation_office_id as to_id, affiliation as aff FROM duty_locations where id=(SELECT id from duty_locations where name = 'NAWS China Lake')) dl WHERE id='e68eab7b-dc78-4ad0-a248-449d7f0c955a';
DELETE FROM duty_locations WHERE id=(SELECT id from duty_locations where name = 'NAWS China Lake');

-- Remove existing associated duty_location_names
-- Delete old duty_location_names
DELETE FROM duty_location_names where name = 'NAWS China Lake';
-- Insert new duty_location_names
INSERT INTO duty_location_names (id, name, duty_location_id, created_at, updated_at) VALUES('c38444fd-5135-4d2b-b0c4-0269c742e07e', 'NAWS China Lake', 'e68eab7b-dc78-4ad0-a248-449d7f0c955a', now(), now());
-- MERGE
UPDATE orders SET origin_duty_location_id='679f98d2-ac51-41d9-8a05-05dd74f9d1c9' WHERE origin_duty_location_id=(SELECT id from duty_locations where name = 'NCBC Gulfport');
UPDATE orders SET new_duty_location_id='679f98d2-ac51-41d9-8a05-05dd74f9d1c9' WHERE new_duty_location_id=(SELECT id from duty_locations where name = 'NCBC Gulfport');
UPDATE service_members SET duty_location_id='679f98d2-ac51-41d9-8a05-05dd74f9d1c9' WHERE duty_location_id=(SELECT id from duty_locations where name = 'NCBC Gulfport');
UPDATE duty_location_names SET duty_location_id = '679f98d2-ac51-41d9-8a05-05dd74f9d1c9' WHERE duty_location_id=(SELECT id from duty_locations where name = 'NCBC Gulfport');
UPDATE duty_locations SET transportation_office_id=to_id, affiliation=aff FROM (SELECT transportation_office_id as to_id, affiliation as aff FROM duty_locations where id=(SELECT id from duty_locations where name = 'NCBC Gulfport')) dl WHERE id='679f98d2-ac51-41d9-8a05-05dd74f9d1c9';
DELETE FROM duty_locations WHERE id=(SELECT id from duty_locations where name = 'NCBC Gulfport');

-- Remove existing associated duty_location_names
-- Delete old duty_location_names
DELETE FROM duty_location_names where name = 'NCBC Gulfport';
-- Insert new duty_location_names
INSERT INTO duty_location_names (id, name, duty_location_id, created_at, updated_at) VALUES('aabc807f-883b-4bb2-bf08-4f06ffdc2896', 'NCBC Gulfport', '679f98d2-ac51-41d9-8a05-05dd74f9d1c9', now(), now());
-- MERGE
UPDATE orders SET origin_duty_location_id='1f2d8b4f-5421-4b2f-824a-af5242828bb1' WHERE origin_duty_location_id=(SELECT id from duty_locations where name = 'Nellis AFB');
UPDATE orders SET new_duty_location_id='1f2d8b4f-5421-4b2f-824a-af5242828bb1' WHERE new_duty_location_id=(SELECT id from duty_locations where name = 'Nellis AFB');
UPDATE service_members SET duty_location_id='1f2d8b4f-5421-4b2f-824a-af5242828bb1' WHERE duty_location_id=(SELECT id from duty_locations where name = 'Nellis AFB');
UPDATE duty_location_names SET duty_location_id = '1f2d8b4f-5421-4b2f-824a-af5242828bb1' WHERE duty_location_id=(SELECT id from duty_locations where name = 'Nellis AFB');
UPDATE duty_locations SET transportation_office_id=to_id, affiliation=aff FROM (SELECT transportation_office_id as to_id, affiliation as aff FROM duty_locations where id=(SELECT id from duty_locations where name = 'Nellis AFB')) dl WHERE id='1f2d8b4f-5421-4b2f-824a-af5242828bb1';
DELETE FROM duty_locations WHERE id=(SELECT id from duty_locations where name = 'Nellis AFB');

-- Remove existing associated duty_location_names
-- Delete old duty_location_names
DELETE FROM duty_location_names where name = 'Nellis AFB';
-- Insert new duty_location_names
INSERT INTO duty_location_names (id, name, duty_location_id, created_at, updated_at) VALUES('49444968-89fc-4970-971e-c58f5eedf3b6', 'Nellis AFB', '1f2d8b4f-5421-4b2f-824a-af5242828bb1', now(), now());
-- MERGE
UPDATE orders SET origin_duty_location_id='2f5528e9-2cc3-4924-a376-6d02b038f234' WHERE origin_duty_location_id=(SELECT id from duty_locations where name = 'NSA Bethesda');
UPDATE orders SET new_duty_location_id='2f5528e9-2cc3-4924-a376-6d02b038f234' WHERE new_duty_location_id=(SELECT id from duty_locations where name = 'NSA Bethesda');
UPDATE service_members SET duty_location_id='2f5528e9-2cc3-4924-a376-6d02b038f234' WHERE duty_location_id=(SELECT id from duty_locations where name = 'NSA Bethesda');
UPDATE duty_location_names SET duty_location_id = '2f5528e9-2cc3-4924-a376-6d02b038f234' WHERE duty_location_id=(SELECT id from duty_locations where name = 'NSA Bethesda');
UPDATE duty_locations SET transportation_office_id=to_id, affiliation=aff FROM (SELECT transportation_office_id as to_id, affiliation as aff FROM duty_locations where id=(SELECT id from duty_locations where name = 'NSA Bethesda')) dl WHERE id='2f5528e9-2cc3-4924-a376-6d02b038f234';
DELETE FROM duty_locations WHERE id=(SELECT id from duty_locations where name = 'NSA Bethesda');

-- Remove existing associated duty_location_names
-- Delete old duty_location_names
DELETE FROM duty_location_names where name = 'NSA Bethesda';
-- Insert new duty_location_names
INSERT INTO duty_location_names (id, name, duty_location_id, created_at, updated_at) VALUES('826a42c5-6945-4150-a64e-4d9702819585', 'NSA Bethesda', '2f5528e9-2cc3-4924-a376-6d02b038f234', now(), now());
-- MERGE
UPDATE orders SET origin_duty_location_id='d464e3aa-4163-4a9a-93e8-ea6f5761980f' WHERE origin_duty_location_id=(SELECT id from duty_locations where name = 'NSA Mid-South Millington');
UPDATE orders SET new_duty_location_id='d464e3aa-4163-4a9a-93e8-ea6f5761980f' WHERE new_duty_location_id=(SELECT id from duty_locations where name = 'NSA Mid-South Millington');
UPDATE service_members SET duty_location_id='d464e3aa-4163-4a9a-93e8-ea6f5761980f' WHERE duty_location_id=(SELECT id from duty_locations where name = 'NSA Mid-South Millington');
UPDATE duty_location_names SET duty_location_id = 'd464e3aa-4163-4a9a-93e8-ea6f5761980f' WHERE duty_location_id=(SELECT id from duty_locations where name = 'NSA Mid-South Millington');
UPDATE duty_locations SET transportation_office_id=to_id, affiliation=aff FROM (SELECT transportation_office_id as to_id, affiliation as aff FROM duty_locations where id=(SELECT id from duty_locations where name = 'NSA Mid-South Millington')) dl WHERE id='d464e3aa-4163-4a9a-93e8-ea6f5761980f';
DELETE FROM duty_locations WHERE id=(SELECT id from duty_locations where name = 'NSA Mid-South Millington');

-- Remove existing associated duty_location_names
-- Delete old duty_location_names
DELETE FROM duty_location_names where name = 'NSA Mid-South Millington';
-- Insert new duty_location_names
INSERT INTO duty_location_names (id, name, duty_location_id, created_at, updated_at) VALUES('f8cffae1-be10-4a2a-a057-9455832a9e83', 'NSA Mid-South Millington', 'd464e3aa-4163-4a9a-93e8-ea6f5761980f', now(), now());
-- MERGE
UPDATE orders SET origin_duty_location_id='0e5cf581-d4a4-466b-91a4-0a860ad44d19' WHERE origin_duty_location_id=(SELECT id from duty_locations where name = 'NSA Saratoga Springs');
UPDATE orders SET new_duty_location_id='0e5cf581-d4a4-466b-91a4-0a860ad44d19' WHERE new_duty_location_id=(SELECT id from duty_locations where name = 'NSA Saratoga Springs');
UPDATE service_members SET duty_location_id='0e5cf581-d4a4-466b-91a4-0a860ad44d19' WHERE duty_location_id=(SELECT id from duty_locations where name = 'NSA Saratoga Springs');
UPDATE duty_location_names SET duty_location_id = '0e5cf581-d4a4-466b-91a4-0a860ad44d19' WHERE duty_location_id=(SELECT id from duty_locations where name = 'NSA Saratoga Springs');
UPDATE duty_locations SET transportation_office_id=to_id, affiliation=aff FROM (SELECT transportation_office_id as to_id, affiliation as aff FROM duty_locations where id=(SELECT id from duty_locations where name = 'NSA Saratoga Springs')) dl WHERE id='0e5cf581-d4a4-466b-91a4-0a860ad44d19';
DELETE FROM duty_locations WHERE id=(SELECT id from duty_locations where name = 'NSA Saratoga Springs');

-- Remove existing associated duty_location_names
-- Delete old duty_location_names
DELETE FROM duty_location_names where name = 'NSA Saratoga Springs';
-- Insert new duty_location_names
INSERT INTO duty_location_names (id, name, duty_location_id, created_at, updated_at) VALUES('8394f430-4424-440c-b4cc-93a830e7e48d', 'NSA Saratoga Springs', '0e5cf581-d4a4-466b-91a4-0a860ad44d19', now(), now());
-- MERGE
UPDATE orders SET origin_duty_location_id='023b1791-c436-4773-997d-5bdaab6e0c70' WHERE origin_duty_location_id=(SELECT id from duty_locations where name = 'NS Norfolk');
UPDATE orders SET new_duty_location_id='023b1791-c436-4773-997d-5bdaab6e0c70' WHERE new_duty_location_id=(SELECT id from duty_locations where name = 'NS Norfolk');
UPDATE service_members SET duty_location_id='023b1791-c436-4773-997d-5bdaab6e0c70' WHERE duty_location_id=(SELECT id from duty_locations where name = 'NS Norfolk');
UPDATE duty_location_names SET duty_location_id = '023b1791-c436-4773-997d-5bdaab6e0c70' WHERE duty_location_id=(SELECT id from duty_locations where name = 'NS Norfolk');
UPDATE duty_locations SET transportation_office_id=to_id, affiliation=aff FROM (SELECT transportation_office_id as to_id, affiliation as aff FROM duty_locations where id=(SELECT id from duty_locations where name = 'NS Norfolk')) dl WHERE id='023b1791-c436-4773-997d-5bdaab6e0c70';
DELETE FROM duty_locations WHERE id=(SELECT id from duty_locations where name = 'NS Norfolk');

-- Remove existing associated duty_location_names
-- Delete old duty_location_names
DELETE FROM duty_location_names where name = 'NS Norfolk';
-- Insert new duty_location_names
INSERT INTO duty_location_names (id, name, duty_location_id, created_at, updated_at) VALUES('f929ac08-fd83-46ef-84c2-f7c992acd60c', 'NS Norfolk', '023b1791-c436-4773-997d-5bdaab6e0c70', now(), now());
-- MERGE
UPDATE orders SET origin_duty_location_id='4c4ffadd-1ff1-421e-a3a0-8bc83d35d564' WHERE origin_duty_location_id=(SELECT id from duty_locations where name = 'Offutt AFB');
UPDATE orders SET new_duty_location_id='4c4ffadd-1ff1-421e-a3a0-8bc83d35d564' WHERE new_duty_location_id=(SELECT id from duty_locations where name = 'Offutt AFB');
UPDATE service_members SET duty_location_id='4c4ffadd-1ff1-421e-a3a0-8bc83d35d564' WHERE duty_location_id=(SELECT id from duty_locations where name = 'Offutt AFB');
UPDATE duty_location_names SET duty_location_id = '4c4ffadd-1ff1-421e-a3a0-8bc83d35d564' WHERE duty_location_id=(SELECT id from duty_locations where name = 'Offutt AFB');
UPDATE duty_locations SET transportation_office_id=to_id, affiliation=aff FROM (SELECT transportation_office_id as to_id, affiliation as aff FROM duty_locations where id=(SELECT id from duty_locations where name = 'Offutt AFB')) dl WHERE id='4c4ffadd-1ff1-421e-a3a0-8bc83d35d564';
DELETE FROM duty_locations WHERE id=(SELECT id from duty_locations where name = 'Offutt AFB');

-- Remove existing associated duty_location_names
-- Delete old duty_location_names
DELETE FROM duty_location_names where name = 'Offutt AFB';
-- Insert new duty_location_names
INSERT INTO duty_location_names (id, name, duty_location_id, created_at, updated_at) VALUES('e0dd2cdf-6f11-4f34-ac3a-7f2bcb2a41bb', 'Offutt AFB', '4c4ffadd-1ff1-421e-a3a0-8bc83d35d564', now(), now());
-- MERGE
UPDATE orders SET origin_duty_location_id='9d982756-f462-4772-b941-aa8b5beb0cab' WHERE origin_duty_location_id=(SELECT id from duty_locations where name = 'Redstone Arsenal');
UPDATE orders SET new_duty_location_id='9d982756-f462-4772-b941-aa8b5beb0cab' WHERE new_duty_location_id=(SELECT id from duty_locations where name = 'Redstone Arsenal');
UPDATE service_members SET duty_location_id='9d982756-f462-4772-b941-aa8b5beb0cab' WHERE duty_location_id=(SELECT id from duty_locations where name = 'Redstone Arsenal');
UPDATE duty_location_names SET duty_location_id = '9d982756-f462-4772-b941-aa8b5beb0cab' WHERE duty_location_id=(SELECT id from duty_locations where name = 'Redstone Arsenal');
UPDATE duty_locations SET transportation_office_id=to_id, affiliation=aff FROM (SELECT transportation_office_id as to_id, affiliation as aff FROM duty_locations where id=(SELECT id from duty_locations where name = 'Redstone Arsenal')) dl WHERE id='9d982756-f462-4772-b941-aa8b5beb0cab';
DELETE FROM duty_locations WHERE id=(SELECT id from duty_locations where name = 'Redstone Arsenal');

-- Remove existing associated duty_location_names
-- Delete old duty_location_names
DELETE FROM duty_location_names where name = 'Redstone Arsenal';
-- Insert new duty_location_names
INSERT INTO duty_location_names (id, name, duty_location_id, created_at, updated_at) VALUES('f72de459-726d-44a1-9f26-54c034572def', 'Redstone Arsenal', '9d982756-f462-4772-b941-aa8b5beb0cab', now(), now());
-- MERGE
UPDATE orders SET origin_duty_location_id='0ed8ed35-730c-4c5b-8364-518a93fc10e9' WHERE origin_duty_location_id=(SELECT id from duty_locations where name = 'Robins AFB');
UPDATE orders SET new_duty_location_id='0ed8ed35-730c-4c5b-8364-518a93fc10e9' WHERE new_duty_location_id=(SELECT id from duty_locations where name = 'Robins AFB');
UPDATE service_members SET duty_location_id='0ed8ed35-730c-4c5b-8364-518a93fc10e9' WHERE duty_location_id=(SELECT id from duty_locations where name = 'Robins AFB');
UPDATE duty_location_names SET duty_location_id = '0ed8ed35-730c-4c5b-8364-518a93fc10e9' WHERE duty_location_id=(SELECT id from duty_locations where name = 'Robins AFB');
UPDATE duty_locations SET transportation_office_id=to_id, affiliation=aff FROM (SELECT transportation_office_id as to_id, affiliation as aff FROM duty_locations where id=(SELECT id from duty_locations where name = 'Robins AFB')) dl WHERE id='0ed8ed35-730c-4c5b-8364-518a93fc10e9';
DELETE FROM duty_locations WHERE id=(SELECT id from duty_locations where name = 'Robins AFB');

-- Remove existing associated duty_location_names
-- Delete old duty_location_names
DELETE FROM duty_location_names where name = 'Robins AFB';
-- Insert new duty_location_names
INSERT INTO duty_location_names (id, name, duty_location_id, created_at, updated_at) VALUES('9a302f9f-06af-4f21-8560-513c612ece55', 'Robins AFB', '0ed8ed35-730c-4c5b-8364-518a93fc10e9', now(), now());
-- MERGE
UPDATE orders SET origin_duty_location_id='3d947e08-8d29-4a8a-bce6-5e95e069d718' WHERE origin_duty_location_id=(SELECT id from duty_locations where name = 'Rock Island Arsenal');
UPDATE orders SET new_duty_location_id='3d947e08-8d29-4a8a-bce6-5e95e069d718' WHERE new_duty_location_id=(SELECT id from duty_locations where name = 'Rock Island Arsenal');
UPDATE service_members SET duty_location_id='3d947e08-8d29-4a8a-bce6-5e95e069d718' WHERE duty_location_id=(SELECT id from duty_locations where name = 'Rock Island Arsenal');
UPDATE duty_location_names SET duty_location_id = '3d947e08-8d29-4a8a-bce6-5e95e069d718' WHERE duty_location_id=(SELECT id from duty_locations where name = 'Rock Island Arsenal');
UPDATE duty_locations SET transportation_office_id=to_id, affiliation=aff FROM (SELECT transportation_office_id as to_id, affiliation as aff FROM duty_locations where id=(SELECT id from duty_locations where name = 'Rock Island Arsenal')) dl WHERE id='3d947e08-8d29-4a8a-bce6-5e95e069d718';
DELETE FROM duty_locations WHERE id=(SELECT id from duty_locations where name = 'Rock Island Arsenal');

-- Remove existing associated duty_location_names
-- Delete old duty_location_names
DELETE FROM duty_location_names where name = 'Rock Island Arsenal';
-- Insert new duty_location_names
INSERT INTO duty_location_names (id, name, duty_location_id, created_at, updated_at) VALUES('6af4796e-27f8-439b-828e-4adbb5efe674', 'Rock Island Arsenal', '3d947e08-8d29-4a8a-bce6-5e95e069d718', now(), now());
-- MERGE
UPDATE orders SET origin_duty_location_id='ee5ea675-6575-4afe-b6fc-634662b2c359' WHERE origin_duty_location_id=(SELECT id from duty_locations where name = 'Schriever SFB');
UPDATE orders SET new_duty_location_id='ee5ea675-6575-4afe-b6fc-634662b2c359' WHERE new_duty_location_id=(SELECT id from duty_locations where name = 'Schriever SFB');
UPDATE service_members SET duty_location_id='ee5ea675-6575-4afe-b6fc-634662b2c359' WHERE duty_location_id=(SELECT id from duty_locations where name = 'Schriever SFB');
UPDATE duty_location_names SET duty_location_id = 'ee5ea675-6575-4afe-b6fc-634662b2c359' WHERE duty_location_id=(SELECT id from duty_locations where name = 'Schriever SFB');
UPDATE duty_locations SET transportation_office_id=to_id, affiliation=aff FROM (SELECT transportation_office_id as to_id, affiliation as aff FROM duty_locations where id=(SELECT id from duty_locations where name = 'Schriever SFB')) dl WHERE id='ee5ea675-6575-4afe-b6fc-634662b2c359';
DELETE FROM duty_locations WHERE id=(SELECT id from duty_locations where name = 'Schriever SFB');

-- Remove existing associated duty_location_names
-- Delete old duty_location_names
DELETE FROM duty_location_names where name = 'Schriever SFB';
-- Insert new duty_location_names
INSERT INTO duty_location_names (id, name, duty_location_id, created_at, updated_at) VALUES('100ec318-0141-4247-a0e7-ca9bad3709b0', 'Schriever SFB', 'ee5ea675-6575-4afe-b6fc-634662b2c359', now(), now());
-- MERGE
UPDATE orders SET origin_duty_location_id='d0543628-5c5f-44c1-bf05-2ae4c098daf8' WHERE origin_duty_location_id=(SELECT id from duty_locations where name = 'Scott AFB');
UPDATE orders SET new_duty_location_id='d0543628-5c5f-44c1-bf05-2ae4c098daf8' WHERE new_duty_location_id=(SELECT id from duty_locations where name = 'Scott AFB');
UPDATE service_members SET duty_location_id='d0543628-5c5f-44c1-bf05-2ae4c098daf8' WHERE duty_location_id=(SELECT id from duty_locations where name = 'Scott AFB');
UPDATE duty_location_names SET duty_location_id = 'd0543628-5c5f-44c1-bf05-2ae4c098daf8' WHERE duty_location_id=(SELECT id from duty_locations where name = 'Scott AFB');
UPDATE duty_locations SET transportation_office_id=to_id, affiliation=aff FROM (SELECT transportation_office_id as to_id, affiliation as aff FROM duty_locations where id=(SELECT id from duty_locations where name = 'Scott AFB')) dl WHERE id='d0543628-5c5f-44c1-bf05-2ae4c098daf8';
DELETE FROM duty_locations WHERE id=(SELECT id from duty_locations where name = 'Scott AFB');

-- Remove existing associated duty_location_names
-- Delete old duty_location_names
DELETE FROM duty_location_names where name = 'Scott AFB';
-- Insert new duty_location_names
INSERT INTO duty_location_names (id, name, duty_location_id, created_at, updated_at) VALUES('25d1b2b5-9ec7-4405-9a46-818c6ef72a51', 'Scott AFB', 'd0543628-5c5f-44c1-bf05-2ae4c098daf8', now(), now());
-- MERGE
UPDATE orders SET origin_duty_location_id='59eb25a5-1246-4ecb-9fa9-b47f78583967' WHERE origin_duty_location_id=(SELECT id from duty_locations where name = 'Seymour Johnson AFB');
UPDATE orders SET new_duty_location_id='59eb25a5-1246-4ecb-9fa9-b47f78583967' WHERE new_duty_location_id=(SELECT id from duty_locations where name = 'Seymour Johnson AFB');
UPDATE service_members SET duty_location_id='59eb25a5-1246-4ecb-9fa9-b47f78583967' WHERE duty_location_id=(SELECT id from duty_locations where name = 'Seymour Johnson AFB');
UPDATE duty_location_names SET duty_location_id = '59eb25a5-1246-4ecb-9fa9-b47f78583967' WHERE duty_location_id=(SELECT id from duty_locations where name = 'Seymour Johnson AFB');
UPDATE duty_locations SET transportation_office_id=to_id, affiliation=aff FROM (SELECT transportation_office_id as to_id, affiliation as aff FROM duty_locations where id=(SELECT id from duty_locations where name = 'Seymour Johnson AFB')) dl WHERE id='59eb25a5-1246-4ecb-9fa9-b47f78583967';
DELETE FROM duty_locations WHERE id=(SELECT id from duty_locations where name = 'Seymour Johnson AFB');

-- Remove existing associated duty_location_names
-- Delete old duty_location_names
DELETE FROM duty_location_names where name = 'Seymour Johnson AFB';
-- Insert new duty_location_names
INSERT INTO duty_location_names (id, name, duty_location_id, created_at, updated_at) VALUES('06a400c7-9a94-4f81-a98d-da4eaa262557', 'Seymour Johnson AFB', '59eb25a5-1246-4ecb-9fa9-b47f78583967', now(), now());
-- MERGE
UPDATE orders SET origin_duty_location_id='be1039f0-1cca-433e-8614-c59429e78133' WHERE origin_duty_location_id=(SELECT id from duty_locations where name = 'Shaw AFB');
UPDATE orders SET new_duty_location_id='be1039f0-1cca-433e-8614-c59429e78133' WHERE new_duty_location_id=(SELECT id from duty_locations where name = 'Shaw AFB');
UPDATE service_members SET duty_location_id='be1039f0-1cca-433e-8614-c59429e78133' WHERE duty_location_id=(SELECT id from duty_locations where name = 'Shaw AFB');
UPDATE duty_location_names SET duty_location_id = 'be1039f0-1cca-433e-8614-c59429e78133' WHERE duty_location_id=(SELECT id from duty_locations where name = 'Shaw AFB');
UPDATE duty_locations SET transportation_office_id=to_id, affiliation=aff FROM (SELECT transportation_office_id as to_id, affiliation as aff FROM duty_locations where id=(SELECT id from duty_locations where name = 'Shaw AFB')) dl WHERE id='be1039f0-1cca-433e-8614-c59429e78133';
DELETE FROM duty_locations WHERE id=(SELECT id from duty_locations where name = 'Shaw AFB');

-- Remove existing associated duty_location_names
-- Delete old duty_location_names
DELETE FROM duty_location_names where name = 'Shaw AFB';
-- Insert new duty_location_names
INSERT INTO duty_location_names (id, name, duty_location_id, created_at, updated_at) VALUES('a0039a8a-24b8-4e17-b741-23030be01765', 'Shaw AFB', 'be1039f0-1cca-433e-8614-c59429e78133', now(), now());
-- MERGE
UPDATE orders SET origin_duty_location_id='fed7f918-d1cf-402d-b1e4-10ae37666a35' WHERE origin_duty_location_id=(SELECT id from duty_locations where name = 'Sheppard AFB');
UPDATE orders SET new_duty_location_id='fed7f918-d1cf-402d-b1e4-10ae37666a35' WHERE new_duty_location_id=(SELECT id from duty_locations where name = 'Sheppard AFB');
UPDATE service_members SET duty_location_id='fed7f918-d1cf-402d-b1e4-10ae37666a35' WHERE duty_location_id=(SELECT id from duty_locations where name = 'Sheppard AFB');
UPDATE duty_location_names SET duty_location_id = 'fed7f918-d1cf-402d-b1e4-10ae37666a35' WHERE duty_location_id=(SELECT id from duty_locations where name = 'Sheppard AFB');
UPDATE duty_locations SET transportation_office_id=to_id, affiliation=aff FROM (SELECT transportation_office_id as to_id, affiliation as aff FROM duty_locations where id=(SELECT id from duty_locations where name = 'Sheppard AFB')) dl WHERE id='fed7f918-d1cf-402d-b1e4-10ae37666a35';
DELETE FROM duty_locations WHERE id=(SELECT id from duty_locations where name = 'Sheppard AFB');

-- Remove existing associated duty_location_names
-- Delete old duty_location_names
DELETE FROM duty_location_names where name = 'Sheppard AFB';
-- Insert new duty_location_names
INSERT INTO duty_location_names (id, name, duty_location_id, created_at, updated_at) VALUES('ad2e78eb-4e12-4dbe-9faf-8fc6fc17070f', 'Sheppard AFB', 'fed7f918-d1cf-402d-b1e4-10ae37666a35', now(), now());
-- MERGE
UPDATE orders SET origin_duty_location_id='2d6eab7d-1a21-4f29-933e-ee8fa7dbc314' WHERE origin_duty_location_id=(SELECT id from duty_locations where name = 'Tinker AFB');
UPDATE orders SET new_duty_location_id='2d6eab7d-1a21-4f29-933e-ee8fa7dbc314' WHERE new_duty_location_id=(SELECT id from duty_locations where name = 'Tinker AFB');
UPDATE service_members SET duty_location_id='2d6eab7d-1a21-4f29-933e-ee8fa7dbc314' WHERE duty_location_id=(SELECT id from duty_locations where name = 'Tinker AFB');
UPDATE duty_location_names SET duty_location_id = '2d6eab7d-1a21-4f29-933e-ee8fa7dbc314' WHERE duty_location_id=(SELECT id from duty_locations where name = 'Tinker AFB');
UPDATE duty_locations SET transportation_office_id=to_id, affiliation=aff FROM (SELECT transportation_office_id as to_id, affiliation as aff FROM duty_locations where id=(SELECT id from duty_locations where name = 'Tinker AFB')) dl WHERE id='2d6eab7d-1a21-4f29-933e-ee8fa7dbc314';
DELETE FROM duty_locations WHERE id=(SELECT id from duty_locations where name = 'Tinker AFB');

-- Remove existing associated duty_location_names
-- Delete old duty_location_names
DELETE FROM duty_location_names where name = 'Tinker AFB';
-- Insert new duty_location_names
INSERT INTO duty_location_names (id, name, duty_location_id, created_at, updated_at) VALUES('320a27d1-5728-4557-a5e7-3047842b0056', 'Tinker AFB', '2d6eab7d-1a21-4f29-933e-ee8fa7dbc314', now(), now());
-- MERGE
UPDATE orders SET origin_duty_location_id='0343163e-25d9-4725-a9d6-34e51f41fc5f' WHERE origin_duty_location_id=(SELECT id from duty_locations where name = 'Tobyhanna Army Depot');
UPDATE orders SET new_duty_location_id='0343163e-25d9-4725-a9d6-34e51f41fc5f' WHERE new_duty_location_id=(SELECT id from duty_locations where name = 'Tobyhanna Army Depot');
UPDATE service_members SET duty_location_id='0343163e-25d9-4725-a9d6-34e51f41fc5f' WHERE duty_location_id=(SELECT id from duty_locations where name = 'Tobyhanna Army Depot');
UPDATE duty_location_names SET duty_location_id = '0343163e-25d9-4725-a9d6-34e51f41fc5f' WHERE duty_location_id=(SELECT id from duty_locations where name = 'Tobyhanna Army Depot');
UPDATE duty_locations SET transportation_office_id=to_id, affiliation=aff FROM (SELECT transportation_office_id as to_id, affiliation as aff FROM duty_locations where id=(SELECT id from duty_locations where name = 'Tobyhanna Army Depot')) dl WHERE id='0343163e-25d9-4725-a9d6-34e51f41fc5f';
DELETE FROM duty_locations WHERE id=(SELECT id from duty_locations where name = 'Tobyhanna Army Depot');

-- Remove existing associated duty_location_names
-- Delete old duty_location_names
DELETE FROM duty_location_names where name = 'Tobyhanna Army Depot';
-- Insert new duty_location_names
INSERT INTO duty_location_names (id, name, duty_location_id, created_at, updated_at) VALUES('77a06d66-9dca-4835-a0da-dc3786dc2a71', 'Tobyhanna Army Depot', '0343163e-25d9-4725-a9d6-34e51f41fc5f', now(), now());
-- MERGE
UPDATE orders SET origin_duty_location_id='de36ae41-80fe-4247-b19b-baf73f3a2fd7' WHERE origin_duty_location_id=(SELECT id from duty_locations where name = 'Tooele Army Depot');
UPDATE orders SET new_duty_location_id='de36ae41-80fe-4247-b19b-baf73f3a2fd7' WHERE new_duty_location_id=(SELECT id from duty_locations where name = 'Tooele Army Depot');
UPDATE service_members SET duty_location_id='de36ae41-80fe-4247-b19b-baf73f3a2fd7' WHERE duty_location_id=(SELECT id from duty_locations where name = 'Tooele Army Depot');
UPDATE duty_location_names SET duty_location_id = 'de36ae41-80fe-4247-b19b-baf73f3a2fd7' WHERE duty_location_id=(SELECT id from duty_locations where name = 'Tooele Army Depot');
UPDATE duty_locations SET transportation_office_id=to_id, affiliation=aff FROM (SELECT transportation_office_id as to_id, affiliation as aff FROM duty_locations where id=(SELECT id from duty_locations where name = 'Tooele Army Depot')) dl WHERE id='de36ae41-80fe-4247-b19b-baf73f3a2fd7';
DELETE FROM duty_locations WHERE id=(SELECT id from duty_locations where name = 'Tooele Army Depot');

-- Remove existing associated duty_location_names
-- Delete old duty_location_names
DELETE FROM duty_location_names where name = 'Tooele Army Depot';
-- Insert new duty_location_names
INSERT INTO duty_location_names (id, name, duty_location_id, created_at, updated_at) VALUES('7d61dc2e-6e73-40d4-a13d-494f18ac8d6f', 'Tooele Army Depot', 'de36ae41-80fe-4247-b19b-baf73f3a2fd7', now(), now());
-- MERGE
UPDATE orders SET origin_duty_location_id='a20770f5-e149-42d2-88a5-22b2976b50a0' WHERE origin_duty_location_id=(SELECT id from duty_locations where name = 'Travis AFB');
UPDATE orders SET new_duty_location_id='a20770f5-e149-42d2-88a5-22b2976b50a0' WHERE new_duty_location_id=(SELECT id from duty_locations where name = 'Travis AFB');
UPDATE service_members SET duty_location_id='a20770f5-e149-42d2-88a5-22b2976b50a0' WHERE duty_location_id=(SELECT id from duty_locations where name = 'Travis AFB');
UPDATE duty_location_names SET duty_location_id = 'a20770f5-e149-42d2-88a5-22b2976b50a0' WHERE duty_location_id=(SELECT id from duty_locations where name = 'Travis AFB');
UPDATE duty_locations SET transportation_office_id=to_id, affiliation=aff FROM (SELECT transportation_office_id as to_id, affiliation as aff FROM duty_locations where id=(SELECT id from duty_locations where name = 'Travis AFB')) dl WHERE id='a20770f5-e149-42d2-88a5-22b2976b50a0';
DELETE FROM duty_locations WHERE id=(SELECT id from duty_locations where name = 'Travis AFB');

-- Remove existing associated duty_location_names
-- Delete old duty_location_names
DELETE FROM duty_location_names where name = 'Travis AFB';
-- Insert new duty_location_names
INSERT INTO duty_location_names (id, name, duty_location_id, created_at, updated_at) VALUES('bcf301cd-6144-497d-a874-073c905df3e8', 'Travis AFB', 'a20770f5-e149-42d2-88a5-22b2976b50a0', now(), now());
-- MERGE
UPDATE orders SET origin_duty_location_id='eeef4aa1-64ae-42b1-991e-3ff51884f129' WHERE origin_duty_location_id=(SELECT id from duty_locations where name = 'Twentynine Palms');
UPDATE orders SET new_duty_location_id='eeef4aa1-64ae-42b1-991e-3ff51884f129' WHERE new_duty_location_id=(SELECT id from duty_locations where name = 'Twentynine Palms');
UPDATE service_members SET duty_location_id='eeef4aa1-64ae-42b1-991e-3ff51884f129' WHERE duty_location_id=(SELECT id from duty_locations where name = 'Twentynine Palms');
UPDATE duty_location_names SET duty_location_id = 'eeef4aa1-64ae-42b1-991e-3ff51884f129' WHERE duty_location_id=(SELECT id from duty_locations where name = 'Twentynine Palms');
UPDATE duty_locations SET transportation_office_id=to_id, affiliation=aff FROM (SELECT transportation_office_id as to_id, affiliation as aff FROM duty_locations where id=(SELECT id from duty_locations where name = 'Twentynine Palms')) dl WHERE id='eeef4aa1-64ae-42b1-991e-3ff51884f129';
DELETE FROM duty_locations WHERE id=(SELECT id from duty_locations where name = 'Twentynine Palms');

-- Remove existing associated duty_location_names
-- Delete old duty_location_names
DELETE FROM duty_location_names where name = 'Twentynine Palms';
-- Insert new duty_location_names
INSERT INTO duty_location_names (id, name, duty_location_id, created_at, updated_at) VALUES('5fa4802e-32ce-453c-b21c-9d05f6a44832', 'Twentynine Palms', 'eeef4aa1-64ae-42b1-991e-3ff51884f129', now(), now());
-- MERGE
UPDATE orders SET origin_duty_location_id='15397ba5-9f54-4468-98c2-fccee3b46dd2' WHERE origin_duty_location_id=(SELECT id from duty_locations where name = 'Tyndall AFB');
UPDATE orders SET new_duty_location_id='15397ba5-9f54-4468-98c2-fccee3b46dd2' WHERE new_duty_location_id=(SELECT id from duty_locations where name = 'Tyndall AFB');
UPDATE service_members SET duty_location_id='15397ba5-9f54-4468-98c2-fccee3b46dd2' WHERE duty_location_id=(SELECT id from duty_locations where name = 'Tyndall AFB');
UPDATE duty_location_names SET duty_location_id = '15397ba5-9f54-4468-98c2-fccee3b46dd2' WHERE duty_location_id=(SELECT id from duty_locations where name = 'Tyndall AFB');
UPDATE duty_locations SET transportation_office_id=to_id, affiliation=aff FROM (SELECT transportation_office_id as to_id, affiliation as aff FROM duty_locations where id=(SELECT id from duty_locations where name = 'Tyndall AFB')) dl WHERE id='15397ba5-9f54-4468-98c2-fccee3b46dd2';
DELETE FROM duty_locations WHERE id=(SELECT id from duty_locations where name = 'Tyndall AFB');

-- Remove existing associated duty_location_names
-- Delete old duty_location_names
DELETE FROM duty_location_names where name = 'Tyndall AFB';
-- Insert new duty_location_names
INSERT INTO duty_location_names (id, name, duty_location_id, created_at, updated_at) VALUES('a57acada-cff2-450c-b689-bf1b185bcb74', 'Tyndall AFB', '15397ba5-9f54-4468-98c2-fccee3b46dd2', now(), now());
-- MERGE
UPDATE orders SET origin_duty_location_id='979e65e0-ef55-4fd8-8c12-256d5f8408a4' WHERE origin_duty_location_id=(SELECT id from duty_locations where name = 'USAF Academy');
UPDATE orders SET new_duty_location_id='979e65e0-ef55-4fd8-8c12-256d5f8408a4' WHERE new_duty_location_id=(SELECT id from duty_locations where name = 'USAF Academy');
UPDATE service_members SET duty_location_id='979e65e0-ef55-4fd8-8c12-256d5f8408a4' WHERE duty_location_id=(SELECT id from duty_locations where name = 'USAF Academy');
UPDATE duty_location_names SET duty_location_id = '979e65e0-ef55-4fd8-8c12-256d5f8408a4' WHERE duty_location_id=(SELECT id from duty_locations where name = 'USAF Academy');
UPDATE duty_locations SET transportation_office_id=to_id, affiliation=aff FROM (SELECT transportation_office_id as to_id, affiliation as aff FROM duty_locations where id=(SELECT id from duty_locations where name = 'USAF Academy')) dl WHERE id='979e65e0-ef55-4fd8-8c12-256d5f8408a4';
DELETE FROM duty_locations WHERE id=(SELECT id from duty_locations where name = 'USAF Academy');

-- Remove existing associated duty_location_names
-- Delete old duty_location_names
DELETE FROM duty_location_names where name = 'USAF Academy';
-- Insert new duty_location_names
INSERT INTO duty_location_names (id, name, duty_location_id, created_at, updated_at) VALUES('0255f38a-f672-486a-a048-5d4a539ec327', 'USAF Academy', '979e65e0-ef55-4fd8-8c12-256d5f8408a4', now(), now());
-- MERGE
UPDATE orders SET origin_duty_location_id='144b7208-c6da-46f0-ba97-a291e8164b27' WHERE origin_duty_location_id=(SELECT id from duty_locations where name = 'USCG Base Alameda');
UPDATE orders SET new_duty_location_id='144b7208-c6da-46f0-ba97-a291e8164b27' WHERE new_duty_location_id=(SELECT id from duty_locations where name = 'USCG Base Alameda');
UPDATE service_members SET duty_location_id='144b7208-c6da-46f0-ba97-a291e8164b27' WHERE duty_location_id=(SELECT id from duty_locations where name = 'USCG Base Alameda');
UPDATE duty_location_names SET duty_location_id = '144b7208-c6da-46f0-ba97-a291e8164b27' WHERE duty_location_id=(SELECT id from duty_locations where name = 'USCG Base Alameda');
UPDATE duty_locations SET transportation_office_id=to_id, affiliation=aff FROM (SELECT transportation_office_id as to_id, affiliation as aff FROM duty_locations where id=(SELECT id from duty_locations where name = 'USCG Base Alameda')) dl WHERE id='144b7208-c6da-46f0-ba97-a291e8164b27';
DELETE FROM duty_locations WHERE id=(SELECT id from duty_locations where name = 'USCG Base Alameda');

-- Remove existing associated duty_location_names
-- Delete old duty_location_names
DELETE FROM duty_location_names where name = 'USCG Base Alameda';
-- Insert new duty_location_names
INSERT INTO duty_location_names (id, name, duty_location_id, created_at, updated_at) VALUES('dce5b1e3-d3e8-4c9d-8f74-3f22cc53fbca', 'USCG Base Alameda', '144b7208-c6da-46f0-ba97-a291e8164b27', now(), now());
-- MERGE
UPDATE orders SET origin_duty_location_id='fe22d023-426a-4ecb-a36d-681545672636' WHERE origin_duty_location_id=(SELECT id from duty_locations where name = 'USCG Base Boston');
UPDATE orders SET new_duty_location_id='fe22d023-426a-4ecb-a36d-681545672636' WHERE new_duty_location_id=(SELECT id from duty_locations where name = 'USCG Base Boston');
UPDATE service_members SET duty_location_id='fe22d023-426a-4ecb-a36d-681545672636' WHERE duty_location_id=(SELECT id from duty_locations where name = 'USCG Base Boston');
UPDATE duty_location_names SET duty_location_id = 'fe22d023-426a-4ecb-a36d-681545672636' WHERE duty_location_id=(SELECT id from duty_locations where name = 'USCG Base Boston');
UPDATE duty_locations SET transportation_office_id=to_id, affiliation=aff FROM (SELECT transportation_office_id as to_id, affiliation as aff FROM duty_locations where id=(SELECT id from duty_locations where name = 'USCG Base Boston')) dl WHERE id='fe22d023-426a-4ecb-a36d-681545672636';
DELETE FROM duty_locations WHERE id=(SELECT id from duty_locations where name = 'USCG Base Boston');

-- Remove existing associated duty_location_names
-- Delete old duty_location_names
DELETE FROM duty_location_names where name = 'USCG Base Boston';
-- Insert new duty_location_names
INSERT INTO duty_location_names (id, name, duty_location_id, created_at, updated_at) VALUES('891421a0-6922-4030-996d-0000d021a2b9', 'USCG Base Boston', 'fe22d023-426a-4ecb-a36d-681545672636', now(), now());
-- MERGE
UPDATE orders SET origin_duty_location_id='5e133fcd-ac0b-4a7d-aa06-aaee06870509' WHERE origin_duty_location_id=(SELECT id from duty_locations where name = 'USCG Base Charleston');
UPDATE orders SET new_duty_location_id='5e133fcd-ac0b-4a7d-aa06-aaee06870509' WHERE new_duty_location_id=(SELECT id from duty_locations where name = 'USCG Base Charleston');
UPDATE service_members SET duty_location_id='5e133fcd-ac0b-4a7d-aa06-aaee06870509' WHERE duty_location_id=(SELECT id from duty_locations where name = 'USCG Base Charleston');
UPDATE duty_location_names SET duty_location_id = '5e133fcd-ac0b-4a7d-aa06-aaee06870509' WHERE duty_location_id=(SELECT id from duty_locations where name = 'USCG Base Charleston');
UPDATE duty_locations SET transportation_office_id=to_id, affiliation=aff FROM (SELECT transportation_office_id as to_id, affiliation as aff FROM duty_locations where id=(SELECT id from duty_locations where name = 'USCG Base Charleston')) dl WHERE id='5e133fcd-ac0b-4a7d-aa06-aaee06870509';
DELETE FROM duty_locations WHERE id=(SELECT id from duty_locations where name = 'USCG Base Charleston');

-- Remove existing associated duty_location_names
-- Delete old duty_location_names
DELETE FROM duty_location_names where name = 'USCG Base Charleston';
-- Insert new duty_location_names
INSERT INTO duty_location_names (id, name, duty_location_id, created_at, updated_at) VALUES('94804b36-99c3-4c52-8851-cb6d44259893', 'USCG Base Charleston', '5e133fcd-ac0b-4a7d-aa06-aaee06870509', now(), now());
-- MERGE
UPDATE orders SET origin_duty_location_id='10e775c0-407a-4fc1-810d-ae8465a779e6' WHERE origin_duty_location_id=(SELECT id from duty_locations where name = 'USCG Base Elizabeth City');
UPDATE orders SET new_duty_location_id='10e775c0-407a-4fc1-810d-ae8465a779e6' WHERE new_duty_location_id=(SELECT id from duty_locations where name = 'USCG Base Elizabeth City');
UPDATE service_members SET duty_location_id='10e775c0-407a-4fc1-810d-ae8465a779e6' WHERE duty_location_id=(SELECT id from duty_locations where name = 'USCG Base Elizabeth City');
UPDATE duty_location_names SET duty_location_id = '10e775c0-407a-4fc1-810d-ae8465a779e6' WHERE duty_location_id=(SELECT id from duty_locations where name = 'USCG Base Elizabeth City');
UPDATE duty_locations SET transportation_office_id=to_id, affiliation=aff FROM (SELECT transportation_office_id as to_id, affiliation as aff FROM duty_locations where id=(SELECT id from duty_locations where name = 'USCG Base Elizabeth City')) dl WHERE id='10e775c0-407a-4fc1-810d-ae8465a779e6';
DELETE FROM duty_locations WHERE id=(SELECT id from duty_locations where name = 'USCG Base Elizabeth City');

-- Remove existing associated duty_location_names
-- Delete old duty_location_names
DELETE FROM duty_location_names where name = 'USCG Base Elizabeth City';
-- Insert new duty_location_names
INSERT INTO duty_location_names (id, name, duty_location_id, created_at, updated_at) VALUES('2d3d4d82-41f5-49fe-8a71-8e7dd82e2175', 'USCG Base Elizabeth City', '10e775c0-407a-4fc1-810d-ae8465a779e6', now(), now());
-- MERGE
UPDATE orders SET origin_duty_location_id='5d52de22-cdf5-4553-811f-05c38faf831f' WHERE origin_duty_location_id=(SELECT id from duty_locations where name = 'USCG Base Los Angeles/Long Beach');
UPDATE orders SET new_duty_location_id='5d52de22-cdf5-4553-811f-05c38faf831f' WHERE new_duty_location_id=(SELECT id from duty_locations where name = 'USCG Base Los Angeles/Long Beach');
UPDATE service_members SET duty_location_id='5d52de22-cdf5-4553-811f-05c38faf831f' WHERE duty_location_id=(SELECT id from duty_locations where name = 'USCG Base Los Angeles/Long Beach');
UPDATE duty_location_names SET duty_location_id = '5d52de22-cdf5-4553-811f-05c38faf831f' WHERE duty_location_id=(SELECT id from duty_locations where name = 'USCG Base Los Angeles/Long Beach');
UPDATE duty_locations SET transportation_office_id=to_id, affiliation=aff FROM (SELECT transportation_office_id as to_id, affiliation as aff FROM duty_locations where id=(SELECT id from duty_locations where name = 'USCG Base Los Angeles/Long Beach')) dl WHERE id='5d52de22-cdf5-4553-811f-05c38faf831f';
DELETE FROM duty_locations WHERE id=(SELECT id from duty_locations where name = 'USCG Base Los Angeles/Long Beach');

-- Remove existing associated duty_location_names
-- Delete old duty_location_names
DELETE FROM duty_location_names where name = 'USCG Base Los Angeles/Long Beach';
-- Insert new duty_location_names
INSERT INTO duty_location_names (id, name, duty_location_id, created_at, updated_at) VALUES('8623d8dc-cebd-4453-8c9c-1aea96b94b5e', 'USCG Base Los Angeles/Long Beach', '5d52de22-cdf5-4553-811f-05c38faf831f', now(), now());
-- MERGE
UPDATE orders SET origin_duty_location_id='f27a5640-8cad-4e60-b8ba-f14407eb5c10' WHERE origin_duty_location_id=(SELECT id from duty_locations where name = 'USCG Base Miami Beach');
UPDATE orders SET new_duty_location_id='f27a5640-8cad-4e60-b8ba-f14407eb5c10' WHERE new_duty_location_id=(SELECT id from duty_locations where name = 'USCG Base Miami Beach');
UPDATE service_members SET duty_location_id='f27a5640-8cad-4e60-b8ba-f14407eb5c10' WHERE duty_location_id=(SELECT id from duty_locations where name = 'USCG Base Miami Beach');
UPDATE duty_location_names SET duty_location_id = 'f27a5640-8cad-4e60-b8ba-f14407eb5c10' WHERE duty_location_id=(SELECT id from duty_locations where name = 'USCG Base Miami Beach');
UPDATE duty_locations SET transportation_office_id=to_id, affiliation=aff FROM (SELECT transportation_office_id as to_id, affiliation as aff FROM duty_locations where id=(SELECT id from duty_locations where name = 'USCG Base Miami Beach')) dl WHERE id='f27a5640-8cad-4e60-b8ba-f14407eb5c10';
DELETE FROM duty_locations WHERE id=(SELECT id from duty_locations where name = 'USCG Base Miami Beach');

-- Remove existing associated duty_location_names
-- Delete old duty_location_names
DELETE FROM duty_location_names where name = 'USCG Base Miami Beach';
-- Insert new duty_location_names
INSERT INTO duty_location_names (id, name, duty_location_id, created_at, updated_at) VALUES('67c31740-500c-4edf-b4d6-b884e94c9da5', 'USCG Base Miami Beach', 'f27a5640-8cad-4e60-b8ba-f14407eb5c10', now(), now());
-- MERGE
UPDATE orders SET origin_duty_location_id='c7469fff-8c8b-45b6-8018-a816f37d3b72' WHERE origin_duty_location_id=(SELECT id from duty_locations where name = 'USCG Base Portsmouth');
UPDATE orders SET new_duty_location_id='c7469fff-8c8b-45b6-8018-a816f37d3b72' WHERE new_duty_location_id=(SELECT id from duty_locations where name = 'USCG Base Portsmouth');
UPDATE service_members SET duty_location_id='c7469fff-8c8b-45b6-8018-a816f37d3b72' WHERE duty_location_id=(SELECT id from duty_locations where name = 'USCG Base Portsmouth');
UPDATE duty_location_names SET duty_location_id = 'c7469fff-8c8b-45b6-8018-a816f37d3b72' WHERE duty_location_id=(SELECT id from duty_locations where name = 'USCG Base Portsmouth');
UPDATE duty_locations SET transportation_office_id=to_id, affiliation=aff FROM (SELECT transportation_office_id as to_id, affiliation as aff FROM duty_locations where id=(SELECT id from duty_locations where name = 'USCG Base Portsmouth')) dl WHERE id='c7469fff-8c8b-45b6-8018-a816f37d3b72';
DELETE FROM duty_locations WHERE id=(SELECT id from duty_locations where name = 'USCG Base Portsmouth');

-- Remove existing associated duty_location_names
-- Delete old duty_location_names
DELETE FROM duty_location_names where name = 'USCG Base Portsmouth';
-- Insert new duty_location_names
INSERT INTO duty_location_names (id, name, duty_location_id, created_at, updated_at) VALUES('42cca275-54eb-4468-9957-08061ee4fd17', 'USCG Base Portsmouth', 'c7469fff-8c8b-45b6-8018-a816f37d3b72', now(), now());
-- MERGE
UPDATE orders SET origin_duty_location_id='05d2e90c-6b59-4302-b314-4a8805aa7a73' WHERE origin_duty_location_id=(SELECT id from duty_locations where name = 'USCG Base Saint Louis');
UPDATE orders SET new_duty_location_id='05d2e90c-6b59-4302-b314-4a8805aa7a73' WHERE new_duty_location_id=(SELECT id from duty_locations where name = 'USCG Base Saint Louis');
UPDATE service_members SET duty_location_id='05d2e90c-6b59-4302-b314-4a8805aa7a73' WHERE duty_location_id=(SELECT id from duty_locations where name = 'USCG Base Saint Louis');
UPDATE duty_location_names SET duty_location_id = '05d2e90c-6b59-4302-b314-4a8805aa7a73' WHERE duty_location_id=(SELECT id from duty_locations where name = 'USCG Base Saint Louis');
UPDATE duty_locations SET transportation_office_id=to_id, affiliation=aff FROM (SELECT transportation_office_id as to_id, affiliation as aff FROM duty_locations where id=(SELECT id from duty_locations where name = 'USCG Base Saint Louis')) dl WHERE id='05d2e90c-6b59-4302-b314-4a8805aa7a73';
DELETE FROM duty_locations WHERE id=(SELECT id from duty_locations where name = 'USCG Base Saint Louis');

-- Remove existing associated duty_location_names
-- Delete old duty_location_names
DELETE FROM duty_location_names where name = 'USCG Base Saint Louis';
-- Insert new duty_location_names
INSERT INTO duty_location_names (id, name, duty_location_id, created_at, updated_at) VALUES('3952bfa5-bea5-4089-9854-3af80664b8b7', 'USCG Base Saint Louis', '05d2e90c-6b59-4302-b314-4a8805aa7a73', now(), now());
-- MERGE
UPDATE orders SET origin_duty_location_id='1bc85d60-8ca2-4e82-9f67-bc64942532b6' WHERE origin_duty_location_id=(SELECT id from duty_locations where name = 'USCG Base Seattle');
UPDATE orders SET new_duty_location_id='1bc85d60-8ca2-4e82-9f67-bc64942532b6' WHERE new_duty_location_id=(SELECT id from duty_locations where name = 'USCG Base Seattle');
UPDATE service_members SET duty_location_id='1bc85d60-8ca2-4e82-9f67-bc64942532b6' WHERE duty_location_id=(SELECT id from duty_locations where name = 'USCG Base Seattle');
UPDATE duty_location_names SET duty_location_id = '1bc85d60-8ca2-4e82-9f67-bc64942532b6' WHERE duty_location_id=(SELECT id from duty_locations where name = 'USCG Base Seattle');
UPDATE duty_locations SET transportation_office_id=to_id, affiliation=aff FROM (SELECT transportation_office_id as to_id, affiliation as aff FROM duty_locations where id=(SELECT id from duty_locations where name = 'USCG Base Seattle')) dl WHERE id='1bc85d60-8ca2-4e82-9f67-bc64942532b6';
DELETE FROM duty_locations WHERE id=(SELECT id from duty_locations where name = 'USCG Base Seattle');

-- Remove existing associated duty_location_names
-- Delete old duty_location_names
DELETE FROM duty_location_names where name = 'USCG Base Seattle';
-- Insert new duty_location_names
INSERT INTO duty_location_names (id, name, duty_location_id, created_at, updated_at) VALUES('44393889-c225-46a8-8391-1cc5f9ade422', 'USCG Base Seattle', '1bc85d60-8ca2-4e82-9f67-bc64942532b6', now(), now());
-- MERGE
UPDATE orders SET origin_duty_location_id='68aa6b57-2ea2-4ff6-a4a7-7347aa2fb5fb' WHERE origin_duty_location_id=(SELECT id from duty_locations where name = 'USCG Sector Humboldt Bay');
UPDATE orders SET new_duty_location_id='68aa6b57-2ea2-4ff6-a4a7-7347aa2fb5fb' WHERE new_duty_location_id=(SELECT id from duty_locations where name = 'USCG Sector Humboldt Bay');
UPDATE service_members SET duty_location_id='68aa6b57-2ea2-4ff6-a4a7-7347aa2fb5fb' WHERE duty_location_id=(SELECT id from duty_locations where name = 'USCG Sector Humboldt Bay');
UPDATE duty_location_names SET duty_location_id = '68aa6b57-2ea2-4ff6-a4a7-7347aa2fb5fb' WHERE duty_location_id=(SELECT id from duty_locations where name = 'USCG Sector Humboldt Bay');
UPDATE duty_locations SET transportation_office_id=to_id, affiliation=aff FROM (SELECT transportation_office_id as to_id, affiliation as aff FROM duty_locations where id=(SELECT id from duty_locations where name = 'USCG Sector Humboldt Bay')) dl WHERE id='68aa6b57-2ea2-4ff6-a4a7-7347aa2fb5fb';
DELETE FROM duty_locations WHERE id=(SELECT id from duty_locations where name = 'USCG Sector Humboldt Bay');

-- Remove existing associated duty_location_names
-- Delete old duty_location_names
DELETE FROM duty_location_names where name = 'USCG Sector Humboldt Bay';
-- Insert new duty_location_names
INSERT INTO duty_location_names (id, name, duty_location_id, created_at, updated_at) VALUES('8a392529-3ed5-45e5-afb3-24fcf3082600', 'USCG Sector Humboldt Bay', '68aa6b57-2ea2-4ff6-a4a7-7347aa2fb5fb', now(), now());
-- MERGE
UPDATE orders SET origin_duty_location_id='8f79f552-de45-4be0-af10-8df5e72e89a4' WHERE origin_duty_location_id=(SELECT id from duty_locations where name = 'USCG Sector Mobile');
UPDATE orders SET new_duty_location_id='8f79f552-de45-4be0-af10-8df5e72e89a4' WHERE new_duty_location_id=(SELECT id from duty_locations where name = 'USCG Sector Mobile');
UPDATE service_members SET duty_location_id='8f79f552-de45-4be0-af10-8df5e72e89a4' WHERE duty_location_id=(SELECT id from duty_locations where name = 'USCG Sector Mobile');
UPDATE duty_location_names SET duty_location_id = '8f79f552-de45-4be0-af10-8df5e72e89a4' WHERE duty_location_id=(SELECT id from duty_locations where name = 'USCG Sector Mobile');
UPDATE duty_locations SET transportation_office_id=to_id, affiliation=aff FROM (SELECT transportation_office_id as to_id, affiliation as aff FROM duty_locations where id=(SELECT id from duty_locations where name = 'USCG Sector Mobile')) dl WHERE id='8f79f552-de45-4be0-af10-8df5e72e89a4';
DELETE FROM duty_locations WHERE id=(SELECT id from duty_locations where name = 'USCG Sector Mobile');

-- Remove existing associated duty_location_names
-- Delete old duty_location_names
DELETE FROM duty_location_names where name = 'USCG Sector Mobile';
-- Insert new duty_location_names
INSERT INTO duty_location_names (id, name, duty_location_id, created_at, updated_at) VALUES('5600ec27-c418-4a46-a3ce-28e4582f65b2', 'USCG Sector Mobile', '8f79f552-de45-4be0-af10-8df5e72e89a4', now(), now());
-- MERGE
UPDATE orders SET origin_duty_location_id='c4c9b539-debf-4f26-aecf-5f2c4ee509e7' WHERE origin_duty_location_id=(SELECT id from duty_locations where name = 'USCG Training Center Cape May');
UPDATE orders SET new_duty_location_id='c4c9b539-debf-4f26-aecf-5f2c4ee509e7' WHERE new_duty_location_id=(SELECT id from duty_locations where name = 'USCG Training Center Cape May');
UPDATE service_members SET duty_location_id='c4c9b539-debf-4f26-aecf-5f2c4ee509e7' WHERE duty_location_id=(SELECT id from duty_locations where name = 'USCG Training Center Cape May');
UPDATE duty_location_names SET duty_location_id = 'c4c9b539-debf-4f26-aecf-5f2c4ee509e7' WHERE duty_location_id=(SELECT id from duty_locations where name = 'USCG Training Center Cape May');
UPDATE duty_locations SET transportation_office_id=to_id, affiliation=aff FROM (SELECT transportation_office_id as to_id, affiliation as aff FROM duty_locations where id=(SELECT id from duty_locations where name = 'USCG Training Center Cape May')) dl WHERE id='c4c9b539-debf-4f26-aecf-5f2c4ee509e7';
DELETE FROM duty_locations WHERE id=(SELECT id from duty_locations where name = 'USCG Training Center Cape May');

-- Remove existing associated duty_location_names
-- Delete old duty_location_names
DELETE FROM duty_location_names where name = 'USCG Training Center Cape May';
-- Insert new duty_location_names
INSERT INTO duty_location_names (id, name, duty_location_id, created_at, updated_at) VALUES('035a4eb6-3a41-4849-a43f-bb9e0966bae3', 'USCG Training Center Cape May', 'c4c9b539-debf-4f26-aecf-5f2c4ee509e7', now(), now());
-- MERGE
UPDATE orders SET origin_duty_location_id='f55ef88f-cee3-47e0-ba3b-29115ada24d5' WHERE origin_duty_location_id=(SELECT id from duty_locations where name = 'USCG Training Center Petaluma');
UPDATE orders SET new_duty_location_id='f55ef88f-cee3-47e0-ba3b-29115ada24d5' WHERE new_duty_location_id=(SELECT id from duty_locations where name = 'USCG Training Center Petaluma');
UPDATE service_members SET duty_location_id='f55ef88f-cee3-47e0-ba3b-29115ada24d5' WHERE duty_location_id=(SELECT id from duty_locations where name = 'USCG Training Center Petaluma');
UPDATE duty_location_names SET duty_location_id = 'f55ef88f-cee3-47e0-ba3b-29115ada24d5' WHERE duty_location_id=(SELECT id from duty_locations where name = 'USCG Training Center Petaluma');
UPDATE duty_locations SET transportation_office_id=to_id, affiliation=aff FROM (SELECT transportation_office_id as to_id, affiliation as aff FROM duty_locations where id=(SELECT id from duty_locations where name = 'USCG Training Center Petaluma')) dl WHERE id='f55ef88f-cee3-47e0-ba3b-29115ada24d5';
DELETE FROM duty_locations WHERE id=(SELECT id from duty_locations where name = 'USCG Training Center Petaluma');

-- Remove existing associated duty_location_names
-- Delete old duty_location_names
DELETE FROM duty_location_names where name = 'USCG Training Center Petaluma';
-- Insert new duty_location_names
INSERT INTO duty_location_names (id, name, duty_location_id, created_at, updated_at) VALUES('0a6b7dc6-0b0f-47fe-80aa-3271203fc1f0', 'USCG Training Center Petaluma', 'f55ef88f-cee3-47e0-ba3b-29115ada24d5', now(), now());
-- MERGE
UPDATE orders SET origin_duty_location_id='0f5442a5-e528-448f-a8e4-77cc8a5f8a0f' WHERE origin_duty_location_id=(SELECT id from duty_locations where name = 'USCG Training Center Yorktown');
UPDATE orders SET new_duty_location_id='0f5442a5-e528-448f-a8e4-77cc8a5f8a0f' WHERE new_duty_location_id=(SELECT id from duty_locations where name = 'USCG Training Center Yorktown');
UPDATE service_members SET duty_location_id='0f5442a5-e528-448f-a8e4-77cc8a5f8a0f' WHERE duty_location_id=(SELECT id from duty_locations where name = 'USCG Training Center Yorktown');
UPDATE duty_location_names SET duty_location_id = '0f5442a5-e528-448f-a8e4-77cc8a5f8a0f' WHERE duty_location_id=(SELECT id from duty_locations where name = 'USCG Training Center Yorktown');
UPDATE duty_locations SET transportation_office_id=to_id, affiliation=aff FROM (SELECT transportation_office_id as to_id, affiliation as aff FROM duty_locations where id=(SELECT id from duty_locations where name = 'USCG Training Center Yorktown')) dl WHERE id='0f5442a5-e528-448f-a8e4-77cc8a5f8a0f';
DELETE FROM duty_locations WHERE id=(SELECT id from duty_locations where name = 'USCG Training Center Yorktown');

-- Remove existing associated duty_location_names
-- Delete old duty_location_names
DELETE FROM duty_location_names where name = 'USCG Training Center Yorktown';
-- Insert new duty_location_names
INSERT INTO duty_location_names (id, name, duty_location_id, created_at, updated_at) VALUES('33378aa5-5f4b-40ed-a3e2-29174104e69f', 'USCG Training Center Yorktown', '0f5442a5-e528-448f-a8e4-77cc8a5f8a0f', now(), now());
-- MERGE
UPDATE orders SET origin_duty_location_id='7a39a6c0-dc6d-4215-ac87-5d534763552e' WHERE origin_duty_location_id=(SELECT id from duty_locations where name = 'USMC Miramar');
UPDATE orders SET new_duty_location_id='7a39a6c0-dc6d-4215-ac87-5d534763552e' WHERE new_duty_location_id=(SELECT id from duty_locations where name = 'USMC Miramar');
UPDATE service_members SET duty_location_id='7a39a6c0-dc6d-4215-ac87-5d534763552e' WHERE duty_location_id=(SELECT id from duty_locations where name = 'USMC Miramar');
UPDATE duty_location_names SET duty_location_id = '7a39a6c0-dc6d-4215-ac87-5d534763552e' WHERE duty_location_id=(SELECT id from duty_locations where name = 'USMC Miramar');
UPDATE duty_locations SET transportation_office_id=to_id, affiliation=aff FROM (SELECT transportation_office_id as to_id, affiliation as aff FROM duty_locations where id=(SELECT id from duty_locations where name = 'USMC Miramar')) dl WHERE id='7a39a6c0-dc6d-4215-ac87-5d534763552e';
DELETE FROM duty_locations WHERE id=(SELECT id from duty_locations where name = 'USMC Miramar');

-- Remove existing associated duty_location_names
-- Delete old duty_location_names
DELETE FROM duty_location_names where name = 'USMC Miramar';
-- Insert new duty_location_names
INSERT INTO duty_location_names (id, name, duty_location_id, created_at, updated_at) VALUES('c7d01445-639a-4890-bb55-436e5cab0433', 'USMC Miramar', '7a39a6c0-dc6d-4215-ac87-5d534763552e', now(), now());
-- MERGE
UPDATE orders SET origin_duty_location_id='2b896908-e329-4129-be53-48cd677aa8a0' WHERE origin_duty_location_id=(SELECT id from duty_locations where name = 'Vance AFB');
UPDATE orders SET new_duty_location_id='2b896908-e329-4129-be53-48cd677aa8a0' WHERE new_duty_location_id=(SELECT id from duty_locations where name = 'Vance AFB');
UPDATE service_members SET duty_location_id='2b896908-e329-4129-be53-48cd677aa8a0' WHERE duty_location_id=(SELECT id from duty_locations where name = 'Vance AFB');
UPDATE duty_location_names SET duty_location_id = '2b896908-e329-4129-be53-48cd677aa8a0' WHERE duty_location_id=(SELECT id from duty_locations where name = 'Vance AFB');
UPDATE duty_locations SET transportation_office_id=to_id, affiliation=aff FROM (SELECT transportation_office_id as to_id, affiliation as aff FROM duty_locations where id=(SELECT id from duty_locations where name = 'Vance AFB')) dl WHERE id='2b896908-e329-4129-be53-48cd677aa8a0';
DELETE FROM duty_locations WHERE id=(SELECT id from duty_locations where name = 'Vance AFB');

-- Remove existing associated duty_location_names
-- Delete old duty_location_names
DELETE FROM duty_location_names where name = 'Vance AFB';
-- Insert new duty_location_names
INSERT INTO duty_location_names (id, name, duty_location_id, created_at, updated_at) VALUES('1ea9d9e4-5cf4-4631-b102-2e37c7768a04', 'Vance AFB', '2b896908-e329-4129-be53-48cd677aa8a0', now(), now());
-- MERGE
UPDATE orders SET origin_duty_location_id='2fc79f95-705a-47ee-87d3-0f604e662bd7' WHERE origin_duty_location_id=(SELECT id from duty_locations where name = 'Washington Navy Yard');
UPDATE orders SET new_duty_location_id='2fc79f95-705a-47ee-87d3-0f604e662bd7' WHERE new_duty_location_id=(SELECT id from duty_locations where name = 'Washington Navy Yard');
UPDATE service_members SET duty_location_id='2fc79f95-705a-47ee-87d3-0f604e662bd7' WHERE duty_location_id=(SELECT id from duty_locations where name = 'Washington Navy Yard');
UPDATE duty_location_names SET duty_location_id = '2fc79f95-705a-47ee-87d3-0f604e662bd7' WHERE duty_location_id=(SELECT id from duty_locations where name = 'Washington Navy Yard');
UPDATE duty_locations SET transportation_office_id=to_id, affiliation=aff FROM (SELECT transportation_office_id as to_id, affiliation as aff FROM duty_locations where id=(SELECT id from duty_locations where name = 'Washington Navy Yard')) dl WHERE id='2fc79f95-705a-47ee-87d3-0f604e662bd7';
DELETE FROM duty_locations WHERE id=(SELECT id from duty_locations where name = 'Washington Navy Yard');

-- Remove existing associated duty_location_names
-- Delete old duty_location_names
DELETE FROM duty_location_names where name = 'Washington Navy Yard';
-- Insert new duty_location_names
INSERT INTO duty_location_names (id, name, duty_location_id, created_at, updated_at) VALUES('dd47917f-fd7f-4c46-9a28-da4c479e0f9b', 'Washington Navy Yard', '2fc79f95-705a-47ee-87d3-0f604e662bd7', now(), now());
-- MERGE
UPDATE orders SET origin_duty_location_id='9ae746f5-b80e-4bf5-b836-5a8b4e7276c9' WHERE origin_duty_location_id=(SELECT id from duty_locations where name = 'West Point');
UPDATE orders SET new_duty_location_id='9ae746f5-b80e-4bf5-b836-5a8b4e7276c9' WHERE new_duty_location_id=(SELECT id from duty_locations where name = 'West Point');
UPDATE service_members SET duty_location_id='9ae746f5-b80e-4bf5-b836-5a8b4e7276c9' WHERE duty_location_id=(SELECT id from duty_locations where name = 'West Point');
UPDATE duty_location_names SET duty_location_id = '9ae746f5-b80e-4bf5-b836-5a8b4e7276c9' WHERE duty_location_id=(SELECT id from duty_locations where name = 'West Point');
UPDATE duty_locations SET transportation_office_id=to_id, affiliation=aff FROM (SELECT transportation_office_id as to_id, affiliation as aff FROM duty_locations where id=(SELECT id from duty_locations where name = 'West Point')) dl WHERE id='9ae746f5-b80e-4bf5-b836-5a8b4e7276c9';
DELETE FROM duty_locations WHERE id=(SELECT id from duty_locations where name = 'West Point');

-- Remove existing associated duty_location_names
-- Delete old duty_location_names
DELETE FROM duty_location_names where name = 'West Point';
-- Insert new duty_location_names
INSERT INTO duty_location_names (id, name, duty_location_id, created_at, updated_at) VALUES('a390b216-d015-447b-9961-a14bf3b7c11a', 'West Point', '9ae746f5-b80e-4bf5-b836-5a8b4e7276c9', now(), now());
-- MERGE
UPDATE orders SET origin_duty_location_id='6d615a54-9681-4ca4-8dd0-ba94cf86ce64' WHERE origin_duty_location_id=(SELECT id from duty_locations where name = 'Whiteman AFB');
UPDATE orders SET new_duty_location_id='6d615a54-9681-4ca4-8dd0-ba94cf86ce64' WHERE new_duty_location_id=(SELECT id from duty_locations where name = 'Whiteman AFB');
UPDATE service_members SET duty_location_id='6d615a54-9681-4ca4-8dd0-ba94cf86ce64' WHERE duty_location_id=(SELECT id from duty_locations where name = 'Whiteman AFB');
UPDATE duty_location_names SET duty_location_id = '6d615a54-9681-4ca4-8dd0-ba94cf86ce64' WHERE duty_location_id=(SELECT id from duty_locations where name = 'Whiteman AFB');
UPDATE duty_locations SET transportation_office_id=to_id, affiliation=aff FROM (SELECT transportation_office_id as to_id, affiliation as aff FROM duty_locations where id=(SELECT id from duty_locations where name = 'Whiteman AFB')) dl WHERE id='6d615a54-9681-4ca4-8dd0-ba94cf86ce64';
DELETE FROM duty_locations WHERE id=(SELECT id from duty_locations where name = 'Whiteman AFB');

-- Remove existing associated duty_location_names
-- Delete old duty_location_names
DELETE FROM duty_location_names where name = 'Whiteman AFB';
-- Insert new duty_location_names
INSERT INTO duty_location_names (id, name, duty_location_id, created_at, updated_at) VALUES('6875e823-c4b6-4ed8-bf2e-bf51965d187d', 'Whiteman AFB', '6d615a54-9681-4ca4-8dd0-ba94cf86ce64', now(), now());
-- MERGE
UPDATE orders SET origin_duty_location_id='6f70b48a-5a63-4f6a-a7bf-fc54ab4a0ac9' WHERE origin_duty_location_id=(SELECT id from duty_locations where name = 'White Sands Missile Range');
UPDATE orders SET new_duty_location_id='6f70b48a-5a63-4f6a-a7bf-fc54ab4a0ac9' WHERE new_duty_location_id=(SELECT id from duty_locations where name = 'White Sands Missile Range');
UPDATE service_members SET duty_location_id='6f70b48a-5a63-4f6a-a7bf-fc54ab4a0ac9' WHERE duty_location_id=(SELECT id from duty_locations where name = 'White Sands Missile Range');
UPDATE duty_location_names SET duty_location_id = '6f70b48a-5a63-4f6a-a7bf-fc54ab4a0ac9' WHERE duty_location_id=(SELECT id from duty_locations where name = 'White Sands Missile Range');
UPDATE duty_locations SET transportation_office_id=to_id, affiliation=aff FROM (SELECT transportation_office_id as to_id, affiliation as aff FROM duty_locations where id=(SELECT id from duty_locations where name = 'White Sands Missile Range')) dl WHERE id='6f70b48a-5a63-4f6a-a7bf-fc54ab4a0ac9';
DELETE FROM duty_locations WHERE id=(SELECT id from duty_locations where name = 'White Sands Missile Range');

-- Remove existing associated duty_location_names
-- Delete old duty_location_names
DELETE FROM duty_location_names where name = 'White Sands Missile Range';
-- Insert new duty_location_names
INSERT INTO duty_location_names (id, name, duty_location_id, created_at, updated_at) VALUES('1b3bb197-05fe-4832-9ea4-b1fd7a312e11', 'White Sands Missile Range', '6f70b48a-5a63-4f6a-a7bf-fc54ab4a0ac9', now(), now());
-- MERGE
UPDATE orders SET origin_duty_location_id='9f3c96ca-0c83-4481-a4e4-a29c818ed4de' WHERE origin_duty_location_id=(SELECT id from duty_locations where name = 'Wright-Patterson AFB');
UPDATE orders SET new_duty_location_id='9f3c96ca-0c83-4481-a4e4-a29c818ed4de' WHERE new_duty_location_id=(SELECT id from duty_locations where name = 'Wright-Patterson AFB');
UPDATE service_members SET duty_location_id='9f3c96ca-0c83-4481-a4e4-a29c818ed4de' WHERE duty_location_id=(SELECT id from duty_locations where name = 'Wright-Patterson AFB');
UPDATE duty_location_names SET duty_location_id = '9f3c96ca-0c83-4481-a4e4-a29c818ed4de' WHERE duty_location_id=(SELECT id from duty_locations where name = 'Wright-Patterson AFB');
UPDATE duty_locations SET transportation_office_id=to_id, affiliation=aff FROM (SELECT transportation_office_id as to_id, affiliation as aff FROM duty_locations where id=(SELECT id from duty_locations where name = 'Wright-Patterson AFB')) dl WHERE id='9f3c96ca-0c83-4481-a4e4-a29c818ed4de';
DELETE FROM duty_locations WHERE id=(SELECT id from duty_locations where name = 'Wright-Patterson AFB');

-- Remove existing associated duty_location_names
-- Delete old duty_location_names
DELETE FROM duty_location_names where name = 'Wright-Patterson AFB';
-- Insert new duty_location_names
INSERT INTO duty_location_names (id, name, duty_location_id, created_at, updated_at) VALUES('9f5d66c5-576b-4314-bc10-075516989256', 'Wright-Patterson AFB', '9f3c96ca-0c83-4481-a4e4-a29c818ed4de', now(), now());
-- MERGE
UPDATE orders SET origin_duty_location_id='ac4756be-73bc-4fb9-b9ed-b011094e4727' WHERE origin_duty_location_id=(SELECT id from duty_locations where name = 'Ellington Field ANGB');
UPDATE orders SET new_duty_location_id='ac4756be-73bc-4fb9-b9ed-b011094e4727' WHERE new_duty_location_id=(SELECT id from duty_locations where name = 'Ellington Field ANGB');
UPDATE service_members SET duty_location_id='ac4756be-73bc-4fb9-b9ed-b011094e4727' WHERE duty_location_id=(SELECT id from duty_locations where name = 'Ellington Field ANGB');
UPDATE duty_location_names SET duty_location_id = 'ac4756be-73bc-4fb9-b9ed-b011094e4727' WHERE duty_location_id=(SELECT id from duty_locations where name = 'Ellington Field ANGB');
UPDATE duty_locations SET transportation_office_id=to_id, affiliation=aff FROM (SELECT transportation_office_id as to_id, affiliation as aff FROM duty_locations where id=(SELECT id from duty_locations where name = 'Ellington Field ANGB')) dl WHERE id='ac4756be-73bc-4fb9-b9ed-b011094e4727';
DELETE FROM duty_locations WHERE id=(SELECT id from duty_locations where name = 'Ellington Field ANGB');

-- Remove existing associated duty_location_names
-- Delete old duty_location_names
DELETE FROM duty_location_names where name = 'Ellington Field ANGB';
-- Insert new duty_location_names
INSERT INTO duty_location_names (id, name, duty_location_id, created_at, updated_at) VALUES('c7e135b5-8a37-43e3-bafe-d595f1758f90', 'Ellington Field ANGB', 'ac4756be-73bc-4fb9-b9ed-b011094e4727', now(), now());
-- MERGE
UPDATE orders SET origin_duty_location_id='772a2408-23ef-4873-b8d1-aecff3c571eb' WHERE origin_duty_location_id=(SELECT id from duty_locations where name = 'JB Langley-Eustis');
UPDATE orders SET new_duty_location_id='772a2408-23ef-4873-b8d1-aecff3c571eb' WHERE new_duty_location_id=(SELECT id from duty_locations where name = 'JB Langley-Eustis');
UPDATE service_members SET duty_location_id='772a2408-23ef-4873-b8d1-aecff3c571eb' WHERE duty_location_id=(SELECT id from duty_locations where name = 'JB Langley-Eustis');
UPDATE duty_location_names SET duty_location_id = '772a2408-23ef-4873-b8d1-aecff3c571eb' WHERE duty_location_id=(SELECT id from duty_locations where name = 'JB Langley-Eustis');
UPDATE duty_locations SET transportation_office_id=to_id, affiliation=aff FROM (SELECT transportation_office_id as to_id, affiliation as aff FROM duty_locations where id=(SELECT id from duty_locations where name = 'JB Langley-Eustis')) dl WHERE id='772a2408-23ef-4873-b8d1-aecff3c571eb';
DELETE FROM duty_locations WHERE id=(SELECT id from duty_locations where name = 'JB Langley-Eustis');

-- Remove existing associated duty_location_names
-- Delete old duty_location_names
DELETE FROM duty_location_names where name = 'JB Langley-Eustis';
-- Insert new duty_location_names
INSERT INTO duty_location_names (id, name, duty_location_id, created_at, updated_at) VALUES('2e1c731c-5390-47db-83ce-751555230657', 'JB Langley-Eustis', '772a2408-23ef-4873-b8d1-aecff3c571eb', now(), now());
-- MERGE
UPDATE orders SET origin_duty_location_id='a702b3e5-b12b-47ce-bb79-870fff5a3699' WHERE origin_duty_location_id=(SELECT id from duty_locations where name = 'JB McGuire-Dix-Lakehurst');
UPDATE orders SET new_duty_location_id='a702b3e5-b12b-47ce-bb79-870fff5a3699' WHERE new_duty_location_id=(SELECT id from duty_locations where name = 'JB McGuire-Dix-Lakehurst');
UPDATE service_members SET duty_location_id='a702b3e5-b12b-47ce-bb79-870fff5a3699' WHERE duty_location_id=(SELECT id from duty_locations where name = 'JB McGuire-Dix-Lakehurst');
UPDATE duty_location_names SET duty_location_id = 'a702b3e5-b12b-47ce-bb79-870fff5a3699' WHERE duty_location_id=(SELECT id from duty_locations where name = 'JB McGuire-Dix-Lakehurst');
UPDATE duty_locations SET transportation_office_id=to_id, affiliation=aff FROM (SELECT transportation_office_id as to_id, affiliation as aff FROM duty_locations where id=(SELECT id from duty_locations where name = 'JB McGuire-Dix-Lakehurst')) dl WHERE id='a702b3e5-b12b-47ce-bb79-870fff5a3699';
DELETE FROM duty_locations WHERE id=(SELECT id from duty_locations where name = 'JB McGuire-Dix-Lakehurst');

-- Remove existing associated duty_location_names
-- Delete old duty_location_names
DELETE FROM duty_location_names where name = 'JB McGuire-Dix-Lakehurst';
-- Insert new duty_location_names
INSERT INTO duty_location_names (id, name, duty_location_id, created_at, updated_at) VALUES('56829052-23fd-4e13-ab26-5ca3cec462c5', 'JB McGuire-Dix-Lakehurst', 'a702b3e5-b12b-47ce-bb79-870fff5a3699', now(), now());
-- MERGE
UPDATE orders SET origin_duty_location_id='6d0e4437-e506-4e22-bf5b-1045ab43009f' WHERE origin_duty_location_id=(SELECT id from duty_locations where name = 'JB Myer-Henderson Hall');
UPDATE orders SET new_duty_location_id='6d0e4437-e506-4e22-bf5b-1045ab43009f' WHERE new_duty_location_id=(SELECT id from duty_locations where name = 'JB Myer-Henderson Hall');
UPDATE service_members SET duty_location_id='6d0e4437-e506-4e22-bf5b-1045ab43009f' WHERE duty_location_id=(SELECT id from duty_locations where name = 'JB Myer-Henderson Hall');
UPDATE duty_location_names SET duty_location_id = '6d0e4437-e506-4e22-bf5b-1045ab43009f' WHERE duty_location_id=(SELECT id from duty_locations where name = 'JB Myer-Henderson Hall');
UPDATE duty_locations SET transportation_office_id=to_id, affiliation=aff FROM (SELECT transportation_office_id as to_id, affiliation as aff FROM duty_locations where id=(SELECT id from duty_locations where name = 'JB Myer-Henderson Hall')) dl WHERE id='6d0e4437-e506-4e22-bf5b-1045ab43009f';
DELETE FROM duty_locations WHERE id=(SELECT id from duty_locations where name = 'JB Myer-Henderson Hall');

-- Remove existing associated duty_location_names
-- Delete old duty_location_names
DELETE FROM duty_location_names where name = 'JB Myer-Henderson Hall';
-- Insert new duty_location_names
INSERT INTO duty_location_names (id, name, duty_location_id, created_at, updated_at) VALUES('4424314f-c8e6-48a0-84e5-1dc99eb1b62a', 'JB Myer-Henderson Hall', '6d0e4437-e506-4e22-bf5b-1045ab43009f', now(), now());
-- MERGE
UPDATE orders SET origin_duty_location_id='e1f8cbd8-ed1f-49b5-978f-98944a4b2552' WHERE origin_duty_location_id=(SELECT id from duty_locations where name = 'Los Angeles AFB');
UPDATE orders SET new_duty_location_id='e1f8cbd8-ed1f-49b5-978f-98944a4b2552' WHERE new_duty_location_id=(SELECT id from duty_locations where name = 'Los Angeles AFB');
UPDATE service_members SET duty_location_id='e1f8cbd8-ed1f-49b5-978f-98944a4b2552' WHERE duty_location_id=(SELECT id from duty_locations where name = 'Los Angeles AFB');
UPDATE duty_location_names SET duty_location_id = 'e1f8cbd8-ed1f-49b5-978f-98944a4b2552' WHERE duty_location_id=(SELECT id from duty_locations where name = 'Los Angeles AFB');
UPDATE duty_locations SET transportation_office_id=to_id, affiliation=aff FROM (SELECT transportation_office_id as to_id, affiliation as aff FROM duty_locations where id=(SELECT id from duty_locations where name = 'Los Angeles AFB')) dl WHERE id='e1f8cbd8-ed1f-49b5-978f-98944a4b2552';
DELETE FROM duty_locations WHERE id=(SELECT id from duty_locations where name = 'Los Angeles AFB');

-- Remove existing associated duty_location_names
-- Delete old duty_location_names
DELETE FROM duty_location_names where name = 'Los Angeles AFB';
-- Insert new duty_location_names
INSERT INTO duty_location_names (id, name, duty_location_id, created_at, updated_at) VALUES('a9232c4e-cae2-4b42-8167-457aa3187f36', 'Los Angeles AFB', 'e1f8cbd8-ed1f-49b5-978f-98944a4b2552', now(), now());
-- MERGE
UPDATE orders SET origin_duty_location_id='d86d7760-9aba-41de-875a-85f577007c79' WHERE origin_duty_location_id=(SELECT id from duty_locations where name = 'MEPS');
UPDATE orders SET new_duty_location_id='d86d7760-9aba-41de-875a-85f577007c79' WHERE new_duty_location_id=(SELECT id from duty_locations where name = 'MEPS');
UPDATE service_members SET duty_location_id='d86d7760-9aba-41de-875a-85f577007c79' WHERE duty_location_id=(SELECT id from duty_locations where name = 'MEPS');
UPDATE duty_location_names SET duty_location_id = 'd86d7760-9aba-41de-875a-85f577007c79' WHERE duty_location_id=(SELECT id from duty_locations where name = 'MEPS');
UPDATE duty_locations SET transportation_office_id=to_id, affiliation=aff FROM (SELECT transportation_office_id as to_id, affiliation as aff FROM duty_locations where id=(SELECT id from duty_locations where name = 'MEPS')) dl WHERE id='d86d7760-9aba-41de-875a-85f577007c79';
DELETE FROM duty_locations WHERE id=(SELECT id from duty_locations where name = 'MEPS');

-- Remove existing associated duty_location_names
-- Delete old duty_location_names
DELETE FROM duty_location_names where name = 'MEPS';
-- Insert new duty_location_names
INSERT INTO duty_location_names (id, name, duty_location_id, created_at, updated_at) VALUES('c9f1ef00-c8b4-4db4-8172-aac3a8ad2a61', 'MEPS', 'd86d7760-9aba-41de-875a-85f577007c79', now(), now());
-- MERGE
UPDATE orders SET origin_duty_location_id='df9efc27-35bc-4262-a073-70e8910461ea' WHERE origin_duty_location_id=(SELECT id from duty_locations where name = 'Naval Postgraduate School');
UPDATE orders SET new_duty_location_id='df9efc27-35bc-4262-a073-70e8910461ea' WHERE new_duty_location_id=(SELECT id from duty_locations where name = 'Naval Postgraduate School');
UPDATE service_members SET duty_location_id='df9efc27-35bc-4262-a073-70e8910461ea' WHERE duty_location_id=(SELECT id from duty_locations where name = 'Naval Postgraduate School');
UPDATE duty_location_names SET duty_location_id = 'df9efc27-35bc-4262-a073-70e8910461ea' WHERE duty_location_id=(SELECT id from duty_locations where name = 'Naval Postgraduate School');
UPDATE duty_locations SET transportation_office_id=to_id, affiliation=aff FROM (SELECT transportation_office_id as to_id, affiliation as aff FROM duty_locations where id=(SELECT id from duty_locations where name = 'Naval Postgraduate School')) dl WHERE id='df9efc27-35bc-4262-a073-70e8910461ea';
DELETE FROM duty_locations WHERE id=(SELECT id from duty_locations where name = 'Naval Postgraduate School');

-- Remove existing associated duty_location_names
-- Delete old duty_location_names
DELETE FROM duty_location_names where name = 'Naval Postgraduate School';
-- Insert new duty_location_names
INSERT INTO duty_location_names (id, name, duty_location_id, created_at, updated_at) VALUES('1c6eccb4-f96e-46a1-b8fb-3170e6e8e314', 'Naval Postgraduate School', 'df9efc27-35bc-4262-a073-70e8910461ea', now(), now());
-- MERGE
UPDATE orders SET origin_duty_location_id='c92e7b3d-25fb-42ae-aa6f-857fa2662c31' WHERE origin_duty_location_id=(SELECT id from duty_locations where name = 'NB Ventura County');
UPDATE orders SET new_duty_location_id='c92e7b3d-25fb-42ae-aa6f-857fa2662c31' WHERE new_duty_location_id=(SELECT id from duty_locations where name = 'NB Ventura County');
UPDATE service_members SET duty_location_id='c92e7b3d-25fb-42ae-aa6f-857fa2662c31' WHERE duty_location_id=(SELECT id from duty_locations where name = 'NB Ventura County');
UPDATE duty_location_names SET duty_location_id = 'c92e7b3d-25fb-42ae-aa6f-857fa2662c31' WHERE duty_location_id=(SELECT id from duty_locations where name = 'NB Ventura County');
UPDATE duty_locations SET transportation_office_id=to_id, affiliation=aff FROM (SELECT transportation_office_id as to_id, affiliation as aff FROM duty_locations where id=(SELECT id from duty_locations where name = 'NB Ventura County')) dl WHERE id='c92e7b3d-25fb-42ae-aa6f-857fa2662c31';
DELETE FROM duty_locations WHERE id=(SELECT id from duty_locations where name = 'NB Ventura County');

-- Remove existing associated duty_location_names
-- Delete old duty_location_names
DELETE FROM duty_location_names where name = 'NB Ventura County';
-- Insert new duty_location_names
INSERT INTO duty_location_names (id, name, duty_location_id, created_at, updated_at) VALUES('bf18b3fc-54c9-48d3-884e-8d8e4cef7e19', 'NB Ventura County', 'c92e7b3d-25fb-42ae-aa6f-857fa2662c31', now(), now());
-- MERGE
UPDATE orders SET origin_duty_location_id='3c95c3e4-4b6c-40f9-8abc-213454e612b7' WHERE origin_duty_location_id=(SELECT id from duty_locations where name = 'NSA Panama City');
UPDATE orders SET new_duty_location_id='3c95c3e4-4b6c-40f9-8abc-213454e612b7' WHERE new_duty_location_id=(SELECT id from duty_locations where name = 'NSA Panama City');
UPDATE service_members SET duty_location_id='3c95c3e4-4b6c-40f9-8abc-213454e612b7' WHERE duty_location_id=(SELECT id from duty_locations where name = 'NSA Panama City');
UPDATE duty_location_names SET duty_location_id = '3c95c3e4-4b6c-40f9-8abc-213454e612b7' WHERE duty_location_id=(SELECT id from duty_locations where name = 'NSA Panama City');
UPDATE duty_locations SET transportation_office_id=to_id, affiliation=aff FROM (SELECT transportation_office_id as to_id, affiliation as aff FROM duty_locations where id=(SELECT id from duty_locations where name = 'NSA Panama City')) dl WHERE id='3c95c3e4-4b6c-40f9-8abc-213454e612b7';
DELETE FROM duty_locations WHERE id=(SELECT id from duty_locations where name = 'NSA Panama City');

-- Remove existing associated duty_location_names
-- Delete old duty_location_names
DELETE FROM duty_location_names where name = 'NSA Panama City';
-- Insert new duty_location_names
INSERT INTO duty_location_names (id, name, duty_location_id, created_at, updated_at) VALUES('51d1266b-9685-4dc2-875e-0827714c9185', 'NSA Panama City', '3c95c3e4-4b6c-40f9-8abc-213454e612b7', now(), now());
-- MERGE
UPDATE orders SET origin_duty_location_id='e03b3503-33b2-4f59-af5e-77233950e7e5' WHERE origin_duty_location_id=(SELECT id from duty_locations where name = 'NSB New London');
UPDATE orders SET new_duty_location_id='e03b3503-33b2-4f59-af5e-77233950e7e5' WHERE new_duty_location_id=(SELECT id from duty_locations where name = 'NSB New London');
UPDATE service_members SET duty_location_id='e03b3503-33b2-4f59-af5e-77233950e7e5' WHERE duty_location_id=(SELECT id from duty_locations where name = 'NSB New London');
UPDATE duty_location_names SET duty_location_id = 'e03b3503-33b2-4f59-af5e-77233950e7e5' WHERE duty_location_id=(SELECT id from duty_locations where name = 'NSB New London');
UPDATE duty_locations SET transportation_office_id=to_id, affiliation=aff FROM (SELECT transportation_office_id as to_id, affiliation as aff FROM duty_locations where id=(SELECT id from duty_locations where name = 'NSB New London')) dl WHERE id='e03b3503-33b2-4f59-af5e-77233950e7e5';
DELETE FROM duty_locations WHERE id=(SELECT id from duty_locations where name = 'NSB New London');

-- Remove existing associated duty_location_names
-- Delete old duty_location_names
DELETE FROM duty_location_names where name = 'NSB New London';
-- Insert new duty_location_names
INSERT INTO duty_location_names (id, name, duty_location_id, created_at, updated_at) VALUES('c3897be4-461f-4f0e-9b33-bd02bcda0383', 'NSB New London', 'e03b3503-33b2-4f59-af5e-77233950e7e5', now(), now());
-- MERGE
UPDATE orders SET origin_duty_location_id='f25a6aee-c594-48c6-9f46-68a46ad18ba5' WHERE origin_duty_location_id=(SELECT id from duty_locations where name = 'Pine Bluff Arsenal');
UPDATE orders SET new_duty_location_id='f25a6aee-c594-48c6-9f46-68a46ad18ba5' WHERE new_duty_location_id=(SELECT id from duty_locations where name = 'Pine Bluff Arsenal');
UPDATE service_members SET duty_location_id='f25a6aee-c594-48c6-9f46-68a46ad18ba5' WHERE duty_location_id=(SELECT id from duty_locations where name = 'Pine Bluff Arsenal');
UPDATE duty_location_names SET duty_location_id = 'f25a6aee-c594-48c6-9f46-68a46ad18ba5' WHERE duty_location_id=(SELECT id from duty_locations where name = 'Pine Bluff Arsenal');
UPDATE duty_locations SET transportation_office_id=to_id, affiliation=aff FROM (SELECT transportation_office_id as to_id, affiliation as aff FROM duty_locations where id=(SELECT id from duty_locations where name = 'Pine Bluff Arsenal')) dl WHERE id='f25a6aee-c594-48c6-9f46-68a46ad18ba5';
DELETE FROM duty_locations WHERE id=(SELECT id from duty_locations where name = 'Pine Bluff Arsenal');

-- Remove existing associated duty_location_names
-- Delete old duty_location_names
DELETE FROM duty_location_names where name = 'Pine Bluff Arsenal';
-- Insert new duty_location_names
INSERT INTO duty_location_names (id, name, duty_location_id, created_at, updated_at) VALUES('e34bce44-dbf0-41af-95d1-cea75a013bd0', 'Pine Bluff Arsenal', 'f25a6aee-c594-48c6-9f46-68a46ad18ba5', now(), now());
-- MERGE
UPDATE orders SET origin_duty_location_id='8a41c2a0-38f5-4df8-b720-f8560314310f' WHERE origin_duty_location_id=(SELECT id from duty_locations where name = 'Portsmouth Naval Shipyard');
UPDATE orders SET new_duty_location_id='8a41c2a0-38f5-4df8-b720-f8560314310f' WHERE new_duty_location_id=(SELECT id from duty_locations where name = 'Portsmouth Naval Shipyard');
UPDATE service_members SET duty_location_id='8a41c2a0-38f5-4df8-b720-f8560314310f' WHERE duty_location_id=(SELECT id from duty_locations where name = 'Portsmouth Naval Shipyard');
UPDATE duty_location_names SET duty_location_id = '8a41c2a0-38f5-4df8-b720-f8560314310f' WHERE duty_location_id=(SELECT id from duty_locations where name = 'Portsmouth Naval Shipyard');
UPDATE duty_locations SET transportation_office_id=to_id, affiliation=aff FROM (SELECT transportation_office_id as to_id, affiliation as aff FROM duty_locations where id=(SELECT id from duty_locations where name = 'Portsmouth Naval Shipyard')) dl WHERE id='8a41c2a0-38f5-4df8-b720-f8560314310f';
DELETE FROM duty_locations WHERE id=(SELECT id from duty_locations where name = 'Portsmouth Naval Shipyard');

-- Remove existing associated duty_location_names
-- Delete old duty_location_names
DELETE FROM duty_location_names where name = 'Portsmouth Naval Shipyard';
-- Insert new duty_location_names
INSERT INTO duty_location_names (id, name, duty_location_id, created_at, updated_at) VALUES('492371ca-03ba-4b86-81e7-97cd14a30f76', 'Portsmouth Naval Shipyard', '8a41c2a0-38f5-4df8-b720-f8560314310f', now(), now());
-- MERGE
UPDATE orders SET origin_duty_location_id='626b2f46-1092-47d7-be03-8c2168a0384a' WHERE origin_duty_location_id=(SELECT id from duty_locations where name = 'The Pentagon');
UPDATE orders SET new_duty_location_id='626b2f46-1092-47d7-be03-8c2168a0384a' WHERE new_duty_location_id=(SELECT id from duty_locations where name = 'The Pentagon');
UPDATE service_members SET duty_location_id='626b2f46-1092-47d7-be03-8c2168a0384a' WHERE duty_location_id=(SELECT id from duty_locations where name = 'The Pentagon');
UPDATE duty_location_names SET duty_location_id = '626b2f46-1092-47d7-be03-8c2168a0384a' WHERE duty_location_id=(SELECT id from duty_locations where name = 'The Pentagon');
UPDATE duty_locations SET transportation_office_id=to_id, affiliation=aff FROM (SELECT transportation_office_id as to_id, affiliation as aff FROM duty_locations where id=(SELECT id from duty_locations where name = 'The Pentagon')) dl WHERE id='626b2f46-1092-47d7-be03-8c2168a0384a';
DELETE FROM duty_locations WHERE id=(SELECT id from duty_locations where name = 'The Pentagon');

-- Remove existing associated duty_location_names
-- Delete old duty_location_names
DELETE FROM duty_location_names where name = 'The Pentagon';
-- Insert new duty_location_names
INSERT INTO duty_location_names (id, name, duty_location_id, created_at, updated_at) VALUES('ab5fbf99-30aa-497f-b0fb-17d4577cbb70', 'The Pentagon', '626b2f46-1092-47d7-be03-8c2168a0384a', now(), now());
-- MERGE
UPDATE orders SET origin_duty_location_id='9c178d28-c6a3-4102-baaa-5945cf9ab063' WHERE origin_duty_location_id=(SELECT id from duty_locations where name = 'US Army Garrison-Miami Southern Command');
UPDATE orders SET new_duty_location_id='9c178d28-c6a3-4102-baaa-5945cf9ab063' WHERE new_duty_location_id=(SELECT id from duty_locations where name = 'US Army Garrison-Miami Southern Command');
UPDATE service_members SET duty_location_id='9c178d28-c6a3-4102-baaa-5945cf9ab063' WHERE duty_location_id=(SELECT id from duty_locations where name = 'US Army Garrison-Miami Southern Command');
UPDATE duty_location_names SET duty_location_id = '9c178d28-c6a3-4102-baaa-5945cf9ab063' WHERE duty_location_id=(SELECT id from duty_locations where name = 'US Army Garrison-Miami Southern Command');
UPDATE duty_locations SET transportation_office_id=to_id, affiliation=aff FROM (SELECT transportation_office_id as to_id, affiliation as aff FROM duty_locations where id=(SELECT id from duty_locations where name = 'US Army Garrison-Miami Southern Command')) dl WHERE id='9c178d28-c6a3-4102-baaa-5945cf9ab063';
DELETE FROM duty_locations WHERE id=(SELECT id from duty_locations where name = 'US Army Garrison-Miami Southern Command');

-- Remove existing associated duty_location_names
-- Delete old duty_location_names
DELETE FROM duty_location_names where name = 'US Army Garrison-Miami Southern Command';
-- Insert new duty_location_names
INSERT INTO duty_location_names (id, name, duty_location_id, created_at, updated_at) VALUES('6b8ae735-d65a-4ab5-a670-419226e59966', 'US Army Garrison-Miami Southern Command', '9c178d28-c6a3-4102-baaa-5945cf9ab063', now(), now());
-- MERGE
UPDATE orders SET origin_duty_location_id='9e372e6c-86d9-444c-b3dd-67adec47d0fb' WHERE origin_duty_location_id=(SELECT id from duty_locations where name = 'USCG Base Cape Cod');
UPDATE orders SET new_duty_location_id='9e372e6c-86d9-444c-b3dd-67adec47d0fb' WHERE new_duty_location_id=(SELECT id from duty_locations where name = 'USCG Base Cape Cod');
UPDATE service_members SET duty_location_id='9e372e6c-86d9-444c-b3dd-67adec47d0fb' WHERE duty_location_id=(SELECT id from duty_locations where name = 'USCG Base Cape Cod');
UPDATE duty_location_names SET duty_location_id = '9e372e6c-86d9-444c-b3dd-67adec47d0fb' WHERE duty_location_id=(SELECT id from duty_locations where name = 'USCG Base Cape Cod');
UPDATE duty_locations SET transportation_office_id=to_id, affiliation=aff FROM (SELECT transportation_office_id as to_id, affiliation as aff FROM duty_locations where id=(SELECT id from duty_locations where name = 'USCG Base Cape Cod')) dl WHERE id='9e372e6c-86d9-444c-b3dd-67adec47d0fb';
DELETE FROM duty_locations WHERE id=(SELECT id from duty_locations where name = 'USCG Base Cape Cod');

-- Remove existing associated duty_location_names
-- Delete old duty_location_names
DELETE FROM duty_location_names where name = 'USCG Base Cape Cod';
-- Insert new duty_location_names
INSERT INTO duty_location_names (id, name, duty_location_id, created_at, updated_at) VALUES('bb212b74-ae03-4339-bf36-4d574643a7bc', 'USCG Base Cape Cod', '9e372e6c-86d9-444c-b3dd-67adec47d0fb', now(), now());
-- MERGE
UPDATE orders SET origin_duty_location_id='ff41e7c2-0f8c-4c16-9fe6-3bebed9e1e1e' WHERE origin_duty_location_id=(SELECT id from duty_locations where name = 'USCG Base National Capital Region');
UPDATE orders SET new_duty_location_id='ff41e7c2-0f8c-4c16-9fe6-3bebed9e1e1e' WHERE new_duty_location_id=(SELECT id from duty_locations where name = 'USCG Base National Capital Region');
UPDATE service_members SET duty_location_id='ff41e7c2-0f8c-4c16-9fe6-3bebed9e1e1e' WHERE duty_location_id=(SELECT id from duty_locations where name = 'USCG Base National Capital Region');
UPDATE duty_location_names SET duty_location_id = 'ff41e7c2-0f8c-4c16-9fe6-3bebed9e1e1e' WHERE duty_location_id=(SELECT id from duty_locations where name = 'USCG Base National Capital Region');
UPDATE duty_locations SET transportation_office_id=to_id, affiliation=aff FROM (SELECT transportation_office_id as to_id, affiliation as aff FROM duty_locations where id=(SELECT id from duty_locations where name = 'USCG Base National Capital Region')) dl WHERE id='ff41e7c2-0f8c-4c16-9fe6-3bebed9e1e1e';
DELETE FROM duty_locations WHERE id=(SELECT id from duty_locations where name = 'USCG Base National Capital Region');

-- Remove existing associated duty_location_names
-- Delete old duty_location_names
DELETE FROM duty_location_names where name = 'USCG Base National Capital Region';
-- Insert new duty_location_names
INSERT INTO duty_location_names (id, name, duty_location_id, created_at, updated_at) VALUES('bc6f7944-c134-420f-9440-0810e62ed5f4', 'USCG Base National Capital Region', 'ff41e7c2-0f8c-4c16-9fe6-3bebed9e1e1e', now(), now());
-- MERGE
UPDATE orders SET origin_duty_location_id='09a6084a-ff6c-42cf-9468-5dc1624e8dd0' WHERE origin_duty_location_id=(SELECT id from duty_locations where name = 'USCG Sector New York');
UPDATE orders SET new_duty_location_id='09a6084a-ff6c-42cf-9468-5dc1624e8dd0' WHERE new_duty_location_id=(SELECT id from duty_locations where name = 'USCG Sector New York');
UPDATE service_members SET duty_location_id='09a6084a-ff6c-42cf-9468-5dc1624e8dd0' WHERE duty_location_id=(SELECT id from duty_locations where name = 'USCG Sector New York');
UPDATE duty_location_names SET duty_location_id = '09a6084a-ff6c-42cf-9468-5dc1624e8dd0' WHERE duty_location_id=(SELECT id from duty_locations where name = 'USCG Sector New York');
UPDATE duty_locations SET transportation_office_id=to_id, affiliation=aff FROM (SELECT transportation_office_id as to_id, affiliation as aff FROM duty_locations where id=(SELECT id from duty_locations where name = 'USCG Sector New York')) dl WHERE id='09a6084a-ff6c-42cf-9468-5dc1624e8dd0';
DELETE FROM duty_locations WHERE id=(SELECT id from duty_locations where name = 'USCG Sector New York');

-- Remove existing associated duty_location_names
-- Delete old duty_location_names
DELETE FROM duty_location_names where name = 'USCG Sector New York';
-- Insert new duty_location_names
INSERT INTO duty_location_names (id, name, duty_location_id, created_at, updated_at) VALUES('0e0d80f4-adb8-4757-8598-afb4a2c53e11', 'USCG Sector New York', '09a6084a-ff6c-42cf-9468-5dc1624e8dd0', now(), now());
-- MERGE
UPDATE orders SET origin_duty_location_id='390ef713-8b82-4bc3-ba86-46225454cde1' WHERE origin_duty_location_id=(SELECT id from duty_locations where name = 'US Naval Academy');
UPDATE orders SET new_duty_location_id='390ef713-8b82-4bc3-ba86-46225454cde1' WHERE new_duty_location_id=(SELECT id from duty_locations where name = 'US Naval Academy');
UPDATE service_members SET duty_location_id='390ef713-8b82-4bc3-ba86-46225454cde1' WHERE duty_location_id=(SELECT id from duty_locations where name = 'US Naval Academy');
UPDATE duty_location_names SET duty_location_id = '390ef713-8b82-4bc3-ba86-46225454cde1' WHERE duty_location_id=(SELECT id from duty_locations where name = 'US Naval Academy');
UPDATE duty_locations SET transportation_office_id=to_id, affiliation=aff FROM (SELECT transportation_office_id as to_id, affiliation as aff FROM duty_locations where id=(SELECT id from duty_locations where name = 'US Naval Academy')) dl WHERE id='390ef713-8b82-4bc3-ba86-46225454cde1';
DELETE FROM duty_locations WHERE id=(SELECT id from duty_locations where name = 'US Naval Academy');

-- Remove existing associated duty_location_names
-- Delete old duty_location_names
DELETE FROM duty_location_names where name = 'US Naval Academy';
-- Insert new duty_location_names
INSERT INTO duty_location_names (id, name, duty_location_id, created_at, updated_at) VALUES('2fc7a067-8c69-490b-a634-3d6b6ccbc0b4', 'US Naval Academy', '390ef713-8b82-4bc3-ba86-46225454cde1', now(), now());
-- MERGE
UPDATE orders SET origin_duty_location_id='892a8b54-2a79-4609-9c3c-5bc2c9658a7f' WHERE origin_duty_location_id=(SELECT id from duty_locations where name = 'Yuma Proving Ground');
UPDATE orders SET new_duty_location_id='892a8b54-2a79-4609-9c3c-5bc2c9658a7f' WHERE new_duty_location_id=(SELECT id from duty_locations where name = 'Yuma Proving Ground');
UPDATE service_members SET duty_location_id='892a8b54-2a79-4609-9c3c-5bc2c9658a7f' WHERE duty_location_id=(SELECT id from duty_locations where name = 'Yuma Proving Ground');
UPDATE duty_location_names SET duty_location_id = '892a8b54-2a79-4609-9c3c-5bc2c9658a7f' WHERE duty_location_id=(SELECT id from duty_locations where name = 'Yuma Proving Ground');
UPDATE duty_locations SET transportation_office_id=to_id, affiliation=aff FROM (SELECT transportation_office_id as to_id, affiliation as aff FROM duty_locations where id=(SELECT id from duty_locations where name = 'Yuma Proving Ground')) dl WHERE id='892a8b54-2a79-4609-9c3c-5bc2c9658a7f';
DELETE FROM duty_locations WHERE id=(SELECT id from duty_locations where name = 'Yuma Proving Ground');

-- Remove existing associated duty_location_names
-- Delete old duty_location_names
DELETE FROM duty_location_names where name = 'Yuma Proving Ground';
-- Insert new duty_location_names
INSERT INTO duty_location_names (id, name, duty_location_id, created_at, updated_at) VALUES('7bbe8444-39bf-4588-9e6c-e4ea1ecf8814', 'Yuma Proving Ground', '892a8b54-2a79-4609-9c3c-5bc2c9658a7f', now(), now());
